instance,scenario,idle_ratio,stage,method,seed,hv,igd_plus,cmin,emin,compromise_c,compromise_e,archive_size,seconds,evaluations
mk01,independent,0.15,ablation,no-adaptive,1000,1.0695602796870598,0.03931705829242977,43,480.9,46,501.6375,7,0.7083324000705034,6000
mk01,independent,0.15,ablation,no-adaptive,1001,1.086430575555589,0.029624911096385674,43,475.275,46,502.9125,12,0.7222173002082855,6000
mk01,independent,0.15,ablation,no-adaptive,1002,1.0743486587194373,0.040461929139192866,43,479.3625,46,506.625,10,0.7821641000919044,6000
mk01,independent,0.15,ablation,no-adaptive,1003,1.0852110271522097,0.031323504124704186,43,479.0125,47,498.1,9,0.7286885001230985,6000
mk01,independent,0.15,ablation,no-adaptive,1004,1.0726568786092845,0.026524654811052026,44,476.5375,46,492.925,6,0.7656966999638826,6000
mk01,independent,0.15,ablation,no-adaptive,1005,1.1147096984902245,0.024720938665178535,42,470.6875,46,501.325,11,0.6579473000019789,6000
mk01,independent,0.15,ablation,no-adaptive,1006,1.1032794940692687,0.03285605744677172,42,477.5,46,503.475,14,0.6920429999008775,6000
mk01,independent,0.15,ablation,no-adaptive,1007,1.0581557577826934,0.027336562429568837,45,471.925,46,496.225,8,0.7187659000046551,6000
mk01,independent,0.15,ablation,no-adaptive,1008,1.1202344086340763,0.022321791271183385,42,472.175,46,501.5625,13,0.7705089000519365,6000
mk01,independent,0.15,ablation,no-adaptive,1009,1.1093705556627724,0.027545557475156555,42,474.85,46,504.925,13,0.730815599905327,6000
mk01,independent,0.15,ablation,no-adaptive,1010,1.0937463814373305,0.027295416440357812,43,471.125,46,504.3,14,0.7077895000111312,6000
mk01,independent,0.15,ablation,no-adaptive,1011,1.1013681507103519,0.03300534028997091,42,478.2875,46,499,10,0.740607500076294,6000
mk01,independent,0.15,ablation,no-adaptive,1012,1.0797011623936703,0.033837761531827826,43,478.55,46,502.575,11,0.6589420998934656,6000
mk01,independent,0.15,ablation,no-adaptive,1013,1.1097075459093542,0.029596593129686054,42,474.075,46,496.525,12,0.6694459998980165,6000
mk01,independent,0.15,ablation,no-adaptive,1014,1.0852022683748759,0.04661476632740114,42,482.85,46,508.725,11,0.776473700068891,6000
mk01,independent,0.15,ablation,no-adaptive,1015,1.1108721663870789,0.028169007024876555,42,474.1875,46,503.7375,12,0.6498084999620914,6000
mk01,independent,0.15,ablation,no-adaptive,1016,1.082101661198617,0.032207607561533264,43,478.3,46,501.6,9,0.6463593000080436,6000
mk01,independent,0.15,ablation,no-adaptive,1017,1.1070509642077762,0.028979654079873463,42,477.2875,46,501.5875,9,0.8254295999649912,6000
mk01,independent,0.15,ablation,no-adaptive,1018,1.0997166015943947,0.034879528239251154,42,476.225,46,503.8125,13,0.7007647999562323,6000
mk01,independent,0.15,ablation,no-adaptive,1019,1.1276845652528913,0.016384311936634498,42,470.9875,46,492.4,10,0.7924146999139339,6000
mk01,independent,0.15,ablation,no-adaptive,1020,1.0983996674633696,0.023997975925991098,43,471.5875,46,502.65,11,0.6094963001087308,6000
mk01,independent,0.15,ablation,no-adaptive,1021,1.0969952940128562,0.02281830193084479,43,471.8875,46,501.9,11,0.7371341998223215,6000
mk01,independent,0.15,ablation,no-adaptive,1022,1.0393865886789093,0.02986149255503925,46,469.3375,46,492.4,5,0.706497099949047,6000
mk01,independent,0.15,ablation,no-adaptive,1023,1.107081397247666,0.03108186219315433,42,475.95,46,504.225,14,0.6702258000150323,6000
mk01,independent,0.15,ablation,no-adaptive,1024,1.0831302979468833,0.023945442789265272,44,468.3875,47,494.275,9,0.7559158999938518,6000
mk01,independent,0.15,ablation,no-adaptive,1025,1.089697451047342,0.04242111802550474,42,479.1,46,501.25,12,0.8063457999378443,6000
mk01,independent,0.15,ablation,no-adaptive,1026,1.092197265480026,0.028112996317900964,43,472.9375,46,504,11,0.8691514998208731,6000
mk01,independent,0.15,ablation,no-adaptive,1027,1.1100905568504031,0.026105879987205982,42,475.6,46,500.9125,10,0.8014909999910742,6000
mk01,independent,0.15,ablation,no-adaptive,1028,1.080194919909146,0.04461045114983481,42,484.5,46,504.3,12,0.7205110001377761,6000
mk01,independent,0.15,ablation,no-adaptive,1029,1.0908545003785577,0.027073664151498467,43,476.65,46,500.8875,11,0.909880300052464,6000
mk01,independent,0.15,ablation,no-critical,1000,1.025265658170158,0.04196549373857707,46,468.4875,46,506.0625,10,0.5382497000973672,6000
mk01,independent,0.15,ablation,no-critical,1001,1.0867304523388908,0.031622425169136194,43,474.7,46,503.9125,12,0.5737483000848442,6000
mk01,independent,0.15,ablation,no-critical,1002,1.0993148854678527,0.0227111718151831,43,472.7,46,503.3125,10,0.66954779997468,6000
mk01,independent,0.15,ablation,no-critical,1003,1.075032882528466,0.02275109282279606,44,476.05,46,493.975,7,0.6608474999666214,6000
mk01,independent,0.15,ablation,no-critical,1004,1.0979839966746339,0.026480937377417677,43,468.7375,46,501.475,10,0.5413059000857174,6000
mk01,independent,0.15,ablation,no-critical,1005,1.0939928148335094,0.02667750961875132,43,471.775,46,504.4,12,0.5746814999729395,6000
mk01,independent,0.15,ablation,no-critical,1006,1.1002220869642674,0.03407285845195019,42,477.4625,46,503.125,11,0.559380300110206,6000
mk01,independent,0.15,ablation,no-critical,1007,1.073013167856772,0.027407094344297948,44,476.3875,47,492.7,6,0.71529720001854,6000
mk01,independent,0.15,ablation,no-critical,1008,1.0929916420480694,0.03700779112812783,42,481.425,46,501.075,10,0.5144056000281125,6000
mk01,independent,0.15,ablation,no-critical,1009,1.0829380502070933,0.020617192178413887,44,470.95,46,492.925,6,0.6236270000226796,6000
mk01,independent,0.15,ablation,no-critical,1010,1.0940336396431172,0.02507508599721754,43,475.7125,46,494.05,10,0.5747839000541717,6000
mk01,independent,0.15,ablation,no-critical,1011,1.1110013212392928,0.029251212260668794,42,474.6625,46,499,11,0.6398113998584449,6000
mk01,independent,0.15,ablation,no-critical,1012,1.0380037410370986,0.034240206431830685,46,465.875,46,499.4125,11,0.6866335000377148,6000
mk01,independent,0.15,ablation,no-critical,1013,1.0592431822567958,0.02676447526286455,45,470.3875,46,496.3,7,0.4159716998692602,6000
mk01,independent,0.15,ablation,no-critical,1014,1.083827437241134,0.031754144224267894,43,478.5625,46,498.925,8,0.5341966999694705,6000
mk01,independent,0.15,ablation,no-critical,1015,1.110745980611927,0.025307063299373413,42,473.4125,46,503.1,10,0.6047068000771105,6000
mk01,independent,0.15,ablation,no-critical,1016,1.0419839372930926,0.03860025052804924,45,473.9125,47,495.625,7,0.6172336998861283,6000
mk01,independent,0.15,ablation,no-critical,1017,1.0627854396460865,0.03664459678521441,44,476.575,46,507.3,11,0.5817368999123573,6000
mk01,independent,0.15,ablation,no-critical,1018,1.0873005151348705,0.031043499767953505,43,472.925,46,505.2,10,0.6068413998000324,6000
mk01,independent,0.15,ablation,no-critical,1019,1.08043586051276,0.022080351322791333,44,471.5125,46,495.7,8,0.6802609001751989,6000
mk01,independent,0.15,ablation,no-critical,1020,1.1276392868276899,0.012539896973025953,42,471.35,46,492.4,9,0.6086248999927193,6000
mk01,independent,0.15,ablation,no-critical,1021,1.0947907542940278,0.025944200245353762,43,473.4125,46,502.575,10,0.5572723001241684,6000
mk01,independent,0.15,ablation,no-critical,1022,1.1019389557755974,0.03189496905394626,42,479.975,46,504.6375,12,0.6394328000023961,6000
mk01,independent,0.15,ablation,no-critical,1023,1.0813881919805228,0.023982901220262108,44,470.425,46,500.575,12,0.6721602999605238,6000
mk01,independent,0.15,ablation,no-critical,1024,1.1076995590920564,0.015718838281321167,43,469.05,46,492.4,8,0.6512617999687791,6000
mk01,independent,0.15,ablation,no-critical,1025,1.1155967102626154,0.024266992561761437,42,473.65,47,496.0375,11,0.5731887000147253,6000
mk01,independent,0.15,ablation,no-critical,1026,1.080407060465255,0.036085777332283776,43,478.2125,46,503.325,11,0.6603327998891473,6000
mk01,independent,0.15,ablation,no-critical,1027,1.104692626297116,0.019246810861650077,43,469.1875,46,502.15,10,0.7194127000402659,6000
mk01,independent,0.15,ablation,no-critical,1028,1.083445910838616,0.03641488873882106,43,474.5625,46,506.2875,11,0.6530299000442028,6000
mk01,independent,0.15,ablation,no-critical,1029,1.1188137052597202,0.023395979364940964,42,470.525,46,505.75,11,0.7810517998877913,6000
mk01,independent,0.15,ablation,no-exchange,1000,1.0031360876471551,0.08384985899615446,43,492.375,46,513.225,7,0.7222786999773234,6000
mk01,independent,0.15,ablation,no-exchange,1001,1.0482469084485093,0.06927700200814918,42,488.8875,46,506.55,8,0.7446699000429362,6000
mk01,independent,0.15,ablation,no-exchange,1002,1.023367527204169,0.07519994247919513,42,488.8875,47,507.6375,11,0.7340041000861675,6000
mk01,independent,0.15,ablation,no-exchange,1003,1.0568030462730662,0.0619172477302715,42,485.95,47,509.425,10,0.8649716000072658,6000
mk01,independent,0.15,ablation,no-exchange,1004,1.038891346624902,0.0771885319061539,42,487.9875,45,518.0875,12,0.7956914000678807,6000
mk01,independent,0.15,ablation,no-exchange,1005,1.0128785202119923,0.08210589593593297,42,490.3,46,510.675,10,0.6528642999473959,6000
mk01,independent,0.15,ablation,no-exchange,1006,1.0539980107183684,0.06573819294467545,42,488.0125,47,502.5625,7,0.811761099845171,6000
mk01,independent,0.15,ablation,no-exchange,1007,1.028054660708719,0.06096336920703672,44,482.4,46,516.825,10,0.6973629000131041,6000
mk01,independent,0.15,ablation,no-exchange,1008,1.064907142114874,0.06052308327067551,42,481.875,47,509.75,9,0.7766950000077486,6000
mk01,independent,0.15,ablation,no-exchange,1009,1.053600896661273,0.07008738882037792,42,487.05,46,522.9625,13,0.7593447000253946,6000
mk01,independent,0.15,ablation,no-exchange,1010,1.0611831772093647,0.060435713741190014,42,484.7125,46,513.375,9,0.8705299000721425,6000
mk01,independent,0.15,ablation,no-exchange,1011,1.046565668561928,0.07243216965072742,42,487.675,46,515.325,10,0.7276280999649316,6000
mk01,independent,0.15,ablation,no-exchange,1012,1.0564838704888586,0.06676994168835004,42,484.05,46,515.5125,10,0.7630914999172091,6000
mk01,independent,0.15,ablation,no-exchange,1013,1.0011234987604107,0.06417350841726376,45,487.8375,46,510.25,7,0.7690105999354273,6000
mk01,independent,0.15,ablation,no-exchange,1014,1.0379247635872393,0.0649255908992992,43,480.65,46,514.8,12,0.746472200145945,6000
mk01,independent,0.15,ablation,no-exchange,1015,1.0342736895236118,0.07698713168159398,42,491.8,46,512.7,10,0.7693920999299735,6000
mk01,independent,0.15,ablation,no-exchange,1016,1.030638054660709,0.07420594950764739,42,493.9,47,509.625,10,0.7942661000415683,6000
mk01,independent,0.15,ablation,no-exchange,1017,1.0260803729160792,0.06870440966426594,43,487.0125,46,517.55,10,0.7920119999907911,6000
mk01,independent,0.15,ablation,no-exchange,1018,1.0423792699039505,0.06712808333144121,42,490.075,47,503.875,9,0.7546234000474215,6000
mk01,independent,0.15,ablation,no-exchange,1019,1.0378996748860623,0.08485139953961274,42,488.5125,50,502.7875,12,0.7102572000585496,6000
mk01,independent,0.15,ablation,no-exchange,1020,1.0406423598224495,0.06977986349921227,42,487.125,47,509.05,9,0.7462961999699473,6000
mk01,independent,0.15,ablation,no-exchange,1021,1.0436196018467663,0.06876493735391204,42,487.6125,46,514.5125,9,0.7819543001241982,6000
mk01,independent,0.15,ablation,no-exchange,1022,1.039609566366295,0.054767087399361265,44,480.9875,48,509.45,9,0.7987177001778036,6000
mk01,independent,0.15,ablation,no-exchange,1023,1.006971244488651,0.0730822048022692,44,484.9,47,514.275,8,0.8244731000158936,6000
mk01,independent,0.15,ablation,no-exchange,1024,1.0405109781624384,0.07975277220006173,42,484.3875,45,526.6875,12,0.7723419000394642,6000
mk01,independent,0.15,ablation,no-exchange,1025,1.0482283517168693,0.0711911026854233,42,489.025,46,511.8,11,0.9616068999748677,6000
mk01,independent,0.15,ablation,no-exchange,1026,1.036177610189873,0.0742761227867429,42,491.5125,46,512.8875,9,0.8368637999519706,6000
mk01,independent,0.15,ablation,no-exchange,1027,1.0731611763483324,0.044696662998979585,42,480.925,47,495.5875,7,0.8942768999841064,6000
mk01,independent,0.15,ablation,no-exchange,1028,1.0338075444248156,0.0765700883300044,42,490.425,46,522.8,13,1.0646450000349432,6000
mk01,independent,0.15,ablation,no-exchange,1029,1.0444479743471742,0.06019564522441348,42,482.3125,46,506.9625,9,0.8718232000246644,6000
mk01,independent,0.15,ablation,no-gap,1000,1.101132851353157,0.03651205931860358,42,475.025,46,503.475,10,0.6138577000238001,6000
mk01,independent,0.15,ablation,no-gap,1001,1.0844034381912384,0.03213813180938031,43,476.5375,46,503.325,11,0.5953375999815762,6000
mk01,independent,0.15,ablation,no-gap,1002,1.1044285268924159,0.02852855020476411,42,476.875,46,501.4,12,0.5986860000994056,6000
mk01,independent,0.15,ablation,no-gap,1003,1.06339706952094,0.03424795946222124,44,475.025,46,506.475,11,0.6654135999269783,6000
mk01,independent,0.15,ablation,no-gap,1004,1.11455530648298,0.02382088083959455,42,474.2125,46,500.5,13,0.632828600006178,6000
mk01,independent,0.15,ablation,no-gap,1005,1.042462700969404,0.03921776973676284,45,473.5,46,503.475,11,0.6795047998894006,6000
mk01,independent,0.15,ablation,no-gap,1006,1.0833694571042591,0.03229759672305561,43,476.1,46,502.875,11,0.7625179998576641,6000
mk01,independent,0.15,ablation,no-gap,1007,1.1011491812770002,0.03302028857290545,42,475.9,46,499.3375,9,0.5609269000124186,6000
mk01,independent,0.15,ablation,no-gap,1008,1.0953253366191127,0.03494124622293432,42,479.575,46,503.475,11,0.7128965000156313,6000
mk01,independent,0.15,ablation,no-gap,1009,1.0512355814195158,0.032200094213071476,45,472.4875,46,503.55,12,0.6315599998924881,6000
mk01,independent,0.15,ablation,no-gap,1010,1.059085969626342,0.038064593468701384,44,476.875,46,507.45,8,0.6417693002149463,6000
mk01,independent,0.15,ablation,no-gap,1011,1.0812115318953106,0.02092224460435371,44,472,46,492.925,7,0.572255700128153,6000
mk01,independent,0.15,ablation,no-gap,1012,1.035674648535503,0.04335223424267209,45,475.7875,46,504.6375,9,0.7178326998837292,6000
mk01,independent,0.15,ablation,no-gap,1013,1.0758597704903432,0.023686352097450524,44,476.05,46,494.7625,8,0.6525681000202894,6000
mk01,independent,0.15,ablation,no-gap,1014,1.1080686153709123,0.028667633752125353,42,475.6,46,500.5,11,0.5821326000150293,6000
mk01,independent,0.15,ablation,no-gap,1015,1.0527757901456336,0.03127443176775979,45,474.55,46,501.325,9,0.6384574000257999,6000
mk01,independent,0.15,ablation,no-gap,1016,1.042109380798979,0.035952284232446376,45,477.875,46,497.05,5,0.6753451998811215,6000
mk01,independent,0.15,ablation,no-gap,1017,1.094063330413741,0.027108785944118582,43,473.1125,46,501.325,12,0.7048293000552803,6000
mk01,independent,0.15,ablation,no-gap,1018,1.1069210670862963,0.030660206222548933,42,475.55,46,503.325,16,0.685612800065428,6000
mk01,independent,0.15,ablation,no-gap,1019,1.118198364038539,0.02344545198125163,42,472.6375,46,501.175,12,0.6928906999528408,6000
mk01,independent,0.15,ablation,no-gap,1020,1.114903430768546,0.027139528102109612,42,471.975,46,503.4,15,0.6293303000275046,6000
mk01,independent,0.15,ablation,no-gap,1021,1.0703254108460387,0.03164125534912579,44,471.575,46,496.75,11,0.7102996001485735,6000
mk01,independent,0.15,ablation,no-gap,1022,1.0732187764433427,0.028414607319314847,44,473.675,46,499,8,0.6068957999814302,6000
mk01,independent,0.15,ablation,no-gap,1023,1.0806303350603468,0.02076302581342591,44,472.5875,46,494.875,7,0.7168209999799728,6000
mk01,independent,0.15,ablation,no-gap,1024,1.1087782247888247,0.029203976943767033,42,473.75,46,501.9,10,0.6730693001300097,6000
mk01,independent,0.15,ablation,no-gap,1025,1.1236510740636274,0.01963572823053562,42,470.2375,46,493.075,11,0.7114640001673251,6000
mk01,independent,0.15,ablation,no-gap,1026,1.0524307833909832,0.040375870350821665,44,480.85,46,505.0875,8,0.8830086998641491,6000
mk01,independent,0.15,ablation,no-gap,1027,1.1266067902792418,0.01536261176601286,42,469.3375,46,492.4,10,0.794745999854058,6000
mk01,independent,0.15,ablation,no-gap,1028,1.1013169341310254,0.029783691189197013,42,474.375,46,504.6375,12,0.9377910001203418,6000
mk01,independent,0.15,ablation,no-gap,1029,1.0881504134439812,0.0300599506716788,43,474.5875,46,506.7,10,0.6879938999190927,6000
mk01,independent,0.15,ablation,no-rebuild,1000,1.0522398717358712,0.03182024856893397,45,469.675,46,503.0625,11,0.6775491000153124,6000
mk01,independent,0.15,ablation,no-rebuild,1001,1.1176045486260597,0.0182139381973114,42,477.2875,46,495.2125,9,0.6220068999100477,6000
mk01,independent,0.15,ablation,no-rebuild,1002,1.1085748430100506,0.028803957605485764,42,476.125,46,497.2,9,0.6708696000277996,6000
mk01,independent,0.15,ablation,no-rebuild,1003,1.0224249936907113,0.04249252285309855,46,473,46,505.05,9,0.7253805000800639,6000
mk01,independent,0.15,ablation,no-rebuild,1004,1.1084360386573835,0.028430778005010603,42,475.2125,46,503.8125,11,0.6338504999876022,6000
mk01,independent,0.15,ablation,no-rebuild,1005,1.0948241564109802,0.02782087281638689,43,471.725,46,504,15,0.5721594998613,6000
mk01,independent,0.15,ablation,no-rebuild,1006,1.0983849705319104,0.03491967836615995,42,476.7,46,505.65,14,0.5734739999752492,6000
mk01,independent,0.15,ablation,no-rebuild,1007,1.1164391858790697,0.023058662214850544,42,475.8625,46,497.2,9,0.5188114999327809,6000
mk01,independent,0.15,ablation,no-rebuild,1008,1.110661361915649,0.02111783052238211,42,476.0125,46,492.925,7,0.6849813000299037,6000
mk01,independent,0.15,ablation,no-rebuild,1009,1.0859837294576984,0.031895649686898044,43,477.925,46,504.6375,12,0.6117110000923276,6000
mk01,independent,0.15,ablation,no-rebuild,1010,1.1082289455322814,0.030770055668799635,42,472.75,46,503.8125,14,0.6010827000718564,6000
mk01,independent,0.15,ablation,no-rebuild,1011,1.109713484063479,0.02632316244495397,42,478.4,46,495.7,8,0.6299129999242723,6000
mk01,independent,0.15,ablation,no-rebuild,1012,1.0613245052775346,0.024346566869688592,45,470.5375,46,495.0625,7,0.6703268999699503,6000
mk01,independent,0.15,ablation,no-rebuild,1013,1.0641480975638726,0.022235148204180762,45,468.8625,46,494.725,8,0.6860444000922143,6000
mk01,independent,0.15,ablation,no-rebuild,1014,1.0730511720431706,0.03516143006946289,43,483.3375,46,498.025,7,0.7299226000905037,6000
mk01,independent,0.15,ablation,no-rebuild,1015,1.122337257463518,0.021496981760449365,42,470.7625,46,498.5875,14,0.6171069999691099,6000
mk01,independent,0.15,ablation,no-rebuild,1016,1.091953058891644,0.025297616235993078,43,477.55,46,497.35,9,0.7074473001994193,6000
mk01,independent,0.15,ablation,no-rebuild,1017,1.0835951069610015,0.03176906071820294,43,477.325,46,502.65,11,0.7046014000661671,6000
mk01,independent,0.15,ablation,no-rebuild,1018,1.0820073930018859,0.036770033508283166,43,472.8125,46,507.3375,11,0.6773415000643581,6000
mk01,independent,0.15,ablation,no-rebuild,1019,1.11006517124152,0.014127003620924401,43,470.7625,46,492.4,9,0.7167152999900281,6000
mk01,independent,0.15,ablation,no-rebuild,1020,1.1121607458321587,0.027613864201257606,42,471.4625,46,503.4,12,0.6176280002109706,6000
mk01,independent,0.15,ablation,no-rebuild,1021,1.0498616410088926,0.03226647990745126,45,475.4,46,501.4,9,0.6113414999563247,6000
mk01,independent,0.15,ablation,no-rebuild,1022,1.083056219474177,0.03448360522092023,43,474.775,46,504.6375,12,0.6962934001348913,6000
mk01,independent,0.15,ablation,no-rebuild,1023,1.0401104496667215,0.03865360452703278,45,477.5875,46,501.9,10,0.7157790998462588,6000
mk01,independent,0.15,ablation,no-rebuild,1024,1.116707145083951,0.024140966955663982,42,475.225,47,492.7,10,0.7406961999367923,6000
mk01,independent,0.15,ablation,no-rebuild,1025,1.092674693071659,0.03515090334169622,42,481.2625,46,501.825,11,0.7287817001342773,6000
mk01,independent,0.15,ablation,no-rebuild,1026,1.0705198853936257,0.029542498019597022,44,474.25,46,501.6,11,0.8391071001533419,6000
mk01,independent,0.15,ablation,no-rebuild,1027,1.0866634996511337,0.01989807238991723,44,468.2875,46,498.7,9,0.847463299985975,6000
mk01,independent,0.15,ablation,no-rebuild,1028,1.0935438903816754,0.03750950360904923,42,479.1,46,505.05,10,0.933731900062412,6000
mk01,independent,0.15,ablation,no-rebuild,1029,1.0956044298629768,0.03853753750165009,42,478.975,46,502.05,12,0.8404860000591725,6000
mk01,independent,0.15,main,DABC,1000,1.008912130164339,0.05710588558387563,45,485.125,46,502.3,7,0.3614612000528723,6000
mk01,independent,0.15,main,DABC,1001,1.0211681833701998,0.08317946813105528,42,486.775,48,511.0125,7,0.3928927001543343,6000
mk01,independent,0.15,main,DABC,1002,1.02190006086608,0.07790577524762164,42,477.4,48,513.575,10,0.4070619000121951,6000
mk01,independent,0.15,main,DABC,1003,1.0182967889431571,0.06467290648995859,44,484.7,46,503.3125,7,0.42452929983846843,6000
mk01,independent,0.15,main,DABC,1004,1.0448198512492393,0.07852470804022132,42,483.1,48,501.25,7,0.39355290005914867,6000
mk01,independent,0.15,main,DABC,1005,1.0092648565193512,0.07888038976547752,44,484.7,45,527.7375,12,0.40086880000308156,6000
mk01,independent,0.15,main,DABC,1006,1.0090913139650541,0.0910345458791002,43,489.3625,47,510.375,10,0.4224544002208859,6000
mk01,independent,0.15,main,DABC,1007,1.0478854233161623,0.07097365970162835,42,486.7,46,519.1875,12,0.36445660004392266,6000
mk01,independent,0.15,main,DABC,1008,1.06679324831876,0.05543852706448681,42,480.5375,46,511.2375,9,0.4100557998754084,6000
mk01,independent,0.15,main,DABC,1009,0.9813488517094464,0.09374064676631852,44,488.2125,51,504.225,8,0.4205829999409616,6000
mk01,independent,0.15,main,DABC,1010,1.0201353899140453,0.06758921239380533,44,483.3875,45,524.35,7,0.3501597000285983,6000
mk01,independent,0.15,main,DABC,1011,1.007517851575838,0.10064513477142492,42,493.65,49,518.475,12,0.4284332999959588,6000
mk01,independent,0.15,main,DABC,1012,1.0631316340315617,0.059435524467219385,42,483.025,46,499.4125,4,0.44235450006090105,6000
mk01,independent,0.15,main,DABC,1013,1.0036568637638992,0.06567832118123218,45,485.4,46,515.05,8,0.40379330003634095,6000
mk01,independent,0.15,main,DABC,1014,1.0018261308472263,0.096312762979682,42,492.55,48,500.3125,8,0.3961775000207126,6000
mk01,independent,0.15,main,DABC,1015,1.0372642923947093,0.07950037059221891,42,486.2875,46,520.3875,13,0.39406429999507964,6000
mk01,independent,0.15,main,DABC,1016,1.0713433589168808,0.049490528359373995,42,477.9625,46,506.55,13,0.4133264000993222,6000
mk01,independent,0.15,main,DABC,1017,1.0522379418357806,0.05759844595003891,43,479.0875,46,515.2625,12,0.3686718000099063,6000
mk01,independent,0.15,main,DABC,1018,1.041721470880777,0.06743428253216803,43,478.2375,49,504.075,11,0.38089859997853637,6000
mk01,independent,0.15,main,DABC,1019,1.0409311025667674,0.06624086298973758,42,486.1125,46,511.7625,10,0.3727889999281615,6000
mk01,independent,0.15,main,DABC,1020,1.0301717611080599,0.06834730269478595,43,481.4875,49,504.45,8,0.3736445000395179,6000
mk01,independent,0.15,main,DABC,1021,1.04540089963035,0.04768027358695546,43,478.65,46,498.5875,10,0.40815889998339117,6000
mk01,independent,0.15,main,DABC,1022,0.986763112186577,0.11222637359932665,43,487.1,52,492.675,9,0.45979480003006756,6000
mk01,independent,0.15,main,DABC,1023,1.028750315464438,0.07174550516410218,43,484.375,46,517.05,10,0.40718350000679493,6000
mk01,independent,0.15,main,DABC,1024,1.018292483781417,0.0866486244405686,43,483.4375,47,522.95,10,0.5475240000523627,6000
mk01,independent,0.15,main,DABC,1025,1.0475304701533532,0.06270176129300781,43,480.7375,47,513.375,10,0.6222206000238657,6000
mk01,independent,0.15,main,DABC,1026,1.0501834889624564,0.06738138630099705,42,475.775,46,507.8875,15,0.5540664000436664,6000
mk01,independent,0.15,main,DABC,1027,0.9408310446697646,0.11261447961753689,46,481.5875,52,499.425,8,0.5993266999721527,6000
mk01,independent,0.15,main,DABC,1028,1.0156071020323334,0.08255809074591437,42,491.8,45,520.3,8,0.5625595999881625,6000
mk01,independent,0.15,main,DABC,1029,1.0379620255043722,0.07221542166008003,42,484.4375,48,502.15,13,0.6146416999399662,6000
mk01,independent,0.15,main,EAMS-ABC,1000,1.0522398717358712,0.03182024856893397,45,469.675,46,503.0625,11,0.4760128001216799,6000
mk01,independent,0.15,main,EAMS-ABC,1001,1.1176045486260597,0.0182139381973114,42,477.2875,46,495.2125,9,0.43956249998882413,6000
mk01,independent,0.15,main,EAMS-ABC,1002,1.1085748430100506,0.028803957605485764,42,476.125,46,497.2,9,0.45196769991889596,6000
mk01,independent,0.15,main,EAMS-ABC,1003,1.0225229732337702,0.04249252285309855,46,473,46,505.05,9,0.4169067998882383,6000
mk01,independent,0.15,main,EAMS-ABC,1004,1.1084360386573835,0.028430778005010603,42,475.2125,46,503.8125,11,0.4597918998915702,6000
mk01,independent,0.15,main,EAMS-ABC,1005,1.0948241564109802,0.02782087281638689,43,471.725,46,504,15,0.5136482000816613,6000
mk01,independent,0.15,main,EAMS-ABC,1006,1.0983849705319104,0.03491967836615995,42,476.7,46,505.65,14,0.42979900003410876,6000
mk01,independent,0.15,main,EAMS-ABC,1007,1.1164391858790697,0.023058662214850544,42,475.8625,46,497.2,9,0.4711553999222815,6000
mk01,independent,0.15,main,EAMS-ABC,1008,1.110661361915649,0.02111783052238211,42,476.0125,46,492.925,7,0.4469639000017196,6000
mk01,independent,0.15,main,EAMS-ABC,1009,1.0859837294576984,0.031895649686898044,43,477.925,46,504.6375,12,0.4946735999546945,6000
mk01,independent,0.15,main,EAMS-ABC,1010,1.1082289455322814,0.030770055668799635,42,472.75,46,503.8125,14,0.4876995999366045,6000
mk01,independent,0.15,main,EAMS-ABC,1011,1.109713484063479,0.02632316244495397,42,478.4,46,495.7,8,0.45238599996082485,6000
mk01,independent,0.15,main,EAMS-ABC,1012,1.0613245052775346,0.024346566869688592,45,470.5375,46,495.0625,7,0.4625220000743866,6000
mk01,independent,0.15,main,EAMS-ABC,1013,1.0641480975638726,0.022235148204180762,45,468.8625,46,494.725,8,0.45524389995262027,6000
mk01,independent,0.15,main,EAMS-ABC,1014,1.0730511720431706,0.03516143006946289,43,483.3375,46,498.025,7,0.49308239994570613,6000
mk01,independent,0.15,main,EAMS-ABC,1015,1.122337257463518,0.021496981760449365,42,470.7625,46,498.5875,14,0.49117609998211265,6000
mk01,independent,0.15,main,EAMS-ABC,1016,1.091953058891644,0.025297616235993078,43,477.55,46,497.35,9,0.4070008001290262,6000
mk01,independent,0.15,main,EAMS-ABC,1017,1.0835951069610015,0.03176906071820294,43,477.325,46,502.65,11,0.43560680001974106,6000
mk01,independent,0.15,main,EAMS-ABC,1018,1.0820073930018859,0.036770033508283166,43,472.8125,46,507.3375,11,0.4669830999337137,6000
mk01,independent,0.15,main,EAMS-ABC,1019,1.11006517124152,0.014127003620924401,43,470.7625,46,492.4,9,0.4369696998037398,6000
mk01,independent,0.15,main,EAMS-ABC,1020,1.111880168049762,0.026738293401496173,42,471.4625,46,503.1,11,0.4848138000816107,6000
mk01,independent,0.15,main,EAMS-ABC,1021,1.0498616410088926,0.03226647990745126,45,475.4,46,501.4,9,0.5004475999157876,6000
mk01,independent,0.15,main,EAMS-ABC,1022,1.083056219474177,0.03448360522092023,43,474.775,46,504.6375,12,0.5405591998714954,6000
mk01,independent,0.15,main,EAMS-ABC,1023,1.0401104496667215,0.03865360452703278,45,477.5875,46,501.9,10,0.4893223000690341,6000
mk01,independent,0.15,main,EAMS-ABC,1024,1.116707145083951,0.024140966955663982,42,475.225,47,492.7,10,0.595927800051868,6000
mk01,independent,0.15,main,EAMS-ABC,1025,1.092674693071659,0.03515090334169622,42,481.2625,46,501.825,11,0.6588276999536902,6000
mk01,independent,0.15,main,EAMS-ABC,1026,1.0705198853936257,0.029542498019597022,44,474.25,46,501.6,11,0.6131679001264274,6000
mk01,independent,0.15,main,EAMS-ABC,1027,1.0866634996511337,0.01989807238991723,44,468.2875,46,498.7,9,0.6486721001565456,6000
mk01,independent,0.15,main,EAMS-ABC,1028,1.0935438903816754,0.03750950360904923,42,479.1,46,505.05,10,0.6928195999935269,6000
mk01,independent,0.15,main,EAMS-ABC,1029,1.0956044298629768,0.03853753750165009,42,478.975,46,502.05,12,0.7206208999268711,6000
mk01,independent,0.15,main,MA-NSGA-II,1000,1.054163239856891,0.03888801562567399,44,481,46,505.7125,8,0.3896886999718845,6000
mk01,independent,0.15,main,MA-NSGA-II,1001,1.064907587476433,0.03173011173017066,44,476.5375,46,498.85,10,0.42305550002492964,6000
mk01,independent,0.15,main,MA-NSGA-II,1002,1.0414613797301113,0.03720521228658134,45,477.2125,46,503.1,7,0.4324849999975413,6000
mk01,independent,0.15,main,MA-NSGA-II,1003,1.055986995442467,0.038487477440190564,44,479.5375,47,501.9625,9,0.42712879995815456,6000
mk01,independent,0.15,main,MA-NSGA-II,1004,1.1018460236635443,0.021684481737443553,43,469.125,46,495.325,9,0.43694919999688864,6000
mk01,independent,0.15,main,MA-NSGA-II,1005,1.0630179183800719,0.04430306273065443,43,484.475,46,505.575,11,0.46471079997718334,6000
mk01,independent,0.15,main,MA-NSGA-II,1006,1.0739604518935293,0.03830254673172889,43,480.35,46,504.775,9,0.47429429995827377,6000
mk01,independent,0.15,main,MA-NSGA-II,1007,1.0756372381645167,0.03593028607057497,43,478.4625,46,502.5375,8,0.41276790015399456,6000
mk01,independent,0.15,main,MA-NSGA-II,1008,1.1111816926708336,0.02761396246578315,42,474.925,47,496.7125,12,0.4206144998315722,6000
mk01,independent,0.15,main,MA-NSGA-II,1009,1.1034754531553868,0.03282932113083593,42,479.8,46,500.2,10,0.4031801000237465,6000
mk01,independent,0.15,main,MA-NSGA-II,1010,1.042782619022877,0.037907286519985255,45,476.5875,46,501.825,8,0.41217050002887845,6000
mk01,independent,0.15,main,MA-NSGA-II,1011,1.1139926663796562,0.02401118186980464,42,470.6875,46,500.2,14,0.4520543999969959,6000
mk01,independent,0.15,main,MA-NSGA-II,1012,1.0863089918498836,0.03899939080014232,42,482.3375,46,504.55,11,0.4345840001478791,6000
mk01,independent,0.15,main,MA-NSGA-II,1013,1.0205767432193706,0.04226076324174628,46,476.2,46,495.4,7,0.4194229000713676,6000
mk01,independent,0.15,main,MA-NSGA-II,1014,1.0904714894375087,0.0290549893767814,43,476.575,47,494.6875,11,0.49724060017615557,6000
mk01,independent,0.15,main,MA-NSGA-II,1015,1.037139739611942,0.03144859920293779,46,469.075,46,493.675,6,0.4142380999401212,6000
mk01,independent,0.15,main,MA-NSGA-II,1016,1.0938926084826535,0.027435343316658766,43,471.8125,46,500.65,9,0.4493205000180751,6000
mk01,independent,0.15,main,MA-NSGA-II,1017,1.0757433826694975,0.04145550382646195,43,476.85,46,506.95,13,0.46671710000373423,6000
mk01,independent,0.15,main,MA-NSGA-II,1018,1.0395648817565064,0.039629643984911506,45,474.325,46,505.725,9,0.4999162999447435,6000
mk01,independent,0.15,main,MA-NSGA-II,1019,1.0873858761004147,0.031035627575168253,43,473.8375,46,502.4875,10,0.44845809997059405,6000
mk01,independent,0.15,main,MA-NSGA-II,1020,1.1053415180891022,0.031509377611070165,42,470.375,46,508.125,13,0.5143170000519603,6000
mk01,independent,0.15,main,MA-NSGA-II,1021,1.0377626519796321,0.04062955128965212,45,476.35,46,505.725,9,0.44469400006346405,6000
mk01,independent,0.15,main,MA-NSGA-II,1022,1.0973101646353234,0.035207585721978296,42,479.875,46,502.15,10,0.5064598999451846,6000
mk01,independent,0.15,main,MA-NSGA-II,1023,1.0785787028102318,0.022863931380930444,44,471.6625,46,492.925,7,0.5399820997845381,6000
mk01,independent,0.15,main,MA-NSGA-II,1024,1.0542597348614184,0.040631462589832676,44,479.25,46,504.075,12,0.5548315001651645,6000
mk01,independent,0.15,main,MA-NSGA-II,1025,1.0830168792030999,0.032283716044289396,43,479.0125,47,495.2875,9,0.6251441999338567,6000
mk01,independent,0.15,main,MA-NSGA-II,1026,1.0906184587520973,0.027766823452551326,43,474.725,46,505.3,10,0.7275825999677181,6000
mk01,independent,0.15,main,MA-NSGA-II,1027,1.0884905212214786,0.040172017604652756,42,482.925,46,503.325,10,0.6926463001873344,6000
mk01,independent,0.15,main,MA-NSGA-II,1028,1.0982914446044447,0.04034991406138055,42,473.725,47,505.725,16,0.5852183999959379,6000
mk01,independent,0.15,main,MA-NSGA-II,1029,1.0771878386603526,0.03690349243039049,43,478.45,46,504.225,8,0.6179818001110107,6000
mk01,independent,0.15,main,MOEA-D,1000,1.0972350469856451,0.02120431646904981,43,475.15,46,494.05,7,0.7366649999748915,6000
mk01,independent,0.15,main,MOEA-D,1001,1.1028644170959463,0.02066922807595117,43,471.025,46,502.3,10,0.8235679999925196,6000
mk01,independent,0.15,main,MOEA-D,1002,1.0871572571666104,0.029552859287740298,43,478.7125,47,494.4625,8,0.746521599823609,6000
mk01,independent,0.15,main,MOEA-D,1003,1.103765531984383,0.01863325285335055,43,471.925,46,498.025,10,0.7707225000485778,6000
mk01,independent,0.15,main,MOEA-D,1004,1.0414153590356443,0.03538019706574209,45,479.7125,46,492.325,4,0.7831927000079304,6000
mk01,independent,0.15,main,MOEA-D,1005,1.0685684594943663,0.03019483893431727,44,477.0625,46,499,10,0.7898782999254763,6000
mk01,independent,0.15,main,MOEA-D,1006,1.115474235833791,0.024057140137854306,42,474.8125,47,496.0375,14,0.8106815998908132,6000
mk01,independent,0.15,main,MOEA-D,1007,1.0483429580914774,0.03235713678403071,45,476.05,46,494.875,7,0.7175477999262512,6000
mk01,independent,0.15,main,MOEA-D,1008,1.08792194296403,0.03441834367320918,42,480.35,46,504.6375,9,0.7618720000609756,6000
mk01,independent,0.15,main,MOEA-D,1009,1.1017435905048916,0.019478225193698538,43,472.175,46,496.225,9,0.7389217999298126,6000
mk01,independent,0.15,main,MOEA-D,1010,1.101759920428735,0.02056517731463177,43,472.975,46,498.175,12,0.76640440011397,6000
mk01,independent,0.15,main,MOEA-D,1011,1.1166633511972806,0.02219061204824481,42,476.3125,46,499,12,0.795234200078994,6000
mk01,independent,0.15,main,MOEA-D,1012,1.0774951381363105,0.027214830270010624,43,477.925,46,494.05,6,0.8399669998325408,6000
mk01,independent,0.15,main,MOEA-D,1013,1.07614034827274,0.025393528800224382,44,472.825,46,492.4,7,0.7502025999128819,6000
mk01,independent,0.15,main,MOEA-D,1014,1.0883766571161357,0.01672858991782408,44,469.4125,46,492.4,7,0.8195983001496643,6000
mk01,independent,0.15,main,MOEA-D,1015,1.0673741482460182,0.03183205802666797,44,477.7,46,501.25,7,0.7590425000526011,6000
mk01,independent,0.15,main,MOEA-D,1016,1.0919380650524784,0.018041034309649085,44,466.9375,46,500.5,13,0.8231687000952661,6000
mk01,independent,0.15,main,MOEA-D,1017,1.0419468238298129,0.034379348179618366,45,479.4625,46,494.05,5,0.7638731000479311,6000
mk01,independent,0.15,main,MOEA-D,1018,1.073806653701697,0.022548520792311674,44,477.4,46,492.4,5,0.7955549999605864,6000
mk01,independent,0.15,main,MOEA-D,1019,1.0832484672139666,0.030318116722170038,43,480.0625,46,502.9,9,0.8556001998949796,6000
mk01,independent,0.15,main,MOEA-D,1020,1.0763585754368254,0.026995515908921283,44,471.725,46,498.175,10,0.8478341998998076,6000
mk01,independent,0.15,main,MOEA-D,1021,1.087898041893678,0.030096724433209966,43,475.6125,46,501.825,11,0.8448984001297504,6000
mk01,independent,0.15,main,MOEA-D,1022,1.1016738171939258,0.019785980509225892,43,473.35,46,493.075,8,0.7685210998170078,6000
mk01,independent,0.15,main,MOEA-D,1023,1.0541788275114683,0.039200923207722886,44,479.7625,46,501.6,8,0.9296949000563473,6000
mk01,independent,0.15,main,MOEA-D,1024,1.0616609017087042,0.034790835268856735,44,478.6125,46,502.35,7,1.1047751000151038,6000
mk01,independent,0.15,main,MOEA-D,1025,1.0958299312658661,0.02218426901997517,43,470.9375,46,496.225,8,1.1856033999938518,6000
mk01,independent,0.15,main,MOEA-D,1026,1.1068318463205715,0.018777015874844635,43,470.0125,46,500.5,12,1.2118782999459654,6000
mk01,independent,0.15,main,MOEA-D,1027,1.043634001870519,0.0355149843386236,45,478.15,47,493.75,7,1.013873300049454,6000
mk01,independent,0.15,main,MOEA-D,1028,1.0956027968705933,0.025161547516412662,43,473.3125,46,498.175,11,1.136940199881792,6000
mk01,independent,0.15,main,MOEA-D,1029,1.0691444604444709,0.030379056670234064,44,477.0625,46,499.75,11,1.183346200035885,6000
mk01,independent,0.15,main,NSGA-II,1000,1.0140655572215378,0.04663647102392681,46,477.225,46,503.4,8,0.30585689982399344,6000
mk01,independent,0.15,main,NSGA-II,1001,1.0995599827793532,0.035105165531984776,42,480.3375,46,504.75,10,0.3741419999860227,6000
mk01,independent,0.15,main,NSGA-II,1002,1.066412167277802,0.032237721705285625,44,476.975,46,504.5625,10,0.31835990003310144,6000
mk01,independent,0.15,main,NSGA-II,1003,1.1077041611615033,0.02876568094373775,42,473.2375,46,506.2125,12,0.32122589997015893,6000
mk01,independent,0.15,main,NSGA-II,1004,1.0598511007853215,0.024860891991724376,45,470.95,46,493.075,7,0.3456665000412613,6000
mk01,independent,0.15,main,NSGA-II,1005,1.0800565609180384,0.023915680251861172,44,471.175,46,494.05,11,0.29720199992880225,6000
mk01,independent,0.15,main,NSGA-II,1006,1.0418607205950035,0.039488908635077306,45,473.6875,46,502.35,9,0.28909269999712706,6000
mk01,independent,0.15,main,NSGA-II,1007,1.074780510978163,0.026561014826107673,44,475.15,46,501.325,8,0.3301268999930471,6000
mk01,independent,0.15,main,NSGA-II,1008,1.1241305800092047,0.019181264191040145,42,471.2875,46,503.3125,12,0.3151615997776389,6000
mk01,independent,0.15,main,NSGA-II,1009,1.0929291429759063,0.02498039929248312,43,473.2375,46,504.6375,11,0.30739090009592474,6000
mk01,independent,0.15,main,NSGA-II,1010,1.1149791422336366,0.024962785318183855,42,475.325,46,499,12,0.3484137000050396,6000
mk01,independent,0.15,main,NSGA-II,1011,1.0942533513457346,0.024678293752387045,43,474.8875,46,497.2,9,0.3354110000655055,6000
mk01,independent,0.15,main,NSGA-II,1012,1.1312526536126248,0.012940857334497586,42,468.55,46,494.9875,11,0.36842860002070665,6000
mk01,independent,0.15,main,NSGA-II,1013,1.0568122504119597,0.028436330004477397,45,470.275,47,497.6125,8,0.3456000001169741,6000
mk01,independent,0.15,main,NSGA-II,1014,1.0996037766660234,0.03351647776668369,42,480.85,46,502.975,10,0.32312249997630715,6000
mk01,independent,0.15,main,NSGA-II,1015,1.0601042146048905,0.026620132021993512,45,470.9875,46,499.675,8,0.34092880017124116,6000
mk01,independent,0.15,main,NSGA-II,1016,1.0804113656269951,0.025349505495753755,44,471.175,46,498.7,10,0.3558360000606626,6000
mk01,independent,0.15,main,NSGA-II,1017,1.0256874155668714,0.04705436095297549,45,482.175,46,504.5625,8,0.36034510005265474,6000
mk01,independent,0.15,main,NSGA-II,1018,1.0414754828461577,0.04102366227958553,45,470.7,46,504.6375,9,0.3298730000387877,6000
mk01,independent,0.15,main,NSGA-II,1019,1.048882587847568,0.03341993141431985,45,473.3375,46,501.825,11,0.3506436999887228,6000
mk01,independent,0.15,main,NSGA-II,1020,1.1258229539347693,0.01815960778562167,42,468.7625,46,499.45,11,0.3376305000856519,6000
mk01,independent,0.15,main,NSGA-II,1021,1.0439071569602594,0.035947020868563044,45,475.35,46,502.35,9,0.3842653001192957,6000
mk01,independent,0.15,main,NSGA-II,1022,1.0986625792372444,0.033297410380511726,42,474.625,46,506.8125,12,0.3784839999862015,6000
mk01,independent,0.15,main,NSGA-II,1023,1.047857513991776,0.03369037112390071,45,473.7,46,503.4,9,0.3614815999753773,6000
mk01,independent,0.15,main,NSGA-II,1024,1.0346724365730915,0.03421186524168963,46,470.875,46,499,8,0.4589345999993384,6000
mk01,independent,0.15,main,NSGA-II,1025,1.11121435251852,0.026336793207831402,42,476.225,46,498.4375,10,0.5130414001177996,6000
mk01,independent,0.15,main,NSGA-II,1026,1.0924873443090222,0.016314773474014135,44,466.9375,46,500.9875,10,0.4641152999829501,6000
mk01,independent,0.15,main,NSGA-II,1027,1.04604043882959,0.035892411352974544,45,473.85,46,505.3875,11,0.5622396999970078,6000
mk01,independent,0.15,main,NSGA-II,1028,1.0886841050459468,0.030369511176481668,43,474.1,46,505.875,10,0.5006092998664826,6000
mk01,independent,0.15,main,NSGA-II,1029,1.0951249239174006,0.03635495965220604,42,481.35,46,507.9,10,0.3923211998771876,6000
mk01,independent,0.15,timing,DABC,6000,0.9956311515565387,0.09153899959150946,42,484.875,47,525.3,11,0.32632569991983473,6000
mk01,independent,0.15,timing,DABC,6001,1.0086162616350711,0.08123746707316744,43,492.0875,47,511.3,10,0.3104300000704825,6000
mk01,independent,0.15,timing,DABC,6002,1.0120954261367856,0.08478812209973856,42,488.9875,46,515.1375,14,0.3182270999532193,6000
mk01,independent,0.15,timing,DABC,6003,1.0251509033416963,0.0582355045654356,44,482.25,46,510.5625,8,0.3082109000533819,6000
mk01,independent,0.15,timing,DABC,6004,1.0291162542123784,0.07771223553387413,43,483.2125,46,520.925,11,0.3194579998962581,6000
mk01,independent,0.15,timing,DABC,6005,1.0484836923442349,0.06568161505838536,42,481.45,46,505.375,12,0.3216939000412822,6000
mk01,independent,0.15,timing,DABC,6006,1.0209520345600576,0.08852568068605336,43,483.6,51,510.2,14,0.319821999873966,6000
mk01,independent,0.15,timing,DABC,6007,1.0586067605884713,0.0542048882809193,42,481.45,46,506.2125,6,0.314298199955374,6000
mk01,independent,0.15,timing,DABC,6008,1.024575050845445,0.08507059914570303,43,477.2125,48,513.8625,11,0.3167024999856949,6000
mk01,independent,0.15,timing,DABC,6009,1.0316794584403441,0.08994618287995172,42,485.0875,50,500.35,9,0.3159038000740111,6000
mk01,independent,0.15,timing,EAMS-ABC,6000,1.1165549798845034,0.027171292091006407,42,468.8875,46,503.0625,12,0.3731607999652624,6000
mk01,independent,0.15,timing,EAMS-ABC,6001,1.109107050073485,0.028665494331087206,42,474.9375,46,502.125,11,0.36396689992398024,6000
mk01,independent,0.15,timing,EAMS-ABC,6002,1.1087515030952628,0.028920934141524655,42,473.5,46,502.65,9,0.36926280008628964,6000
mk01,independent,0.15,timing,EAMS-ABC,6003,1.0551807425661737,0.02914095153521529,45,473.425,46,498.025,9,0.36147499992512167,6000
mk01,independent,0.15,timing,EAMS-ABC,6004,1.1213515238788025,0.020898701660494397,42,473.2375,46,500.575,10,0.37091589998453856,6000
mk01,independent,0.15,timing,EAMS-ABC,6005,1.1003252623921858,0.03400377327699808,42,477.45,46,502.225,8,0.37097609997726977,6000
mk01,independent,0.15,timing,EAMS-ABC,6006,1.0556209082406738,0.029499853478952055,45,472.3375,47,492.8125,8,0.37455619988031685,6000
mk01,independent,0.15,timing,EAMS-ABC,6007,1.0989778952212708,0.02283926099620486,43,469.475,46,503.475,13,0.37651899992488325,6000
mk01,independent,0.15,timing,EAMS-ABC,6008,1.080256379804338,0.03251217784749892,43,481.225,46,503.0625,9,0.36168499989435077,6000
mk01,independent,0.15,timing,EAMS-ABC,6009,1.0617084069417022,0.03489002943435037,44,477.8625,46,503.0625,10,0.3738571999128908,6000
mk01,independent,0.15,timing,MA-NSGA-II,6000,1.1153680913288107,0.025037069769086998,42,474.025,46,502,12,0.34001360018737614,6000
mk01,independent,0.15,timing,MA-NSGA-II,6001,1.0710990038746457,0.03884862290421712,43,480.1375,46,507.1125,11,0.34280199999921024,6000
mk01,independent,0.15,timing,MA-NSGA-II,6002,1.0789973426760295,0.024353296177118237,44,471.5875,47,496.45,10,0.34632400004193187,6000
mk01,independent,0.15,timing,MA-NSGA-II,6003,1.0853571057436797,0.018443231921357287,44,469.4875,46,496.225,8,0.3406167000066489,6000
mk01,independent,0.15,timing,MA-NSGA-II,6004,1.086989652766438,0.042393345378784336,42,481.375,46,507,13,0.38580709998495877,6000
mk01,independent,0.15,timing,MA-NSGA-II,6005,1.1050340701592913,0.020129660192432414,43,469.3375,46,499.8625,11,0.34858869994059205,6000
mk01,independent,0.15,timing,MA-NSGA-II,6006,1.0591288727898938,0.025881174836801978,45,472.3375,46,492.4,6,0.34566499991342425,6000
mk01,independent,0.15,timing,MA-NSGA-II,6007,1.0712407773043753,0.04045096945440776,43,480.4,46,502.575,8,0.34358179988339543,6000
mk01,independent,0.15,timing,MA-NSGA-II,6008,1.0745364528436339,0.0402866113074052,43,478.45,46,504.6375,12,0.34515790012665093,6000
mk01,independent,0.15,timing,MA-NSGA-II,6009,1.0877340003859803,0.03179386727894241,43,474.575,46,508.125,13,0.3503511999733746,6000
mk01,independent,0.15,timing,MOEA-D,6000,1.1023293894093025,0.029206133181096813,42,477.025,47,495.925,12,0.6181674001272768,6000
mk01,independent,0.15,timing,MOEA-D,6001,1.0487274535710578,0.02943381050000604,45,477.4,46,492.4,4,0.6096234999131411,6000
mk01,independent,0.15,timing,MOEA-D,6002,1.0825960125295053,0.030985288223155886,43,479.1,46,501.825,12,0.612972600152716,6000
mk01,independent,0.15,timing,MOEA-D,6003,1.0922648119831952,0.026943196607068187,43,476.225,46,495.7,8,0.6034154000226408,6000
mk01,independent,0.15,timing,MOEA-D,6004,1.0969871290509348,0.01969604748363977,43,476.05,46,494.05,6,0.6351413999218494,6000
mk01,independent,0.15,timing,MOEA-D,6005,1.0901048084203027,0.02784284492907013,43,476.95,46,500.2375,11,0.6022695999126881,6000
mk01,independent,0.15,timing,MOEA-D,6006,1.055626104125533,0.02759163314083818,45,473.875,46,492.4,5,0.6219985999632627,6000
mk01,independent,0.15,timing,MOEA-D,6007,1.0597948367749888,0.0356935696538731,44,477.5625,46,502.575,10,0.6110644999425858,6000
mk01,independent,0.15,timing,MOEA-D,6008,1.0696803788542335,0.02865024407163037,44,477.3625,46,495.55,8,0.6130152000114322,6000
mk01,independent,0.15,timing,MOEA-D,6009,1.0594764032600468,0.03481499275950072,44,480.55,46,497.2,6,0.6139229000546038,6000
mk01,independent,0.15,timing,NSGA-II,6000,1.0974488205341375,0.02389456392874546,43,473.65,46,499.825,10,0.26451889984309673,6000
mk01,independent,0.15,timing,NSGA-II,6001,1.0824778432624222,0.022018405578625895,44,470.8,46,499.675,10,0.26158270006999373,6000
mk01,independent,0.15,timing,NSGA-II,6002,1.0940670417600693,0.02549025249618808,43,472.825,46,502.65,11,0.2691967999562621,6000
mk01,independent,0.15,timing,NSGA-II,6003,1.0713334125087217,0.029964767399707045,44,473.35,46,503.325,11,0.25778839993290603,6000
mk01,independent,0.15,timing,NSGA-II,6004,1.10232642033224,0.03181501030404702,42,474.375,46,503.0625,12,0.302777900127694,6000
mk01,independent,0.15,timing,NSGA-II,6005,1.1183727973159547,0.023795533158517613,42,475.15,46,499.825,10,0.25741109997034073,6000
mk01,independent,0.15,timing,NSGA-II,6006,1.0389033713870046,0.03233788431574637,46,468.875,47,492.8125,6,0.26735499990172684,6000
mk01,independent,0.15,timing,NSGA-II,6007,1.094283784385624,0.024976955913254363,43,474.375,46,502.65,11,0.26879259990528226,6000
mk01,independent,0.15,timing,NSGA-II,6008,1.1186793545226472,0.023168103364815097,42,471.1875,46,499.825,12,0.271370500093326,6000
mk01,independent,0.15,timing,NSGA-II,6009,1.0914631611763488,0.029090612183202903,43,474.675,46,501.6,13,0.26438439986668527,6000
mk01,independent,0.15,sensitivity/alpha_0.3,EAMS-ABC,3000,1.0688172681521952,0.04011311029657797,43,478.6375,46,503.7,11,0.8895505999680609,6000
mk01,independent,0.15,sensitivity/alpha_0.3,EAMS-ABC,3001,1.095758673416369,0.02538600558016291,43,474.1375,46,494.725,9,0.9608943001367152,6000
mk01,independent,0.15,sensitivity/alpha_0.3,EAMS-ABC,3002,1.0798041893677353,0.02268442354694046,44,471.925,46,493.975,8,0.9999585999175906,6000
mk01,independent,0.15,sensitivity/alpha_0.3,EAMS-ABC,3003,1.0845183414735533,0.020979768438980757,44,468.9875,46,499,9,0.7897730998229235,6000
mk01,independent,0.15,sensitivity/alpha_0.3,EAMS-ABC,3004,1.1124301895755706,0.025472386908529487,42,474.25,46,502.9125,11,0.9054768001660705,6000
mk01,independent,0.15,sensitivity/alpha_0.3,EAMS-ABC,3005,1.1204852956458486,0.021658991628936503,42,471.725,46,502.4125,13,0.6162423000205308,6000
mk01,independent,0.15,sensitivity/alpha_0.3,EAMS-ABC,3006,1.1143214916643165,0.026178990231831022,42,472.1,46,503.4,12,0.6644133999943733,6000
mk01,independent,0.15,sensitivity/alpha_0.3,EAMS-ABC,3007,1.1058477457282407,0.031182356535015568,42,473.225,46,504.075,13,0.716259199893102,6000
mk01,independent,0.15,sensitivity/alpha_0.3,EAMS-ABC,3008,1.0906534938614334,0.04140636372745775,42,479.5,46,505.9875,11,0.7164636999368668,6000
mk01,independent,0.15,sensitivity/alpha_0.3,EAMS-ABC,3009,1.0911001915054708,0.02930694267448629,43,473.4125,46,502.2625,9,0.6317533999681473,6000
mk01,independent,0.15,sensitivity/alpha_0.5,EAMS-ABC,3000,1.1002458395807664,0.03144920436656922,42,475.8125,46,503.125,10,0.8025430999696255,6000
mk01,independent,0.15,sensitivity/alpha_0.5,EAMS-ABC,3001,1.0748376657116139,0.02527291891315584,44,474.0375,46,494.875,9,0.8218179000541568,6000
mk01,independent,0.15,sensitivity/alpha_0.5,EAMS-ABC,3002,1.1042962545092863,0.01925862747008002,43,469.1125,47,496.8625,11,1.0572810999583453,6000
mk01,independent,0.15,sensitivity/alpha_0.5,EAMS-ABC,3003,1.1065053962975608,0.02962437126419256,42,477.05,46,502.575,9,0.7776097001042217,6000
mk01,independent,0.15,sensitivity/alpha_0.5,EAMS-ABC,3004,1.0960637460845302,0.025209299623913786,43,471.925,46,504,10,0.8430185001343489,6000
mk01,independent,0.15,sensitivity/alpha_0.5,EAMS-ABC,3005,1.038599931711228,0.042939257548744884,45,474.55,47,498.475,7,0.6888232999481261,6000
mk01,independent,0.15,sensitivity/alpha_0.5,EAMS-ABC,3006,1.12100117278544,0.02209924544955201,42,469.6375,46,497.95,14,0.5322364999447018,6000
mk01,independent,0.15,sensitivity/alpha_0.5,EAMS-ABC,3007,1.104003058149375,0.0204473320277039,43,470.575,46,499.825,11,0.672687100013718,6000
mk01,independent,0.15,sensitivity/alpha_0.5,EAMS-ABC,3008,1.093128813408352,0.024532943934377997,43,476.95,46,496.375,8,0.5828984999097884,6000
mk01,independent,0.15,sensitivity/alpha_0.5,EAMS-ABC,3009,1.093456896423747,0.025510734061189175,43,473.1,46,502.075,12,0.5852233001496643,6000
mk01,independent,0.15,sensitivity/alpha_0.7,EAMS-ABC,3000,1.088644913228723,0.03850987420560319,42,481.875,46,503.0625,10,0.889651200035587,6000
mk01,independent,0.15,sensitivity/alpha_0.7,EAMS-ABC,3001,1.08329953533944,0.022510094484436343,44,469.4125,46,500.425,9,0.9668745000381023,6000
mk01,independent,0.15,sensitivity/alpha_0.7,EAMS-ABC,3002,1.1234773830554774,0.01899268780301878,42,469.5125,46,493.15,9,0.9874967001378536,6000
mk01,independent,0.15,sensitivity/alpha_0.7,EAMS-ABC,3003,1.0878579593533353,0.02975126488576112,43,474.3125,46,505.2,12,0.8307744001504034,6000
mk01,independent,0.15,sensitivity/alpha_0.7,EAMS-ABC,3004,1.113549531628094,0.026185640193745766,42,472.75,46,502.65,11,0.8287341999821365,6000
mk01,independent,0.15,sensitivity/alpha_0.7,EAMS-ABC,3005,1.1064719941806094,0.027494900157939116,42,476.7125,46,503.325,11,0.6605280998628587,6000
mk01,independent,0.15,sensitivity/alpha_0.7,EAMS-ABC,3006,1.0890049138225384,0.04013659124993263,42,482.8375,46,503.475,11,0.7040693999733776,6000
mk01,independent,0.15,sensitivity/alpha_0.7,EAMS-ABC,3007,1.1173811255771144,0.024505142576430116,42,471.925,46,502.5375,10,0.6163675000425428,6000
mk01,independent,0.15,sensitivity/alpha_0.7,EAMS-ABC,3008,1.1004468460978907,0.02349296101827728,43,469.6375,46,493.675,8,0.5930208000354469,6000
mk01,independent,0.15,sensitivity/alpha_0.7,EAMS-ABC,3009,1.038001514229302,0.031004587224061374,46,468.4625,46,493.075,5,0.6002972999121994,6000
mk01,independent,0.15,sensitivity/limit_15,EAMS-ABC,3000,1.0917847122222062,0.040156722889613534,42,476.15,46,502.125,9,0.7702217998448759,6000
mk01,independent,0.15,sensitivity/limit_15,EAMS-ABC,3001,1.071370525972002,0.027091478613872896,44,476.875,46,494.875,6,0.9883441000711173,6000
mk01,independent,0.15,sensitivity/limit_15,EAMS-ABC,3002,1.1080417452234976,0.020127976643335203,43,467.3875,46,500.65,12,0.7477106000296772,6000
mk01,independent,0.15,sensitivity/limit_15,EAMS-ABC,3003,1.1002339632725173,0.03295590530571637,42,479.0125,46,504.225,11,0.8799013001844287,6000
mk01,independent,0.15,sensitivity/limit_15,EAMS-ABC,3004,1.0949458885705383,0.02567988216423457,43,473.7,46,503.475,11,0.813039599917829,6000
mk01,independent,0.15,sensitivity/limit_15,EAMS-ABC,3005,1.0893662505010322,0.02844458275527352,43,476.2375,47,494.9125,8,0.6160190999507904,6000
mk01,independent,0.15,sensitivity/limit_15,EAMS-ABC,3006,1.1168058668962755,0.02362330834067339,42,472.1875,46,497.2,13,0.6688284000847489,6000
mk01,independent,0.15,sensitivity/limit_15,EAMS-ABC,3007,1.1023173646471998,0.02007251159035744,43,470.6875,46,498.5875,8,0.7118065999820828,6000
mk01,independent,0.15,sensitivity/limit_15,EAMS-ABC,3008,1.0961899318596817,0.02186887206111984,43,475.475,46,495.4,11,0.6400741001125425,6000
mk01,independent,0.15,sensitivity/limit_15,EAMS-ABC,3009,1.0934479891925595,0.02580388877332063,43,473.85,47,496.7875,9,0.7050757999531925,6000
mk01,independent,0.15,sensitivity/limit_30,EAMS-ABC,3000,1.1002458395807664,0.03144920436656922,42,475.8125,46,503.125,10,0.8054028998594731,6000
mk01,independent,0.15,sensitivity/limit_30,EAMS-ABC,3001,1.0748376657116139,0.02527291891315584,44,474.0375,46,494.875,9,0.9390612000133842,6000
mk01,independent,0.15,sensitivity/limit_30,EAMS-ABC,3002,1.1042962545092863,0.01925862747008002,43,469.1125,47,496.8625,11,0.9263937000650913,6000
mk01,independent,0.15,sensitivity/limit_30,EAMS-ABC,3003,1.1065053962975608,0.02962437126419256,42,477.05,46,502.575,9,0.9093593000434339,6000
mk01,independent,0.15,sensitivity/limit_30,EAMS-ABC,3004,1.0960637460845302,0.025209299623913786,43,471.925,46,504,10,0.836735500022769,6000
mk01,independent,0.15,sensitivity/limit_30,EAMS-ABC,3005,1.038599931711228,0.042939257548744884,45,474.55,47,498.475,7,0.6122873998247087,6000
mk01,independent,0.15,sensitivity/limit_30,EAMS-ABC,3006,1.12100117278544,0.02209924544955201,42,469.6375,46,497.95,14,0.6791433000471443,6000
mk01,independent,0.15,sensitivity/limit_30,EAMS-ABC,3007,1.104003058149375,0.0204473320277039,43,470.575,46,499.825,11,0.6394502001348883,6000
mk01,independent,0.15,sensitivity/limit_30,EAMS-ABC,3008,1.093128813408352,0.024532943934377997,43,476.95,46,496.375,8,0.5178873999975622,6000
mk01,independent,0.15,sensitivity/limit_30,EAMS-ABC,3009,1.093456896423747,0.025510734061189175,43,473.1,46,502.075,12,0.5692064999602735,6000
mk01,independent,0.15,sensitivity/limit_60,EAMS-ABC,3000,1.1002458395807664,0.03144920436656922,42,475.8125,46,503.125,10,1.03961219987832,6000
mk01,independent,0.15,sensitivity/limit_60,EAMS-ABC,3001,1.0748376657116139,0.02527291891315584,44,474.0375,46,494.875,9,0.9095179999712855,6000
mk01,independent,0.15,sensitivity/limit_60,EAMS-ABC,3002,1.101925446474964,0.023221157615600608,43,469.1125,47,496.8625,12,0.9314764000009745,6000
mk01,independent,0.15,sensitivity/limit_60,EAMS-ABC,3003,1.1065053962975608,0.02962437126419256,42,477.05,46,502.575,9,0.9293909000698477,6000
mk01,independent,0.15,sensitivity/limit_60,EAMS-ABC,3004,1.0960637460845302,0.025209299623913786,43,471.925,46,504,10,0.7785243999678642,6000
mk01,independent,0.15,sensitivity/limit_60,EAMS-ABC,3005,1.038599931711228,0.042939257548744884,45,474.55,47,498.475,7,0.6002766999881715,6000
mk01,independent,0.15,sensitivity/limit_60,EAMS-ABC,3006,1.12100117278544,0.02209924544955201,42,469.6375,46,497.95,14,0.5382969998754561,6000
mk01,independent,0.15,sensitivity/limit_60,EAMS-ABC,3007,1.104003058149375,0.0204473320277039,43,470.575,46,499.825,11,0.6913076001219451,6000
mk01,independent,0.15,sensitivity/limit_60,EAMS-ABC,3008,1.093128813408352,0.024532943934377997,43,476.95,46,496.375,8,0.6462583001703024,6000
mk01,independent,0.15,sensitivity/limit_60,EAMS-ABC,3009,1.093456896423747,0.025510734061189175,43,473.1,46,502.075,12,0.7262079999782145,6000
mk01,independent,0.15,sensitivity/reconstruction_0.1,EAMS-ABC,3000,1.1002458395807664,0.03144920436656922,42,475.8125,46,503.125,10,0.9673089999705553,6000
mk01,independent,0.15,sensitivity/reconstruction_0.1,EAMS-ABC,3001,1.0748376657116139,0.02527291891315584,44,474.0375,46,494.875,9,0.9329520999453962,6000
mk01,independent,0.15,sensitivity/reconstruction_0.1,EAMS-ABC,3002,1.1015468891495086,0.024042168096388202,43,469.1125,47,496.8625,12,0.9340907000005245,6000
mk01,independent,0.15,sensitivity/reconstruction_0.1,EAMS-ABC,3003,1.1065053962975608,0.02962437126419256,42,477.05,46,502.575,9,0.9693075998220593,6000
mk01,independent,0.15,sensitivity/reconstruction_0.1,EAMS-ABC,3004,1.0960637460845302,0.025209299623913786,43,471.925,46,504,10,0.8362450997810811,6000
mk01,independent,0.15,sensitivity/reconstruction_0.1,EAMS-ABC,3005,1.038599931711228,0.042939257548744884,45,474.55,47,498.475,7,0.5998351001180708,6000
mk01,independent,0.15,sensitivity/reconstruction_0.1,EAMS-ABC,3006,1.12100117278544,0.02209924544955201,42,469.6375,46,497.95,14,0.7347147001419216,6000
mk01,independent,0.15,sensitivity/reconstruction_0.1,EAMS-ABC,3007,1.104003058149375,0.0204473320277039,43,470.575,46,499.825,11,0.6295896000228822,6000
mk01,independent,0.15,sensitivity/reconstruction_0.1,EAMS-ABC,3008,1.093128813408352,0.024532943934377997,43,476.95,46,496.375,8,0.5525855000596493,6000
mk01,independent,0.15,sensitivity/reconstruction_0.1,EAMS-ABC,3009,1.093456896423747,0.025510734061189175,43,473.1,46,502.075,12,0.6688701000530273,6000
mk01,independent,0.15,sensitivity/reconstruction_0.2,EAMS-ABC,3000,1.1002458395807664,0.03144920436656922,42,475.8125,46,503.125,10,0.9594831001013517,6000
mk01,independent,0.15,sensitivity/reconstruction_0.2,EAMS-ABC,3001,1.0748376657116139,0.02527291891315584,44,474.0375,46,494.875,9,1.0776799998711795,6000
mk01,independent,0.15,sensitivity/reconstruction_0.2,EAMS-ABC,3002,1.1042962545092863,0.01925862747008002,43,469.1125,47,496.8625,11,0.8889051999431103,6000
mk01,independent,0.15,sensitivity/reconstruction_0.2,EAMS-ABC,3003,1.1065053962975608,0.02962437126419256,42,477.05,46,502.575,9,0.9751667000818998,6000
mk01,independent,0.15,sensitivity/reconstruction_0.2,EAMS-ABC,3004,1.0960637460845302,0.025209299623913786,43,471.925,46,504,10,0.8301492999307811,6000
mk01,independent,0.15,sensitivity/reconstruction_0.2,EAMS-ABC,3005,1.038599931711228,0.042939257548744884,45,474.55,47,498.475,7,0.5139948998112231,6000
mk01,independent,0.15,sensitivity/reconstruction_0.2,EAMS-ABC,3006,1.12100117278544,0.02209924544955201,42,469.6375,46,497.95,14,0.6265947001520544,6000
mk01,independent,0.15,sensitivity/reconstruction_0.2,EAMS-ABC,3007,1.104003058149375,0.0204473320277039,43,470.575,46,499.825,11,0.7603117001708597,6000
mk01,independent,0.15,sensitivity/reconstruction_0.2,EAMS-ABC,3008,1.093128813408352,0.024532943934377997,43,476.95,46,496.375,8,0.5690204000566155,6000
mk01,independent,0.15,sensitivity/reconstruction_0.2,EAMS-ABC,3009,1.093456896423747,0.025510734061189175,43,473.1,46,502.075,12,0.6335167998913676,6000
mk01,independent,0.15,sensitivity/reconstruction_0.3,EAMS-ABC,3000,1.1002458395807664,0.03144920436656922,42,475.8125,46,503.125,10,0.7545203999616206,6000
mk01,independent,0.15,sensitivity/reconstruction_0.3,EAMS-ABC,3001,1.0748376657116139,0.02527291891315584,44,474.0375,46,494.875,9,0.9810669000726193,6000
mk01,independent,0.15,sensitivity/reconstruction_0.3,EAMS-ABC,3002,1.1015468891495086,0.024042168096388202,43,469.1125,47,496.8625,12,0.9386553999502212,6000
mk01,independent,0.15,sensitivity/reconstruction_0.3,EAMS-ABC,3003,1.1065053962975608,0.02962437126419256,42,477.05,46,502.575,9,0.9123116000555456,6000
mk01,independent,0.15,sensitivity/reconstruction_0.3,EAMS-ABC,3004,1.0960637460845302,0.025209299623913786,43,471.925,46,504,10,0.8043131998274475,6000
mk01,independent,0.15,sensitivity/reconstruction_0.3,EAMS-ABC,3005,1.038599931711228,0.042939257548744884,45,474.55,47,498.475,7,0.5610438000876456,6000
mk01,independent,0.15,sensitivity/reconstruction_0.3,EAMS-ABC,3006,1.12100117278544,0.02209924544955201,42,469.6375,46,497.95,14,0.7037248997949064,6000
mk01,independent,0.15,sensitivity/reconstruction_0.3,EAMS-ABC,3007,1.104003058149375,0.0204473320277039,43,470.575,46,499.825,11,0.5692840002011508,6000
mk01,independent,0.15,sensitivity/reconstruction_0.3,EAMS-ABC,3008,1.093128813408352,0.024532943934377997,43,476.95,46,496.375,8,0.5818857999984175,6000
mk01,independent,0.15,sensitivity/reconstruction_0.3,EAMS-ABC,3009,1.093456896423747,0.025510734061189175,43,473.1,46,502.075,12,0.545258600031957,6000
mk01,independent,0.15,sensitivity/rho_0.1,EAMS-ABC,3000,1.0972678552871842,0.03523596869630797,42,480.5125,46,504.75,10,0.9469838000368327,6000
mk01,independent,0.15,sensitivity/rho_0.1,EAMS-ABC,3001,1.1280497617315661,0.01714528804010657,42,469.8625,47,496.5625,13,0.9206666999962181,6000
mk01,independent,0.15,sensitivity/rho_0.1,EAMS-ABC,3002,1.1132800878846811,0.02469146730263286,42,476.3875,46,494.3125,11,0.8115664999932051,6000
mk01,independent,0.15,sensitivity/rho_0.1,EAMS-ABC,3003,1.1051863838125922,0.02988975858514904,42,479.2375,46,494.725,8,0.7486145000439137,6000
mk01,independent,0.15,sensitivity/rho_0.1,EAMS-ABC,3004,1.115970813972477,0.025358482315772167,42,473.725,46,499.4125,10,0.9560219999402761,6000
mk01,independent,0.15,sensitivity/rho_0.1,EAMS-ABC,3005,1.1126647466634996,0.02433204770053873,42,471.1,46,499.75,10,0.608175199944526,6000
mk01,independent,0.15,sensitivity/rho_0.1,EAMS-ABC,3006,1.1123663544187288,0.026379433944916517,42,472.925,46,504.825,13,0.5909180000890046,6000
mk01,independent,0.15,sensitivity/rho_0.1,EAMS-ABC,3007,1.093511230533989,0.037937583336127595,42,482.175,46,504.075,12,0.6759133001323789,6000
mk01,independent,0.15,sensitivity/rho_0.1,EAMS-ABC,3008,1.1086676266682503,0.03141130082790109,42,471.9375,46,505.3875,14,0.7125216999556869,6000
mk01,independent,0.15,sensitivity/rho_0.1,EAMS-ABC,3009,1.1225354433574324,0.019885528583439834,42,473,46,499.825,13,0.6106129998806864,6000
mk01,independent,0.15,sensitivity/rho_0.2,EAMS-ABC,3000,1.1002458395807664,0.03144920436656922,42,475.8125,46,503.125,10,0.7703956998884678,6000
mk01,independent,0.15,sensitivity/rho_0.2,EAMS-ABC,3001,1.0748376657116139,0.02527291891315584,44,474.0375,46,494.875,9,1.0329881999641657,6000
mk01,independent,0.15,sensitivity/rho_0.2,EAMS-ABC,3002,1.1042962545092863,0.01925862747008002,43,469.1125,47,496.8625,11,0.8048678999766707,6000
mk01,independent,0.15,sensitivity/rho_0.2,EAMS-ABC,3003,1.1065053962975608,0.02962437126419256,42,477.05,46,502.575,9,0.8809248001780361,6000
mk01,independent,0.15,sensitivity/rho_0.2,EAMS-ABC,3004,1.0960637460845302,0.025209299623913786,43,471.925,46,504,10,0.9091866998933256,6000
mk01,independent,0.15,sensitivity/rho_0.2,EAMS-ABC,3005,1.038599931711228,0.042939257548744884,45,474.55,47,498.475,7,0.6345875000115484,6000
mk01,independent,0.15,sensitivity/rho_0.2,EAMS-ABC,3006,1.12100117278544,0.02209924544955201,42,469.6375,46,497.95,14,0.5846057999879122,6000
mk01,independent,0.15,sensitivity/rho_0.2,EAMS-ABC,3007,1.104003058149375,0.0204473320277039,43,470.575,46,499.825,11,0.5825562998652458,6000
mk01,independent,0.15,sensitivity/rho_0.2,EAMS-ABC,3008,1.093128813408352,0.024532943934377997,43,476.95,46,496.375,8,0.5327864000573754,6000
mk01,independent,0.15,sensitivity/rho_0.2,EAMS-ABC,3009,1.093456896423747,0.025510734061189175,43,473.1,46,502.075,12,0.6221111000049859,6000
mk01,independent,0.15,sensitivity/rho_0.4,EAMS-ABC,3000,1.077929365656686,0.032955000937958445,43,481.4375,46,499.825,8,0.9842505999840796,6000
mk01,independent,0.15,sensitivity/rho_0.4,EAMS-ABC,3001,1.0927116580810858,0.026228887907370647,43,471.4,46,495.7,7,0.8673283997923136,6000
mk01,independent,0.15,sensitivity/rho_0.4,EAMS-ABC,3002,1.0926531672629565,0.037738259576452424,42,481.15,46,502.65,10,0.8146992998663336,6000
mk01,independent,0.15,sensitivity/rho_0.4,EAMS-ABC,3003,1.0842512729917906,0.030120342091660812,43,478.625,46,501.325,9,0.7951156999915838,6000
mk01,independent,0.15,sensitivity/rho_0.4,EAMS-ABC,3004,1.0627550066061968,0.034124643931169846,44,477.3625,46,505.3875,10,0.8741542999632657,6000
mk01,independent,0.15,sensitivity/rho_0.4,EAMS-ABC,3005,1.1079142233636676,0.02929372404588032,42,475.25,46,502.65,14,0.666806299937889,6000
mk01,independent,0.15,sensitivity/rho_0.4,EAMS-ABC,3006,1.102027285818204,0.03346550907778416,42,474.8875,46,504.45,16,0.5293934000656009,6000
mk01,independent,0.15,sensitivity/rho_0.4,EAMS-ABC,3007,1.0897639583735397,0.015694136477675945,44,468.625,46,494.575,7,0.7042109000030905,6000
mk01,independent,0.15,sensitivity/rho_0.4,EAMS-ABC,3008,1.1197370882261253,0.02227927948597175,42,472.175,46,498.025,13,0.6073515999596566,6000
mk01,independent,0.15,sensitivity/rho_0.4,EAMS-ABC,3009,1.0480928133489706,0.034029267002352315,45,471.9375,46,498.7,6,0.6321228998713195,6000
mk02,independent,0.15,ablation,no-adaptive,1000,1.1061193618848484,0.02475762797356598,31,502.5375,35,513.125,10,0.8374622999690473,6000
mk02,independent,0.15,ablation,no-adaptive,1001,1.134055569038907,0.017922463813421417,29,502.2625,35,512.375,13,0.9059258000925183,6000
mk02,independent,0.15,ablation,no-adaptive,1002,1.0984842198118143,0.027850248178384194,30,504.775,34,516.6,9,0.9475347001571208,6000
mk02,independent,0.15,ablation,no-adaptive,1003,1.1017338370920764,0.02392414869726833,32,500.8,34,516,11,0.9506721999496222,6000
mk02,independent,0.15,ablation,no-adaptive,1004,1.1147673110671352,0.02458908049150508,30,503.4625,37,511.425,12,0.9043354000896215,6000
mk02,independent,0.15,ablation,no-adaptive,1005,1.0988838585617207,0.02735271845074134,31,503.725,36,514.025,10,0.9695158998947591,6000
mk02,independent,0.15,ablation,no-adaptive,1006,1.1420751810917782,0.025104134581505018,29,500.2,35,516.65,15,0.8191605000756681,6000
mk02,independent,0.15,ablation,no-adaptive,1007,1.0935803898140546,0.029766896658495974,31,504.7,35,515.15,11,0.757665699813515,6000
mk02,independent,0.15,ablation,no-adaptive,1008,1.0907459301023075,0.03185272046864144,31,505.1125,37,511.125,10,0.8622540000360459,6000
mk02,independent,0.15,ablation,no-adaptive,1009,1.1558198370173998,0.01706531219354012,30,495.7125,35,514.475,15,0.8277006999123842,6000
mk02,independent,0.15,ablation,no-adaptive,1010,1.1146033716675383,0.027470193754422063,31,500.35,36,511.7875,11,0.8298624998424202,6000
mk02,independent,0.15,ablation,no-adaptive,1011,1.086843588977672,0.028406022745849434,31,506.25,37,509.5625,9,0.9219984000083059,6000
mk02,independent,0.15,ablation,no-adaptive,1012,1.1204846538720037,0.026043752445156304,29,504.625,37,510.15,11,0.864134700037539,6000
mk02,independent,0.15,ablation,no-adaptive,1013,1.1128241916212387,0.026409433850904867,31,501,37,512.475,11,0.9474996000062674,6000
mk02,independent,0.15,ablation,no-adaptive,1014,1.120858155664253,0.022656447246754988,30,502.3375,34,516.8625,9,0.8784362999722362,6000
mk02,independent,0.15,ablation,no-adaptive,1015,1.1268942760062732,0.019469772217521518,31,498.6125,35,514.5875,12,0.7393759000115097,6000
mk02,independent,0.15,ablation,no-adaptive,1016,1.1249132346352029,0.032139050517172404,31,497.95,36,517.0625,10,0.9441362000070512,6000
mk02,independent,0.15,ablation,no-adaptive,1017,1.0956951497274294,0.02337288745393414,33,499.4,36,511.9,11,0.7965879000257701,6000
mk02,independent,0.15,ablation,no-adaptive,1018,1.1229004555298334,0.02277337365531521,31,499.075,35,512.9,12,0.8765300998929888,6000
mk02,independent,0.15,ablation,no-adaptive,1019,1.1173604706519307,0.03361075866466308,30,501.8875,34,519.625,12,0.8751104001421481,6000
mk02,independent,0.15,ablation,no-adaptive,1020,1.126417043163319,0.02941034588146272,29,502.4625,34,517.2,11,0.7838639998808503,6000
mk02,independent,0.15,ablation,no-adaptive,1021,1.1136412049137485,0.023152966905680215,31,501.0875,35,515.15,11,0.9055222000461072,6000
mk02,independent,0.15,ablation,no-adaptive,1022,1.1365342627511021,0.02429298034537369,30,499,35,516.875,12,0.649649300146848,6000
mk02,independent,0.15,ablation,no-adaptive,1023,1.1302342058098727,0.023713639181812515,31,497.475,36,513.925,13,0.7391830999404192,6000
mk02,independent,0.15,ablation,no-adaptive,1024,1.1053753920543654,0.03497140053894192,31,501.7125,37,511.725,13,0.7181318998336792,6000
mk02,independent,0.15,ablation,no-adaptive,1025,1.1253369100515276,0.023001847145259546,30,501.075,35,514.1,10,0.9700535999145359,6000
mk02,independent,0.15,ablation,no-adaptive,1026,1.1268903087894862,0.024111819327750608,31,498.25,38,508.925,13,0.8231741001363844,6000
mk02,independent,0.15,ablation,no-adaptive,1027,1.1015651136957663,0.024442731026604814,32,500.725,36,512.725,10,0.8976090999785811,6000
mk02,independent,0.15,ablation,no-adaptive,1028,1.1223659314091554,0.020263251830756585,30,501.925,37,510.0875,11,0.8728117002174258,6000
mk02,independent,0.15,ablation,no-adaptive,1029,1.0869426527145103,0.02582395665152725,32,503.75,34,516.4875,10,0.8944904999807477,6000
mk02,independent,0.15,ablation,no-critical,1000,1.1020101420730344,0.03684540613324816,30,504.625,37,511.9625,10,0.8337977998889983,6000
mk02,independent,0.15,ablation,no-critical,1001,1.1191186477858266,0.021318548674460064,30,502.8,37,510.1125,10,0.6557006000075489,6000
mk02,independent,0.15,ablation,no-critical,1002,1.1329436981928163,0.024183133877069524,32,493.9375,34,516.675,14,0.766148200025782,6000
mk02,independent,0.15,ablation,no-critical,1003,1.1392990628033755,0.026636855464661945,29,500.7375,36,513.4625,12,0.7557431999593973,6000
mk02,independent,0.15,ablation,no-critical,1004,1.127896931707864,0.027259255167527648,30,500.5125,37,510.625,13,0.6678410999011248,6000
mk02,independent,0.15,ablation,no-critical,1005,1.099648014524681,0.025454597449483436,32,501.1,37,510.675,11,0.7165982001461089,6000
mk02,independent,0.15,ablation,no-critical,1006,1.1341298960122472,0.019738732807434135,30,499.7375,35,514.375,11,0.8933619000017643,6000
mk02,independent,0.15,ablation,no-critical,1007,1.0993437056605186,0.025390362452119564,32,501.25,35,513.425,9,0.7232216999400407,6000
mk02,independent,0.15,ablation,no-critical,1008,1.1235855005227395,0.028817757998951907,30,501.2625,37,512.3625,11,0.8031116998754442,6000
mk02,independent,0.15,ablation,no-critical,1009,1.1220745743409755,0.022715105027799658,31,499.4125,35,513.425,14,0.831501399865374,6000
mk02,independent,0.15,ablation,no-critical,1010,1.0980074537002467,0.02932488778589027,32,501.1,34,517.7625,11,0.6608963999897242,6000
mk02,independent,0.15,ablation,no-critical,1011,1.06677600627287,0.040617988461187596,31,509.5125,36,514.5625,9,0.8557694000191987,6000
mk02,independent,0.15,ablation,no-critical,1012,1.0697388171159736,0.029451105442973306,33,504.25,34,516.0375,8,0.6701652999036014,6000
mk02,independent,0.15,ablation,no-critical,1013,1.1323903881338215,0.02824662714763206,30,499.45,36,514.25,12,0.7742188998963684,6000
mk02,independent,0.15,ablation,no-critical,1014,1.0785525726234038,0.03562302420481868,31,507.4875,34,517.2375,10,0.7464211999904364,6000
mk02,independent,0.15,ablation,no-critical,1015,1.079514856060041,0.033518385071043585,32,504.65,36,514.925,10,0.7164326999336481,6000
mk02,independent,0.15,ablation,no-critical,1016,1.1417007458367563,0.02686099765160921,30,497.475,35,515.15,12,0.6655575002077967,6000
mk02,independent,0.15,ablation,no-critical,1017,1.115794936897917,0.01883646062357401,31,501,37,509.8625,10,0.5554258001502603,6000
mk02,independent,0.15,ablation,no-critical,1018,1.1035503556493171,0.021479842774984256,34,495.2375,35,514.7,9,0.7875692998059094,6000
mk02,independent,0.15,ablation,no-critical,1019,1.1204321465909945,0.022688097186580818,31,499.7125,36,513.6125,12,0.8108477001078427,6000
mk02,independent,0.15,ablation,no-critical,1020,1.1232083815622438,0.03396788804397265,30,500.6125,37,514.725,16,0.7966772001236677,6000
mk02,independent,0.15,ablation,no-critical,1021,1.1397731452094693,0.021269085331902395,30,498.475,37,509.5875,13,0.7406788999214768,6000
mk02,independent,0.15,ablation,no-critical,1022,1.0884064390262118,0.037685772587205554,31,505.3,34,519.6,11,0.7862321001011878,6000
mk02,independent,0.15,ablation,no-critical,1023,1.1462574443656188,0.03051495416250211,30,496.125,35,515.675,16,0.7792497999034822,6000
mk02,independent,0.15,ablation,no-critical,1024,1.1052592926219107,0.03242816800553462,30,504.6375,36,515.675,11,0.7352045001462102,6000
mk02,independent,0.15,ablation,no-critical,1025,1.103016298260026,0.023417664509888636,33,497.95,37,508.5375,10,0.8061622001696378,6000
mk02,independent,0.15,ablation,no-critical,1026,1.071649498730491,0.046487677237807404,30,510.025,37,514.3875,10,0.7370676000136882,6000
mk02,independent,0.15,ablation,no-critical,1027,1.10447716750056,0.04023398195240342,31,501.4875,37,513.425,12,0.7650383999571204,6000
mk02,independent,0.15,ablation,no-critical,1028,1.1253003883205142,0.019635195799959444,31,499.05,37,509.85,12,0.8413402000442147,6000
mk02,independent,0.15,ablation,no-critical,1029,1.131953410872975,0.0207036456192597,31,497.5875,36,513.65,14,0.7579898999538273,6000
mk02,independent,0.15,ablation,no-exchange,1000,1.0376739041147045,0.06434359398266633,31,513.3625,39,513.3625,6,0.8038397000636905,6000
mk02,independent,0.15,ablation,no-exchange,1001,1.0601633559853638,0.05143637985971275,31,509.8625,37,516.8375,10,1.0269619999453425,6000
mk02,independent,0.15,ablation,no-exchange,1002,0.9884508951908002,0.08049799736031982,32,520.4,33,523.5375,5,0.989003699971363,6000
mk02,independent,0.15,ablation,no-exchange,1003,1.0580543135314766,0.05972484575387253,30,512.225,37,517.3625,6,0.9805266999173909,6000
mk02,independent,0.15,ablation,no-exchange,1004,1.042763376521545,0.06830154890600969,31,511.7125,36,520.4625,11,0.8486693999730051,6000
mk02,independent,0.15,ablation,no-exchange,1005,1.0108897067059968,0.07864313155994507,32,515.5375,37,520.6,7,0.911840199958533,6000
mk02,independent,0.15,ablation,no-exchange,1006,1.0548118139048617,0.06782767261372727,31,506.25,36,519.8875,9,0.8998704999685287,6000
mk02,independent,0.15,ablation,no-exchange,1007,1.0493816275856922,0.05704639798022399,31,510.9,37,517.3,8,0.9330936998594552,6000
mk02,independent,0.15,ablation,no-exchange,1008,1.0595314016877009,0.05788798488691134,31,509.4125,38,516.8625,11,0.964242700021714,6000
mk02,independent,0.15,ablation,no-exchange,1009,1.0466421477111494,0.057465930807495326,31,511.9875,37,515.7375,7,0.8941248001065105,6000
mk02,independent,0.15,ablation,no-exchange,1010,1.043076436599209,0.06180842940847069,30,514.55,35,519.725,7,0.9362862000707537,6000
mk02,independent,0.15,ablation,no-exchange,1011,1.0424451823986263,0.05062967194515382,32,510.8875,36,516.1,5,0.9725240999832749,6000
mk02,independent,0.15,ablation,no-exchange,1012,1.0488248170412968,0.05646175631339769,31,511.75,34,519.75,7,1.0087532999459654,6000
mk02,independent,0.15,ablation,no-exchange,1013,1.0540305055634385,0.0716192328764415,31,509.1125,37,516.85,7,0.8723591000307351,6000
mk02,independent,0.15,ablation,no-exchange,1014,1.0207935133671873,0.06637790316607528,32,513.8875,35,521.3,7,0.9371511000208557,6000
mk02,independent,0.15,ablation,no-exchange,1015,1.049970525912927,0.07188814192945686,30,513.0375,36,522.475,12,1.0268560000695288,6000
mk02,independent,0.15,ablation,no-exchange,1016,1.0052269714733777,0.07631009799868498,31,518.3875,34,521.7875,7,1.0951145000290126,6000
mk02,independent,0.15,ablation,no-exchange,1017,1.0551827486744831,0.062084712885994056,30,512.475,37,516.975,9,0.9382220001425594,6000
mk02,independent,0.15,ablation,no-exchange,1018,1.0452462708162202,0.06749781899861905,30,514.25,37,518.2125,9,0.8673137999139726,6000
mk02,independent,0.15,ablation,no-exchange,1019,1.0349633615861404,0.06630341801946008,31,513.925,36,520.925,8,0.8818532999139279,6000
mk02,independent,0.15,ablation,no-exchange,1020,1.0577434704278992,0.056151368506071185,30,511.675,36,519.1,8,1.000529000069946,6000
mk02,independent,0.15,ablation,no-exchange,1021,1.0425244100515279,0.05662780103070393,31,512.8,34,520.65,7,0.9333107999991626,6000
mk02,independent,0.15,ablation,no-exchange,1022,1.0518669722201481,0.05481692750128456,31,511.525,34,521.2625,9,1.177321500144899,6000
mk02,independent,0.15,ablation,no-exchange,1023,1.0142476056679857,0.06696196914747433,32,515.7625,34,523.075,7,0.8520463998429477,6000
mk02,independent,0.15,ablation,no-exchange,1024,1.0404343869016508,0.08204073280862988,31,502.9625,34,524.725,9,1.0257400998380035,6000
mk02,independent,0.15,ablation,no-exchange,1025,1.0466736520797553,0.06245897880761868,31,511.675,37,518.6625,10,0.987077800091356,6000
mk02,independent,0.15,ablation,no-exchange,1026,1.0518625382719742,0.06580758821267717,31,508.1125,36,521.35,13,1.011382200056687,6000
mk02,independent,0.15,ablation,no-exchange,1027,1.0275796710477192,0.07419959053361343,31,514.175,34,524.8875,10,0.928766000084579,6000
mk02,independent,0.15,ablation,no-exchange,1028,1.0544062243297738,0.061687844208231965,31,510.3625,39,516.775,9,1.0449846000410616,6000
mk02,independent,0.15,ablation,no-exchange,1029,1.0213713268239863,0.07734852103426351,30,517.45,35,521.5625,6,0.8793353999499232,6000
mk02,independent,0.15,ablation,no-gap,1000,1.1250800911059673,0.019204425332696003,31,499.075,36,512.3125,11,0.8153093999717385,6000
mk02,independent,0.15,ablation,no-gap,1001,1.146067368008364,0.014196484557587603,31,495.15,37,508.8125,12,0.7713623000308871,6000
mk02,independent,0.15,ablation,no-gap,1002,1.0898157344485104,0.033662985716252994,31,505.15,37,511.65,11,0.785619999980554,6000
mk02,independent,0.15,ablation,no-gap,1003,1.1332904796131738,0.020624418921971772,30,499.8125,35,514.5875,11,0.8739567999728024,6000
mk02,independent,0.15,ablation,no-gap,1004,1.1136083003509825,0.032544163316466895,31,500.3125,36,515.8,12,0.7413192000240088,6000
mk02,independent,0.15,ablation,no-gap,1005,1.1243867616309462,0.026253874030432636,31,498.55,34,517.95,12,0.7225717999972403,6000
mk02,independent,0.15,ablation,no-gap,1006,1.0924834543723398,0.029795598144543856,30,503.6125,37,509.675,11,0.7795657000970095,6000
mk02,independent,0.15,ablation,no-gap,1007,1.1062620650063482,0.02460052208776981,32,499.8375,36,512.7625,11,0.8082419999409467,6000
mk02,independent,0.15,ablation,no-gap,1008,1.1573511826973344,0.008279475928303383,30,495.8875,35,513.125,11,0.8148386001121253,6000
mk02,independent,0.15,ablation,no-gap,1009,1.1047041156373687,0.02420521102256238,32,500.25,35,516.025,12,0.7732799001969397,6000
mk02,independent,0.15,ablation,no-gap,1010,1.1274951926667163,0.019571701006920676,31,498.55,37,509.5875,12,0.7039874999318272,6000
mk02,independent,0.15,ablation,no-gap,1011,1.1288215265850203,0.022193872119740148,30,500.6875,35,514.175,12,0.9493386000394821,6000
mk02,independent,0.15,ablation,no-gap,1012,1.0850113182361287,0.03017386268882313,32,503.725,34,516.675,9,0.674588899826631,6000
mk02,independent,0.15,ablation,no-gap,1013,1.1142467888880596,0.025410219349050994,31,500.65,36,513.625,11,0.7961639999412,6000
mk02,independent,0.15,ablation,no-gap,1014,1.1558992980359946,0.02162863885291126,29,497.0875,36,514.375,15,0.8359288000501692,6000
mk02,independent,0.15,ablation,no-gap,1015,1.153944510305429,0.017299531918435297,30,495.75,36,512.675,12,0.8195295999757946,6000
mk02,independent,0.15,ablation,no-gap,1016,1.127014576021208,0.02689657110538989,30,500.6125,35,516.425,16,0.7887309000361711,6000
mk02,independent,0.15,ablation,no-gap,1017,1.1072363667761935,0.024104946863693376,32,499.7125,36,513.0625,11,0.7987395999953151,6000
mk02,independent,0.15,ablation,no-gap,1018,1.1364358991113441,0.029557776814616805,29,500.575,37,510.4875,12,0.8098834999836981,6000
mk02,independent,0.15,ablation,no-gap,1019,1.1226443366813534,0.026204668695513196,30,500.6875,36,514.5625,13,0.7973734000697732,6000
mk02,independent,0.15,ablation,no-gap,1020,1.1150734868568446,0.030672740224625433,30,502.6375,36,515.7625,12,0.8343940998893231,6000
mk02,independent,0.15,ablation,no-gap,1021,1.096866062093944,0.03371890783153875,32,500.95,37,512.8875,11,0.8992660001385957,6000
mk02,independent,0.15,ablation,no-gap,1022,1.1359335794563519,0.019326706327815094,30,499.4625,37,509.3625,12,0.7708171000704169,6000
mk02,independent,0.15,ablation,no-gap,1023,1.1181974367112244,0.019128389862025173,31,500.25,37,508.925,10,0.7067565999459475,6000
mk02,independent,0.15,ablation,no-gap,1024,1.1368735764692708,0.03111824451024281,30,498.1,34,518.775,12,0.6796370001975447,6000
mk02,independent,0.15,ablation,no-gap,1025,1.140063568814876,0.025889160073664222,29,499.95,36,514.175,15,0.8264270999934524,6000
mk02,independent,0.15,ablation,no-gap,1026,1.1501404161377045,0.023154429890932547,30,496.1625,37,512.925,12,0.7739963999483734,6000
mk02,independent,0.15,ablation,no-gap,1027,1.133912282503174,0.016778935968386165,31,497.5,35,512.65,14,0.8620034998748451,6000
mk02,independent,0.15,ablation,no-gap,1028,1.1259777322455384,0.01634246866796838,32,496.5,37,508.8125,12,0.660161699866876,6000
mk02,independent,0.15,ablation,no-gap,1029,1.149444636322904,0.010044379029716317,31,494.825,37,508.2875,10,0.729265799978748,6000
mk02,independent,0.15,ablation,no-rebuild,1000,1.1211476458068852,0.029175644538500647,29,504.4,37,511.65,12,0.9078414998948574,6000
mk02,independent,0.15,ablation,no-rebuild,1001,1.1351259007915768,0.023471038871673428,30,499.3125,34,516.6,14,1.0255081998184323,6000
mk02,independent,0.15,ablation,no-rebuild,1002,1.1143598545665006,0.024473149939909365,30,503.125,37,509.9,12,0.8972829000558704,6000
mk02,independent,0.15,ablation,no-rebuild,1003,1.0912238630423423,0.028739439330984884,31,505.3125,37,511.2,10,0.8456345000304282,6000
mk02,independent,0.15,ablation,no-rebuild,1004,1.128372530990965,0.028014342686815463,30,500.15,36,516.0125,12,0.9395197001285851,6000
mk02,independent,0.15,ablation,no-rebuild,1005,1.1148855107908302,0.025177017192363434,31,500.575,36,511.9,13,0.9956263001076877,6000
mk02,independent,0.15,ablation,no-rebuild,1006,1.1077678571428577,0.025459722407390688,31,502.1375,35,514.3625,12,0.6769485000986606,6000
mk02,independent,0.15,ablation,no-rebuild,1007,1.1211310768426561,0.023692452598686166,31,499.525,35,515.725,12,0.7128894000779837,6000
mk02,independent,0.15,ablation,no-rebuild,1008,1.0998697119333887,0.03337327660830923,30,505.575,34,518.175,11,0.839450600091368,6000
mk02,independent,0.15,ablation,no-rebuild,1009,1.1296209207676802,0.020180869339051756,31,498.025,35,513.125,13,0.8510630000382662,6000
mk02,independent,0.15,ablation,no-rebuild,1010,1.1096253313792852,0.024810060912366073,32,499.075,36,512.8375,11,0.766164000146091,6000
mk02,independent,0.15,ablation,no-rebuild,1011,1.1356773439250243,0.02150632847821877,30,499.45,34,516.75,12,0.853142200037837,6000
mk02,independent,0.15,ablation,no-rebuild,1012,1.0966575498469124,0.0270342392412718,31,504.2875,37,509.475,10,0.85863530007191,6000
mk02,independent,0.15,ablation,no-rebuild,1013,1.0875603717048765,0.036292210948719435,30,508.0875,34,518.4,9,0.7886845001485199,6000
mk02,independent,0.15,ablation,no-rebuild,1014,1.0935833068852214,0.03057856101439448,30,506.125,35,514.1875,10,0.8049125999677926,6000
mk02,independent,0.15,ablation,no-rebuild,1015,1.120473102270182,0.026819273887128854,30,501.8375,35,516.6125,12,0.9159401999786496,6000
mk02,independent,0.15,ablation,no-rebuild,1016,1.1223704820401768,0.02781953899735519,31,498.8625,37,511.2875,11,0.7927798999007791,6000
mk02,independent,0.15,ablation,no-rebuild,1017,1.0951143025166163,0.028897710195613352,31,504.3375,35,515.125,12,0.7705918999854475,6000
mk02,independent,0.15,ablation,no-rebuild,1018,1.1174063270106789,0.03182770313383457,29,504.1,35,515.45,14,0.7844916000030935,6000
mk02,independent,0.15,ablation,no-rebuild,1019,1.1349890318124116,0.017532791854659717,31,497.0375,37,509.2875,12,0.6614339998923242,6000
mk02,independent,0.15,ablation,no-rebuild,1020,1.1067046430438356,0.026996537662490654,31,502.3,36,514.225,14,0.7609590999782085,6000
mk02,independent,0.15,ablation,no-rebuild,1021,1.0945483907101785,0.03191509047545779,31,504.3375,35,515.675,9,0.7731025998946279,6000
mk02,independent,0.15,ablation,no-rebuild,1022,1.1295754144574717,0.0234113203715587,31,497.8375,35,517.1375,13,0.8216905000153929,6000
mk02,independent,0.15,ablation,no-rebuild,1023,1.1033284248749167,0.03055911723661347,32,499.9375,36,514.45,11,0.8305985999759287,6000
mk02,independent,0.15,ablation,no-rebuild,1024,1.105903731984169,0.026613135978957463,31,502.3125,35,515.15,10,1.0384514001198113,6000
mk02,independent,0.15,ablation,no-rebuild,1025,1.1511219522440446,0.01654216128677206,30,496.5,34,516.45,13,0.7999468001071364,6000
mk02,independent,0.15,ablation,no-rebuild,1026,1.1377540652303786,0.019426309298436095,30,499.1125,34,516.0375,12,0.7939219002146274,6000
mk02,independent,0.15,ablation,no-rebuild,1027,1.130965457210067,0.023169969545538377,30,500.1125,37,512.325,12,0.8509174000937492,6000
mk02,independent,0.15,ablation,no-rebuild,1028,1.0954749691957284,0.025735413597987145,32,501.925,37,510.65,10,0.8721211000811309,6000
mk02,independent,0.15,ablation,no-rebuild,1029,1.1125649223358975,0.035020206290482164,31,500.2875,37,513.675,11,0.9147744998335838,6000
mk02,independent,0.15,main,DABC,1000,1.008792915951012,0.08107421413548062,32,515.725,39,517.675,8,0.522312399931252,6000
mk02,independent,0.15,main,DABC,1001,1.0146732646927041,0.07213738928963252,32,511.675,35,521.475,9,0.6056524999439716,6000
mk02,independent,0.15,main,DABC,1002,1.0217491458815624,0.06316687477161223,32,512.2625,36,515.2375,7,0.6891572000458837,6000
mk02,independent,0.15,main,DABC,1003,1.0123217552833998,0.08325762841045756,31,515.5,38,519.1375,10,0.5884145998861641,6000
mk02,independent,0.15,main,DABC,1004,1.0325339080352478,0.07416226165065057,32,511.425,39,518.55,10,0.5900404001586139,6000
mk02,independent,0.15,main,DABC,1005,1.0055114442536033,0.07560217906124325,33,514.325,36,524.2125,6,0.5159760999958962,6000
mk02,independent,0.15,main,DABC,1006,1.0069767474423124,0.07541138119896984,33,513.7375,39,515.65,6,0.6224888998549432,6000
mk02,independent,0.15,main,DABC,1007,1.0329025091479356,0.06820301458830877,31,511.5875,38,515.775,8,0.589452899992466,6000
mk02,independent,0.15,main,DABC,1008,0.9891938148756627,0.09090281302614309,31,518.35,36,524.5125,6,0.6455851998180151,6000
mk02,independent,0.15,main,DABC,1009,1.0232865590695248,0.06752247982579115,32,512.275,37,515.325,9,0.5116615002043545,6000
mk02,independent,0.15,main,DABC,1010,1.0386346706743337,0.07652818230112021,31,512.1625,35,526.7,9,0.6112653999589384,6000
mk02,independent,0.15,main,DABC,1011,0.9922698080800539,0.08131511560532327,33,512.9625,36,520.8625,6,0.6022274999413639,6000
mk02,independent,0.15,main,DABC,1012,0.9994126652229112,0.07394460184001933,33,515.35,36,517.475,5,0.5785582999233156,6000
mk02,independent,0.15,main,DABC,1013,1.0061864545216939,0.07077844080287016,32,515.75,35,521.975,6,0.6119854000862688,6000
mk02,independent,0.15,main,DABC,1014,1.0075036871779557,0.0767564235620766,33,513.4375,37,518.4,7,0.6094130000565201,6000
mk02,independent,0.15,main,DABC,1015,1.005774564072885,0.08129804528524165,32,515.875,36,520.425,6,0.6220056999009103,6000
mk02,independent,0.15,main,DABC,1016,0.9806487799641556,0.0998704177130176,32,509.3875,36,524.3625,7,0.6111875998321921,6000
mk02,independent,0.15,main,DABC,1017,1.0291861604809203,0.06853306125709069,33,508.1125,38,519.15,7,0.6100424001924694,6000
mk02,independent,0.15,main,DABC,1018,1.010520522179076,0.06960517638958716,32,514.8,37,517.65,8,0.6011631998699158,6000
mk02,independent,0.15,main,DABC,1019,1.0373133541184383,0.07724363748553885,31,512.05,40,515.625,7,0.6300384998321533,6000
mk02,independent,0.15,main,DABC,1020,0.9998338902994552,0.07625457196455326,33,514.0375,39,514.3375,8,0.6011820998974144,6000
mk02,independent,0.15,main,DABC,1021,1.0120629527294456,0.07239467191837666,33,512.8,39,514.225,7,0.732651200145483,6000
mk02,independent,0.15,main,DABC,1022,1.0125603717048763,0.07520329851267392,32,515.3875,39,515.3875,7,0.7726843999698758,6000
mk02,independent,0.15,main,DABC,1023,0.9889951039877534,0.07612224970123219,34,510.7875,36,521.75,7,0.7610090000089258,6000
mk02,independent,0.15,main,DABC,1024,1.0192174781569716,0.09246622447390646,31,509.2875,38,522.775,11,0.7058413000777364,6000
mk02,independent,0.15,main,DABC,1025,1.0361786134343964,0.061447972060115374,32,511.125,37,516.8625,6,0.772348599974066,6000
mk02,independent,0.15,main,DABC,1026,1.0193063904861477,0.0779668089240664,31,514.75,36,522.7,8,0.7111686000134796,6000
mk02,independent,0.15,main,DABC,1027,1.0098156411022332,0.07967318231909581,31,518.3375,35,521.475,9,0.6704925000667572,6000
mk02,independent,0.15,main,DABC,1028,1.0169566313195433,0.07714833771507407,33,509.6125,38,520.975,9,0.7307463998440653,6000
mk02,independent,0.15,main,DABC,1029,0.9795110055260996,0.09204673624300777,33,518.45,39,518.45,7,0.714886800153181,6000
mk02,independent,0.15,main,EAMS-ABC,1000,1.1211476458068852,0.029175644538500647,29,504.4,37,511.65,12,0.7410047000739723,6000
mk02,independent,0.15,main,EAMS-ABC,1001,1.131926223769696,0.020981772908169,30,500.1625,34,516.6,13,0.7400091998279095,6000
mk02,independent,0.15,main,EAMS-ABC,1002,1.1143598545665006,0.024473149939909365,30,503.125,37,509.9,12,0.6773106998298317,6000
mk02,independent,0.15,main,EAMS-ABC,1003,1.0912238630423423,0.028739439330984884,31,505.3125,37,511.2,10,0.680115400115028,6000
mk02,independent,0.15,main,EAMS-ABC,1004,1.128372530990965,0.028014342686815463,30,500.15,36,516.0125,12,0.7629694999195635,6000
mk02,independent,0.15,main,EAMS-ABC,1005,1.1148855107908302,0.025177017192363434,31,500.575,36,511.9,13,0.8788895001634955,6000
mk02,independent,0.15,main,EAMS-ABC,1006,1.1077678571428577,0.025459722407390688,31,502.1375,35,514.3625,12,0.8220412000082433,6000
mk02,independent,0.15,main,EAMS-ABC,1007,1.1211310768426561,0.023692452598686166,31,499.525,35,515.725,12,0.6830386000219733,6000
mk02,independent,0.15,main,EAMS-ABC,1008,1.0998697119333887,0.03337327660830923,30,505.575,34,518.175,11,0.6260492999572307,6000
mk02,independent,0.15,main,EAMS-ABC,1009,1.1296209207676802,0.020180869339051756,31,498.025,35,513.125,13,0.5468834000639617,6000
mk02,independent,0.15,main,EAMS-ABC,1010,1.1096253313792852,0.024810060912366073,32,499.075,36,512.8375,11,0.6293009999208152,6000
mk02,independent,0.15,main,EAMS-ABC,1011,1.1356773439250243,0.02150632847821877,30,499.45,34,516.75,12,0.7010127000976354,6000
mk02,independent,0.15,main,EAMS-ABC,1012,1.0965490347994926,0.027132447866517962,31,504.2875,37,509.475,10,0.7707048000302166,6000
mk02,independent,0.15,main,EAMS-ABC,1013,1.0875603717048765,0.036292210948719435,30,508.0875,34,518.4,9,0.6658985998947173,6000
mk02,independent,0.15,main,EAMS-ABC,1014,1.0935833068852214,0.03057856101439448,30,506.125,35,514.1875,10,0.7049167999066412,6000
mk02,independent,0.15,main,EAMS-ABC,1015,1.120473102270182,0.026819273887128854,30,501.8375,35,516.6125,12,0.8339638998731971,6000
mk02,independent,0.15,main,EAMS-ABC,1016,1.1223704820401768,0.02781953899735519,31,498.8625,37,511.2875,11,0.6844456999097019,6000
mk02,independent,0.15,main,EAMS-ABC,1017,1.0951143025166163,0.028897710195613352,31,504.3375,35,515.125,12,0.6238188999705017,6000
mk02,independent,0.15,main,EAMS-ABC,1018,1.1174063270106789,0.03182770313383457,29,504.1,35,515.45,14,0.6699483999982476,6000
mk02,independent,0.15,main,EAMS-ABC,1019,1.1431339612426261,0.016606648082688566,31,495.525,37,509.2875,14,0.74845049995929,6000
mk02,independent,0.15,main,EAMS-ABC,1020,1.1067046430438356,0.026996537662490654,31,502.3,36,514.225,14,0.7730868998914957,6000
mk02,independent,0.15,main,EAMS-ABC,1021,1.0945483907101785,0.03191509047545779,31,504.3375,35,515.675,9,0.883317300118506,6000
mk02,independent,0.15,main,EAMS-ABC,1022,1.1295754144574717,0.0234113203715587,31,497.8375,35,517.1375,13,0.8520772000774741,6000
mk02,independent,0.15,main,EAMS-ABC,1023,1.1033284248749167,0.03055911723661347,32,499.9375,36,514.45,11,0.9300084998831153,6000
mk02,independent,0.15,main,EAMS-ABC,1024,1.105903731984169,0.026613135978957463,31,502.3125,35,515.15,10,0.7311229999177158,6000
mk02,independent,0.15,main,EAMS-ABC,1025,1.1511219522440446,0.01654216128677206,30,496.5,34,516.45,13,0.8872907999902964,6000
mk02,independent,0.15,main,EAMS-ABC,1026,1.1377540652303786,0.019426309298436095,30,499.1125,34,516.0375,12,0.6649773998651654,6000
mk02,independent,0.15,main,EAMS-ABC,1027,1.130965457210067,0.023169969545538377,30,500.1125,37,512.325,12,0.905050199944526,6000
mk02,independent,0.15,main,EAMS-ABC,1028,1.0953769556045105,0.025931440780423122,32,501.925,37,510.65,10,0.9236177999991924,6000
mk02,independent,0.15,main,EAMS-ABC,1029,1.1125649223358975,0.035020206290482164,31,500.2875,37,513.675,11,0.7721237998921424,6000
mk02,independent,0.15,main,MA-NSGA-II,1000,1.1071320523112542,0.027508721150159263,32,499.4125,37,509.5875,11,0.7156090999487787,6000
mk02,independent,0.15,main,MA-NSGA-II,1001,1.095568548838773,0.03520939722656066,30,506.425,34,518.4,9,0.797343899961561,6000
mk02,independent,0.15,main,MA-NSGA-II,1002,1.106241295459637,0.02843229275517333,32,499.425,36,513.1375,11,0.6279257000423968,6000
mk02,independent,0.15,main,MA-NSGA-II,1003,1.0938788645358826,0.03146815374159306,31,504.4875,34,516.9,10,0.5781321001704782,6000
mk02,independent,0.15,main,MA-NSGA-II,1004,1.1140505283399302,0.02752204524399887,31,500.6875,35,516.15,13,0.7260635998100042,6000
mk02,independent,0.15,main,MA-NSGA-II,1005,1.0827683238742443,0.030928976652950104,33,501.5125,34,517.95,10,0.700098600005731,6000
mk02,independent,0.15,main,MA-NSGA-II,1006,1.09671647468449,0.022814044932296815,32,501.925,35,513.125,7,0.6261624000035226,6000
mk02,independent,0.15,main,MA-NSGA-II,1007,1.1051399260697485,0.02538622678397613,31,502.6125,37,510.2625,11,0.752715100068599,6000
mk02,independent,0.15,main,MA-NSGA-II,1008,1.1319300743036371,0.02363328911078495,31,497.275,37,510.8625,11,0.6175458999350667,6000
mk02,independent,0.15,main,MA-NSGA-II,1009,1.0958498711821376,0.0288203965187864,31,504.2625,34,518.025,9,0.6468562001828104,6000
mk02,independent,0.15,main,MA-NSGA-II,1010,1.104821498581137,0.028016331980034972,32,499.825,35,514.7,10,0.6580523999873549,6000
mk02,independent,0.15,main,MA-NSGA-II,1011,1.0913142922485255,0.03874813510505698,30,506.9875,36,514.3625,10,0.6184683998581022,6000
mk02,independent,0.15,main,MA-NSGA-II,1012,1.101980271264282,0.02333261722985851,32,500.7625,36,512.2,11,0.6257698000408709,6000
mk02,independent,0.15,main,MA-NSGA-II,1013,1.0983771049585547,0.02828016633813498,32,501.1375,34,517.8375,10,0.5912743997760117,6000
mk02,independent,0.15,main,MA-NSGA-II,1014,1.1070487407587186,0.029120129938085413,32,499.3,35,515.225,13,0.4889736999757588,6000
mk02,independent,0.15,main,MA-NSGA-II,1015,1.1009597630871484,0.02512670171304541,32,500.8125,37,509.8625,8,0.5762918000109494,6000
mk02,independent,0.15,main,MA-NSGA-II,1016,1.109120328018819,0.030849426408848805,30,503.95,37,511.425,10,0.658985499991104,6000
mk02,independent,0.15,main,MA-NSGA-II,1017,1.14195569785677,0.018296794659610233,31,495.675,37,511.8875,11,0.6238206999842077,6000
mk02,independent,0.15,main,MA-NSGA-II,1018,1.1256036470390565,0.02671398610526506,30,500.65,37,511.2,12,0.7063199998810887,6000
mk02,independent,0.15,main,MA-NSGA-II,1019,1.119578261518931,0.03189060309850034,31,498.6125,37,516.6,9,0.8352377999108285,6000
mk02,independent,0.15,main,MA-NSGA-II,1020,1.0912650520872231,0.03629110715986674,30,507.2125,34,517.3125,10,0.7387900999747217,6000
mk02,independent,0.15,main,MA-NSGA-II,1021,1.099529464752446,0.02579192440168709,32,501.025,36,513.475,10,0.7246717000380158,6000
mk02,independent,0.15,main,MA-NSGA-II,1022,1.126918662721231,0.030244098599348637,30,500.4625,37,513.45,13,0.8278214000165462,6000
mk02,independent,0.15,main,MA-NSGA-II,1023,1.113642021693675,0.02372437964949317,30,503.475,35,513.775,11,0.8798537000548095,6000
mk02,independent,0.15,main,MA-NSGA-II,1024,1.096738294376821,0.0281340718155655,33,498.775,34,517.9125,10,0.818561399821192,6000
mk02,independent,0.15,main,MA-NSGA-II,1025,1.108382659062057,0.034925233082889404,30,503.9875,37,514.875,11,0.7243767001200467,6000
mk02,independent,0.15,main,MA-NSGA-II,1026,1.0956726299380182,0.031826868418804846,30,506.7625,36,512.675,9,0.7366416999138892,6000
mk02,independent,0.15,main,MA-NSGA-II,1027,1.110212596146666,0.029860332848654574,31,501.2875,37,512.25,12,0.7115631001070142,6000
mk02,independent,0.15,main,MA-NSGA-II,1028,1.0967884680008966,0.029007686997705052,33,498.775,37,509.7,9,0.7681402999442071,6000
mk02,independent,0.15,main,MA-NSGA-II,1029,1.1502733179000821,0.021247747978264158,31,493.725,36,513.3625,14,0.8325457000173628,6000
mk02,independent,0.15,main,MOEA-D,1000,1.1014394462698829,0.029347051776496665,31,502.75,36,514.7875,10,1.1321584000252187,6000
mk02,independent,0.15,main,MOEA-D,1001,1.0854933350757978,0.04020836191654455,29,510.95,37,511.3125,9,1.0887468999717385,6000
mk02,independent,0.15,main,MOEA-D,1002,1.0627054084833099,0.05493872868335262,29,514.5375,34,518.925,8,1.1005853000096977,6000
mk02,independent,0.15,main,MOEA-D,1003,1.0710610671346428,0.04734805371469723,29,513.475,34,519.15,8,1.0744513999670744,6000
mk02,independent,0.15,main,MOEA-D,1004,1.0938660294227471,0.030746991828289515,31,504.55,36,513.6125,10,1.2231058001052588,6000
mk02,independent,0.15,main,MOEA-D,1005,1.0990264450003737,0.026690875775290817,31,503.8125,34,517.1625,9,1.0942254001274705,6000
mk02,independent,0.15,main,MOEA-D,1006,1.1189606592114114,0.022794728950586818,30,502.5625,37,509.3625,9,1.1507569998502731,6000
mk02,independent,0.15,main,MOEA-D,1007,1.0996920039578826,0.022694822258778703,31,503.925,37,509.175,8,1.123620399972424,6000
mk02,independent,0.15,main,MOEA-D,1008,1.0837890654170714,0.0318435273467193,31,506.5875,37,511.0875,9,1.0903489000629634,6000
mk02,independent,0.15,main,MOEA-D,1009,1.081989232506908,0.03708024717544897,30,509.2,36,512.65,8,1.208115000044927,6000
mk02,independent,0.15,main,MOEA-D,1010,1.1157021740347999,0.024547525369210406,30,503.05,36,512.6125,9,1.2663797000423074,6000
mk02,independent,0.15,main,MOEA-D,1011,1.1054751558882836,0.025721604427165985,30,505.2,37,509.7,8,1.164993500104174,6000
mk02,independent,0.15,main,MOEA-D,1012,1.0723724656485702,0.0411170284449584,30,511.0375,34,517.35,8,1.1285790000110865,6000
mk02,independent,0.15,main,MOEA-D,1013,1.0985024223358975,0.02924237300106694,32,501.0625,37,510.1125,11,1.1775915001053363,6000
mk02,independent,0.15,main,MOEA-D,1014,1.115102074154283,0.03531879426032231,29,504.9375,37,513.9,11,1.2755878998432308,6000
mk02,independent,0.15,main,MOEA-D,1015,1.1056884521320294,0.03148899069504567,30,504.7375,37,512.3625,10,1.1385572000872344,6000
mk02,independent,0.15,main,MOEA-D,1016,1.0795600123217088,0.036835427389561,31,507.0375,37,512.525,9,1.1180827000644058,6000
mk02,independent,0.15,main,MOEA-D,1017,1.122346795422299,0.027090949139936305,30,501.4375,36,513.1375,10,1.2955926000140607,6000
mk02,independent,0.15,main,MOEA-D,1018,1.1168585010454783,0.024862198793868785,30,502.8625,36,513.625,11,1.2592027001082897,6000
mk02,independent,0.15,main,MOEA-D,1019,1.0675064408931374,0.03899160575178843,31,509.3875,36,515.15,8,1.3868655001278967,6000
mk02,independent,0.15,main,MOEA-D,1020,1.0947230649316706,0.028439483369034686,30,507.2875,35,514.1,8,1.4300098000094295,6000
mk02,independent,0.15,main,MOEA-D,1021,1.1081831313942205,0.030098363712965155,32,498.825,38,509.925,11,1.2973269000649452,6000
mk02,independent,0.15,main,MOEA-D,1022,1.0550253435143009,0.04489973235322003,31,511.5625,36,514.5625,6,1.5029086000286043,6000
mk02,independent,0.15,main,MOEA-D,1023,1.0662644686729896,0.03667055171158415,31,509.9,37,509.9,6,1.5017380001954734,6000
mk02,independent,0.15,main,MOEA-D,1024,1.0342936020461508,0.051419024566667165,33,509.95,36,517.0375,8,1.395126200048253,6000
mk02,independent,0.15,main,MOEA-D,1025,1.1236068534836834,0.024755115834512984,29,504.0375,37,509.7,13,1.4468062000814825,6000
mk02,independent,0.15,main,MOEA-D,1026,1.0850745603390342,0.042982223466445466,30,507.85,37,515.325,9,1.265368500025943,6000
mk02,independent,0.15,main,MOEA-D,1027,1.1015920674333513,0.03276916153544134,29,508.2,34,516.875,10,1.275613599922508,6000
mk02,independent,0.15,main,MOEA-D,1028,1.1069404590769922,0.028251916736670445,30,504.675,34,518.575,12,1.3728396999649704,6000
mk02,independent,0.15,main,MOEA-D,1029,1.1160237519602723,0.02516071825579924,30,503.0625,37,509.3625,8,1.3309515002183616,6000
mk02,independent,0.15,main,NSGA-II,1000,1.1458720409230083,0.024841877601141066,29,499.075,37,509.5875,11,0.4699103001039475,6000
mk02,independent,0.15,main,NSGA-II,1001,1.1450735802031218,0.020321809340905165,30,497.425,37,509.175,14,0.43834370002150536,6000
mk02,independent,0.15,main,NSGA-II,1002,1.102283763348518,0.02355774517283369,31,503.3875,37,510.1125,8,0.4436540000606328,6000
mk02,independent,0.15,main,NSGA-II,1003,1.1350394388021812,0.024484571639942727,31,496.5,34,517.725,13,0.4765226999297738,6000
mk02,independent,0.15,main,NSGA-II,1004,1.110830898551266,0.02691457039387286,32,498.6625,37,509.7,11,0.6070872999262065,6000
mk02,independent,0.15,main,NSGA-II,1005,1.1584687710029125,0.016895741534457758,30,494.925,36,513.25,15,0.43940460006706417,6000
mk02,independent,0.15,main,NSGA-II,1006,1.1120642362407598,0.02513596539813487,30,503.95,34,516.9,10,0.5310486000962555,6000
mk02,independent,0.15,main,NSGA-II,1007,1.1147843467627516,0.023130418471625933,32,498.25,37,510.3375,11,0.4894071000162512,6000
mk02,independent,0.15,main,NSGA-II,1008,1.121884848032261,0.021735750554928494,31,499.525,34,516.75,9,0.4413056999910623,6000
mk02,independent,0.15,main,NSGA-II,1009,1.1196716077962814,0.022759753689374943,31,499.8625,34,516.7875,11,0.6350837999489158,6000
mk02,independent,0.15,main,NSGA-II,1010,1.1307329082966175,0.020898963346391915,31,497.8375,37,509.5875,12,0.4106031998526305,6000
mk02,independent,0.15,main,NSGA-II,1011,1.1184785256888952,0.02313794171204509,30,502.7875,34,516.6,10,0.6077809000853449,6000
mk02,independent,0.15,main,NSGA-II,1012,1.1318122246284825,0.017841129908763985,31,497.8375,37,509.175,10,0.537391000194475,6000
mk02,independent,0.15,main,NSGA-II,1013,1.110330679187514,0.02420456814848047,31,501.625,37,509.7,11,0.5051198001019657,6000
mk02,independent,0.15,main,NSGA-II,1014,1.105796617130909,0.022914151455987623,33,497.425,35,512.9,11,0.5272568000946194,6000
mk02,independent,0.15,main,NSGA-II,1015,1.1105318404152045,0.020431527056484794,31,501.925,35,513.2,9,0.5366929001174867,6000
mk02,independent,0.15,main,NSGA-II,1016,1.092595003173774,0.031234821527458424,32,502.15,37,511.95,10,0.5665704999119043,6000
mk02,independent,0.15,main,NSGA-II,1017,1.1101795749010535,0.022215035676981625,30,504.55,37,509.7,10,0.42081949999555945,6000
mk02,independent,0.15,main,NSGA-II,1018,1.0695546915839,0.030394775924493765,33,504.2125,36,512.3125,10,0.45877010002732277,6000
mk02,independent,0.15,main,NSGA-II,1019,1.1095039812187295,0.028201242955483173,32,498.8875,37,512.8875,12,0.5182713000103831,6000
mk02,independent,0.15,main,NSGA-II,1020,1.1203448678216716,0.01748966020877242,31,500.175,37,509.175,9,0.5034135000314564,6000
mk02,independent,0.15,main,NSGA-II,1021,1.1243566574565007,0.01962297791901209,31,499.075,35,513.425,12,0.8075085999444127,6000
mk02,independent,0.15,main,NSGA-II,1022,1.112726294712867,0.025452203528638348,32,498.3375,36,513.175,11,0.6256480000447482,6000
mk02,independent,0.15,main,NSGA-II,1023,1.1252579157643197,0.02213968882620803,31,498.8125,37,510.375,12,0.6661280000116676,6000
mk02,independent,0.15,main,NSGA-II,1024,1.0965182305279666,0.02891751220128625,31,504.175,35,516.35,9,0.5099182999692857,6000
mk02,independent,0.15,main,NSGA-II,1025,1.1431235764692709,0.020698462977468253,30,497.5875,37,508.95,14,0.6673868999350816,6000
mk02,independent,0.15,main,NSGA-II,1026,1.118869063176761,0.025096993500815346,31,499.825,37,511.95,11,0.4937980999238789,6000
mk02,independent,0.15,main,NSGA-II,1027,1.1139481974833847,0.027878919292353123,30,503.0875,36,514.3375,10,0.5165216000750661,6000
mk02,independent,0.15,main,NSGA-II,1028,1.0981321876633565,0.02572216079944574,31,503.95,36,513.1375,10,0.6830800999887288,6000
mk02,independent,0.15,main,NSGA-II,1029,1.1149314838324251,0.027612418807558322,31,500.5,34,519.375,11,0.5689048001077026,6000
mk03,independent,0.15,ablation,no-adaptive,1000,1.171916605915062,0.034621267349943655,204,3783.2125,204,3783.2125,1,0.9781611999496818,6000
mk03,independent,0.15,ablation,no-adaptive,1001,1.182498820704147,0.02500107208713946,204,3774.8,204,3774.8,1,1.0081053001340479,6000
mk03,independent,0.15,ablation,no-adaptive,1002,1.157010306331032,0.048172448789971005,204,3795.0625,204,3795.0625,1,1.0957642998546362,6000
mk03,independent,0.15,ablation,no-adaptive,1003,1.1868386294438016,0.021055791414726095,204,3771.35,204,3771.35,1,1.024152599973604,6000
mk03,independent,0.15,ablation,no-adaptive,1004,1.1683629944108527,0.037851823262861385,204,3786.0375,204,3786.0375,1,1.0291605999227613,6000
mk03,independent,0.15,ablation,no-adaptive,1005,1.1762092428205897,0.03071887016310041,204,3779.8,204,3779.8,1,0.9245525998994708,6000
mk03,independent,0.15,ablation,no-adaptive,1006,1.165532684363252,0.04042483239704381,204,3788.2875,204,3788.2875,1,0.8955953998956829,6000
mk03,independent,0.15,ablation,no-adaptive,1007,1.1960056892090858,0.012722100719013113,204,3764.0625,204,3764.0625,1,1.0282763000577688,6000
mk03,independent,0.15,ablation,no-adaptive,1008,1.1822157896993868,0.0252583730005576,204,3775.025,204,3775.025,1,1.1712933001108468,6000
mk03,independent,0.15,ablation,no-adaptive,1009,1.2062577011592839,0.003402089855196661,204,3755.9125,204,3755.9125,1,0.9675402001012117,6000
mk03,independent,0.15,ablation,no-adaptive,1010,1.1676239690095347,0.0385236645367869,204,3786.625,204,3786.625,1,0.9757482002023607,6000
mk03,independent,0.15,ablation,no-adaptive,1011,1.150689280558057,0.05391883585631186,204,3800.0875,204,3800.0875,1,1.0952464998699725,6000
mk03,independent,0.15,ablation,no-adaptive,1012,1.1704228311677174,0.03597924439298438,204,3784.4,204,3784.4,1,1.112926100147888,6000
mk03,independent,0.15,ablation,no-adaptive,1013,1.1766809611618565,0.03029003530740334,204,3779.425,204,3779.425,1,1.1581542000640184,6000
mk03,independent,0.15,ablation,no-adaptive,1014,1.186587046328459,0.021284503337764844,204,3771.55,204,3771.55,1,1.2560523999854922,6000
mk03,independent,0.15,ablation,no-adaptive,1015,1.1818541389710824,0.02558714638992525,204,3775.3125,204,3775.3125,1,1.0096481998916715,6000
mk03,independent,0.15,ablation,no-adaptive,1016,1.1649666223537314,0.040939434223880605,204,3788.7375,204,3788.7375,1,1.1934495999012142,6000
mk03,independent,0.15,ablation,no-adaptive,1017,1.180722014952042,0.026616350043598327,204,3776.2125,204,3776.2125,1,0.8882059000898153,6000
mk03,independent,0.15,ablation,no-adaptive,1018,1.1686460254156128,0.03759452234944324,204,3785.8125,204,3785.8125,1,1.117448299890384,6000
mk03,independent,0.15,ablation,no-adaptive,1019,1.1332985977100223,0.06972854753634368,204,3813.9125,204,3813.9125,1,1.0303191000130028,6000
mk03,independent,0.15,ablation,no-adaptive,1020,1.1789766570893552,0.028203039009677282,204,3777.6,204,3777.6,1,0.9756928000133485,6000
mk03,independent,0.15,ablation,no-adaptive,1021,1.1865084266049144,0.021355975813714356,204,3771.6125,204,3771.6125,1,1.0775596001185477,6000
mk03,independent,0.15,ablation,no-adaptive,1022,1.179668510656546,0.027574081221321888,204,3777.05,204,3777.05,1,1.0208437000401318,6000
mk03,independent,0.15,ablation,no-adaptive,1023,1.169070571922753,0.03720857097931578,204,3785.475,204,3785.475,1,1.0859064999967813,6000
mk03,independent,0.15,ablation,no-adaptive,1024,1.166523292879912,0.039524279200080066,204,3787.5,204,3787.5,1,1.1045555998571217,6000
mk03,independent,0.15,ablation,no-adaptive,1025,1.1467111225467075,0.057535343139357056,204,3803.25,204,3803.25,1,1.2132132998667657,6000
mk03,independent,0.15,ablation,no-adaptive,1026,1.1714134396843776,0.03507869119602063,204,3783.6125,204,3783.6125,1,1.0131755000911653,6000
mk03,independent,0.15,ablation,no-adaptive,1027,1.1813195248509798,0.02607315922638214,204,3775.7375,204,3775.7375,1,1.0519536999054253,6000
mk03,independent,0.15,ablation,no-adaptive,1028,1.1769325442771992,0.03006132338436459,204,3779.225,204,3779.225,1,1.159717099973932,6000
mk03,independent,0.15,ablation,no-adaptive,1029,1.169164915591006,0.03712280400817657,204,3785.4,204,3785.4,1,1.1319390998687595,6000
mk03,independent,0.15,ablation,no-critical,1000,1.1462865760395673,0.05792129450948453,204,3803.5875,204,3803.5875,1,0.9282615000847727,6000
mk03,independent,0.15,ablation,no-critical,1001,1.1948578412453366,0.013765598867875883,204,3764.975,204,3764.975,1,0.9817622997798026,6000
mk03,independent,0.15,ablation,no-critical,1002,1.1843699701245052,0.02330002715954087,204,3773.3125,204,3773.3125,1,0.9576479999814183,6000
mk03,independent,0.15,ablation,no-critical,1003,1.1929237960461432,0.01552382177623377,204,3766.5125,204,3766.5125,1,0.8573904999066144,6000
mk03,independent,0.15,ablation,no-critical,1004,1.1569631344969056,0.048215332275540604,204,3795.1,204,3795.1,1,0.9390089998487383,6000
mk03,independent,0.15,ablation,no-critical,1005,1.156114041482625,0.04898723501579554,204,3795.775,204,3795.775,1,0.985661800019443,6000
mk03,independent,0.15,ablation,no-critical,1006,1.1428587560930288,0.06103749446088314,204,3806.3125,204,3806.3125,1,1.0412022999953479,6000
mk03,independent,0.15,ablation,no-critical,1007,1.1681900310190547,0.03800906270995062,204,3786.175,204,3786.175,1,0.9368733000010252,6000
mk03,independent,0.15,ablation,no-critical,1008,1.165784267478594,0.04019612047400558,204,3788.0875,204,3788.0875,1,0.9201748999767005,6000
mk03,independent,0.15,ablation,no-critical,1009,1.1732216933259003,0.033434824249181865,204,3782.175,204,3782.175,1,0.9287029001861811,6000
mk03,independent,0.15,ablation,no-critical,1010,1.1760205554840835,0.030890404105378824,204,3779.95,204,3779.95,1,0.762654600199312,6000
mk03,independent,0.15,ablation,no-critical,1011,1.1789766570893552,0.028203039009677282,204,3777.6,204,3777.6,1,0.9153848998248577,6000
mk03,independent,0.15,ablation,no-critical,1012,1.1894802521548955,0.018654316222822598,204,3769.25,204,3769.25,1,0.87197560002096,6000
mk03,independent,0.15,ablation,no-critical,1013,1.1970906413939995,0.011735780550909642,204,3763.2,204,3763.2,1,0.9993040999397635,6000
mk03,independent,0.15,ablation,no-critical,1014,1.1736776877224584,0.033020283888674486,204,3781.8125,204,3781.8125,1,0.770651999861002,6000
mk03,independent,0.15,ablation,no-critical,1015,1.1934269622768272,0.015066397930157311,204,3766.1125,204,3766.1125,1,0.7899176999926567,6000
mk03,independent,0.15,ablation,no-critical,1016,1.1549819174635847,0.050016438669468616,204,3796.675,204,3796.675,1,0.8898434999864548,6000
mk03,independent,0.15,ablation,no-critical,1017,1.153173663822062,0.05166030561630739,204,3798.1125,204,3798.1125,1,0.8472202999982983,6000
mk03,independent,0.15,ablation,no-critical,1018,1.1780174964621124,0.02907500321626164,204,3778.3625,204,3778.3625,1,1.0145580999087542,6000
mk03,independent,0.15,ablation,no-critical,1019,1.1908167874551512,0.017439284131680898,204,3768.1875,204,3768.1875,1,0.9910556001123041,6000
mk03,independent,0.15,ablation,no-critical,1020,1.1930024157696875,0.015452349300284258,204,3766.45,204,3766.45,1,0.8799049998633564,6000
mk03,independent,0.15,ablation,no-critical,1021,1.1786150063610508,0.028531812399044933,204,3777.8875,204,3777.8875,1,1.0033797998912632,6000
mk03,independent,0.15,ablation,no-critical,1022,1.1648565547407697,0.04103949569020951,204,3788.825,204,3788.825,1,0.9619140001013875,6000
mk03,independent,0.15,ablation,no-critical,1023,1.1747469159626627,0.032048258215761224,204,3780.9625,204,3780.9625,1,0.7861399999819696,6000
mk03,independent,0.15,ablation,no-critical,1024,1.1962729962691372,0.01247909430078467,204,3763.85,204,3763.85,1,0.7889914000406861,6000
mk03,independent,0.15,ablation,no-critical,1025,1.1756431808110697,0.031233471989936687,204,3780.25,204,3780.25,1,0.9160367001313716,6000
mk03,independent,0.15,ablation,no-critical,1026,1.177372814729048,0.029661077519047428,204,3778.875,204,3778.875,1,0.8886118999216706,6000
mk03,independent,0.15,ablation,no-critical,1027,1.1895588718784398,0.018582843746873086,204,3769.1875,204,3769.1875,1,0.8879980999045074,6000
mk03,independent,0.15,ablation,no-critical,1028,1.1484564804093942,0.0559486541732781,204,3801.8625,204,3801.8625,1,0.8420148000586778,6000
mk03,independent,0.15,ablation,no-critical,1029,1.1888198464771218,0.019254685020798603,204,3769.775,204,3769.775,1,0.8273748999927193,6000
mk03,independent,0.15,ablation,no-exchange,1000,1.1031872435924928,0.09710250582500672,204,3837.85,204,3837.85,1,1.1785107001196593,6000
mk03,independent,0.15,ablation,no-exchange,1001,1.1087377960747318,0.09205654902297129,204,3833.4375,204,3833.4375,1,1.0767616999801248,6000
mk03,independent,0.15,ablation,no-exchange,1002,1.1150430979029975,0.08632445645182064,204,3828.425,204,3828.425,1,1.2254403999540955,6000
mk03,independent,0.15,ablation,no-exchange,1003,1.1086434524064785,0.0921423159941105,204,3833.5125,204,3833.5125,1,1.2793998999986798,6000
mk03,independent,0.15,ablation,no-exchange,1004,1.1140996612204639,0.08718212616321479,204,3829.175,204,3829.175,1,1.3054680000059307,6000
mk03,independent,0.15,ablation,no-exchange,1005,1.1209553011135414,0.08094972626041705,204,3823.725,204,3823.725,1,1.2030567000620067,6000
mk03,independent,0.15,ablation,no-exchange,1006,1.0863940706433957,0.11236902668782235,204,3851.2,204,3851.2,1,1.1482320001814514,6000
mk03,independent,0.15,ablation,no-exchange,1007,1.0770317889152317,0.12314080816569571,204,3858.5875,205,3858.5875,2,1.228189499815926,6000
mk03,independent,0.15,ablation,no-exchange,1008,1.1148072387323642,0.08653887387966919,204,3828.6125,204,3828.6125,1,1.2120147000532597,6000
mk03,independent,0.15,ablation,no-exchange,1009,1.053427697422294,0.14616121331675178,204,3877.175,204,3880.75,2,1.2557043000124395,6000
mk03,independent,0.15,ablation,no-exchange,1010,1.1374339951684609,0.06596909530139945,204,3810.625,204,3810.625,1,1.2158663000445813,6000
mk03,independent,0.15,ablation,no-exchange,1011,1.1445883900110068,0.05946509998999388,204,3804.9375,204,3804.9375,1,1.224651499884203,6000
mk03,independent,0.15,ablation,no-exchange,1012,1.1097913003702278,0.09109881784524773,204,3832.6,204,3832.6,1,1.227128200000152,6000
mk03,independent,0.15,ablation,no-exchange,1013,1.1287386537444435,0.07387395114141537,204,3817.5375,204,3817.5375,1,1.135861599817872,6000
mk03,independent,0.15,ablation,no-exchange,1014,1.12509069857198,0.07719027402547282,204,3820.4375,204,3820.4375,1,1.21679970016703,6000
mk03,independent,0.15,ablation,no-exchange,1015,1.1324495046957417,0.07050045027659861,204,3814.5875,204,3814.5875,1,1.2102965000085533,6000
mk03,independent,0.15,ablation,no-exchange,1016,1.1114894863987879,0.08955501236473838,204,3831.25,204,3831.25,1,1.0341688999906182,6000
mk03,independent,0.15,ablation,no-exchange,1017,1.059616192804151,0.1367125519962265,204,3872.4875,204,3872.4875,1,1.3882110000122339,6000
mk03,independent,0.15,ablation,no-exchange,1018,1.1076213960004004,0.09307145818145415,204,3834.325,204,3834.325,1,1.1418367999140173,6000
mk03,independent,0.15,ablation,no-exchange,1019,1.1074641565533117,0.09321440313335318,204,3834.45,204,3834.45,1,1.0223632000852376,6000
mk03,independent,0.15,ablation,no-exchange,1020,1.1332671498206044,0.06975713652672359,204,3813.9375,204,3813.9375,1,1.3707278999499977,6000
mk03,independent,0.15,ablation,no-exchange,1021,1.1397139671512502,0.06389639349886361,204,3808.8125,204,3808.8125,1,1.2762649999931455,6000
mk03,independent,0.15,ablation,no-exchange,1022,1.084224166273568,0.1143416670240293,204,3852.925,204,3852.925,1,1.1827000000048429,6000
mk03,independent,0.15,ablation,no-exchange,1023,1.1165705668175756,0.08758237202853195,204,3827.05,204,3829.525,2,1.1908917999826372,6000
mk03,independent,0.15,ablation,no-exchange,1024,1.0949950683991594,0.10454993781894617,204,3844.3625,204,3844.3625,1,1.2595622001681477,6000
mk03,independent,0.15,ablation,no-exchange,1025,1.1004198293237275,0.09961833697842985,204,3840.05,204,3840.05,1,1.2950758000370115,6000
mk03,independent,0.15,ablation,no-exchange,1026,1.0982813728433183,0.10156238832425638,204,3841.75,204,3841.75,1,1.1397629000712186,6000
mk03,independent,0.15,ablation,no-exchange,1027,1.0866613777034464,0.11212602026959444,204,3850.9875,204,3850.9875,1,1.042181999888271,6000
mk03,independent,0.15,ablation,no-exchange,1028,1.0980526609202796,0.10373515159312163,204,3841.8125,204,3843.65,2,1.3145034001208842,6000
mk03,independent,0.15,ablation,no-exchange,1029,1.1140996612204639,0.08718212616321479,204,3829.175,204,3829.175,1,1.2927591998595744,6000
mk03,independent,0.15,ablation,no-gap,1000,1.1651553096902383,0.040767900281601675,204,3788.5875,204,3788.5875,1,1.0000742000993341,6000
mk03,independent,0.15,ablation,no-gap,1001,1.182514544648856,0.024986777591949248,204,3774.7875,204,3774.7875,1,0.8955022001173347,6000
mk03,independent,0.15,ablation,no-gap,1002,1.1614601826836486,0.04412710665122874,204,3791.525,204,3791.525,1,0.8858897001482546,6000
mk03,independent,0.15,ablation,no-gap,1003,1.1515540975170462,0.05313263862086723,204,3799.4,204,3799.4,1,0.9303989999461919,6000
mk03,independent,0.15,ablation,no-gap,1004,1.1846687250739742,0.023028431750932516,204,3773.075,204,3773.075,1,0.9973367999773473,6000
mk03,independent,0.15,ablation,no-gap,1005,1.1704857269465532,0.03592206641222456,204,3784.35,204,3784.35,1,0.9726917000953108,6000
mk03,independent,0.15,ablation,no-gap,1006,1.1533623511585689,0.051488771674028454,204,3797.9625,204,3797.9625,1,0.9153200997970998,6000
mk03,independent,0.15,ablation,no-gap,1007,1.181523936132196,0.025887330788912994,204,3775.575,204,3775.575,1,0.8797271000221372,6000
mk03,independent,0.15,ablation,no-gap,1008,1.1657528195891762,0.04022470946438549,204,3788.1125,204,3788.1125,1,0.9577865998726338,6000
mk03,independent,0.15,ablation,no-gap,1009,1.1843385222350873,0.02332861614992078,204,3773.3375,204,3773.3375,1,0.9597306000068784,6000
mk03,independent,0.15,ablation,no-gap,1010,1.1616331460754468,0.04396986720413949,204,3791.3875,204,3791.3875,1,0.9243540000170469,6000
mk03,independent,0.15,ablation,no-gap,1011,1.162749546149778,0.04295495804565663,204,3790.5,204,3790.5,1,0.9248097999952734,6000
mk03,independent,0.15,ablation,no-gap,1012,1.1836152207784785,0.02398616292865608,204,3773.9125,204,3773.9125,1,1.0710802001412958,6000
mk03,independent,0.15,ablation,no-gap,1013,1.16655474076933,0.03949569020970016,204,3787.475,204,3787.475,1,0.998016299912706,6000
mk03,independent,0.15,ablation,no-gap,1014,1.163740154666438,0.04205440484869289,204,3789.7125,204,3789.7125,1,0.9539908000733703,6000
mk03,independent,0.15,ablation,no-gap,1015,1.1700926283288309,0.03627942879197212,204,3784.6625,204,3784.6625,1,0.8999805001076311,6000
mk03,independent,0.15,ablation,no-gap,1016,1.1613186671812687,0.04425575710793754,204,3791.6375,204,3791.6375,1,0.9527857999783009,6000
mk03,independent,0.15,ablation,no-gap,1017,1.1805804994496623,0.026745000500307134,204,3776.325,204,3776.325,1,0.9089745001401752,6000
mk03,independent,0.15,ablation,no-gap,1018,1.1675453492859902,0.03859513701273641,204,3786.6875,204,3786.6875,1,0.7914600998628885,6000
mk03,independent,0.15,ablation,no-gap,1019,1.1843385222350873,0.02332861614992078,204,3773.3375,204,3773.3375,1,0.8336681998334825,6000
mk03,independent,0.15,ablation,no-gap,1020,1.1819484826393356,0.025501379418786045,204,3775.2375,204,3775.2375,1,0.8633757000789046,6000
mk03,independent,0.15,ablation,no-gap,1021,1.1456890661406294,0.05846448532670071,204,3804.0625,204,3804.0625,1,0.9439155000727624,6000
mk03,independent,0.15,ablation,no-gap,1022,1.1797785782695085,0.027474019754992467,204,3776.9625,204,3776.9625,1,0.9705943998415023,6000
mk03,independent,0.15,ablation,no-gap,1023,1.142324141972926,0.061523507297340026,204,3806.7375,204,3806.7375,1,0.99051050003618,6000
mk03,independent,0.15,ablation,no-gap,1024,1.1627809940391958,0.04292636905527673,204,3790.475,204,3790.475,1,0.8748278000857681,6000
mk03,independent,0.15,ablation,no-gap,1025,1.1840554912303274,0.02358591706333892,204,3773.5625,204,3773.5625,1,0.9862512999679893,6000
mk03,independent,0.15,ablation,no-gap,1026,1.1699353888817419,0.036422373743871146,204,3784.7875,204,3784.7875,1,0.9474799998570234,6000
mk03,independent,0.15,ablation,no-gap,1027,1.1786936260845953,0.02846033992309542,204,3777.825,204,3777.825,1,0.9137317999266088,6000
mk03,independent,0.15,ablation,no-gap,1028,1.1440694998356136,0.05993681833126055,204,3805.35,204,3805.35,1,0.8451861999928951,6000
mk03,independent,0.15,ablation,no-gap,1029,1.178426319024544,0.028703346341323863,204,3778.0375,204,3778.0375,1,0.9589149998500943,6000
mk03,independent,0.15,ablation,no-rebuild,1000,1.18245164887002,0.025043955572709064,204,3774.8375,204,3774.8375,1,0.7566757001914084,6000
mk03,independent,0.15,ablation,no-rebuild,1001,1.1629854053204114,0.0427405406178081,204,3790.3125,204,3790.3125,1,0.9381309999153018,6000
mk03,independent,0.15,ablation,no-rebuild,1002,1.1842127306774162,0.023442972111439895,204,3773.4375,204,3773.4375,1,0.8749178000725806,6000
mk03,independent,0.15,ablation,no-rebuild,1003,1.1812409051274353,0.026144631702331653,204,3775.8,204,3775.8,1,0.9384467999916524,6000
mk03,independent,0.15,ablation,no-rebuild,1004,1.1677497605672058,0.03840930857526778,204,3786.525,204,3786.525,1,1.1530261998996139,6000
mk03,independent,0.15,ablation,no-rebuild,1005,1.1720895693068603,0.03446402790285442,204,3783.075,204,3783.075,1,1.0156048000790179,6000
mk03,independent,0.15,ablation,no-rebuild,1006,1.1834579813313897,0.024129107880555105,204,3774.0375,204,3774.0375,1,1.0244913999922574,6000
mk03,independent,0.15,ablation,no-rebuild,1007,1.1678440361664342,0.04116814614691884,204,3786.3375,204,3788.9375,2,1.086020499933511,6000
mk03,independent,0.15,ablation,no-rebuild,1008,1.179731406435382,0.027516903240562073,204,3777,204,3777,1,1.1840266999788582,6000
mk03,independent,0.15,ablation,no-rebuild,1009,1.16655474076933,0.03949569020970016,204,3787.475,204,3787.475,1,1.0352017001714557,6000
mk03,independent,0.15,ablation,no-rebuild,1010,1.1796213388224195,0.02761696470689149,204,3777.0875,204,3777.0875,1,0.9218540999572724,6000
mk03,independent,0.15,ablation,no-rebuild,1011,1.1931439312720673,0.01532369884357545,204,3766.3375,204,3766.3375,1,1.0124778000172228,6000
mk03,independent,0.15,ablation,no-rebuild,1012,1.192562145317838,0.015852595165601942,204,3766.8,204,3766.8,1,0.9662903998978436,6000
mk03,independent,0.15,ablation,no-rebuild,1013,1.182954815100705,0.024586531726632083,204,3774.4375,204,3774.4375,1,0.9398854000028223,6000
mk03,independent,0.15,ablation,no-rebuild,1014,1.171114684734909,0.03535028660462847,204,3783.85,204,3783.85,1,0.9795298001263291,6000
mk03,independent,0.15,ablation,no-rebuild,1015,1.1730644538788113,0.03357776920108089,204,3782.3,204,3782.3,1,0.9055184000171721,6000
mk03,independent,0.15,ablation,no-rebuild,1016,1.1778445330703147,0.029232242663350356,204,3778.5,204,3778.5,1,0.9974118999671191,6000
mk03,independent,0.15,ablation,no-rebuild,1017,1.1770583358348703,0.029946967422845475,204,3779.125,204,3779.125,1,1.1269934999290854,6000
mk03,independent,0.15,ablation,no-rebuild,1018,1.182498820704147,0.02500107208713946,204,3774.8,204,3774.8,1,1.023887800052762,6000
mk03,independent,0.15,ablation,no-rebuild,1019,1.194983632803008,0.013651242906356768,204,3764.875,204,3764.875,1,1.0334899998269975,6000
mk03,independent,0.15,ablation,no-rebuild,1020,1.1722468087539493,0.034321082950955394,204,3782.95,204,3782.95,1,1.0664244999643415,6000
mk03,independent,0.15,ablation,no-rebuild,1021,1.1620734165272957,0.043569621338822334,204,3791.0375,204,3791.0375,1,0.9433621000498533,6000
mk03,independent,0.15,ablation,no-rebuild,1022,1.1869172491673459,0.020984318938776583,204,3771.2875,204,3771.2875,1,1.0258989001158625,6000
mk03,independent,0.15,ablation,no-rebuild,1023,1.2051727489743702,0.004388410023300133,204,3756.775,204,3756.775,1,1.0603057001717389,6000
mk03,independent,0.15,ablation,no-rebuild,1024,1.169715253655817,0.03662249667652999,204,3784.9625,204,3784.9625,1,0.9830839999485761,6000
mk03,independent,0.15,ablation,no-rebuild,1025,1.180564775504953,0.02675929499549735,204,3776.3375,204,3776.3375,1,0.9934942000545561,6000
mk03,independent,0.15,ablation,no-rebuild,1026,1.140342924939606,0.06332461369126752,204,3808.3125,204,3808.3125,1,1.0295035999733955,6000
mk03,independent,0.15,ablation,no-rebuild,1027,1.140924710893835,0.06279571736924103,204,3807.85,204,3807.85,1,1.0879067000932992,6000
mk03,independent,0.15,ablation,no-rebuild,1028,1.1710989607901996,0.03536458109981868,204,3783.8625,204,3783.8625,1,1.0976952000055462,6000
mk03,independent,0.15,ablation,no-rebuild,1029,1.1787565218634304,0.028403161942336122,204,3777.775,204,3777.775,1,1.1248651999048889,6000
mk03,independent,0.15,main,DABC,1000,1.040307188701631,0.15426619208942652,204,3887.8375,204,3887.8375,1,0.9050485999323428,6000
mk03,independent,0.15,main,DABC,1001,1.0595522759899452,0.14681876009548708,204,3870.4125,204,3881.325,2,0.8163674999959767,6000
mk03,independent,0.15,main,DABC,1002,1.135751533084609,0.06749860628671912,204,3811.9625,204,3811.9625,1,0.8883901999797672,6000
mk03,independent,0.15,main,DABC,1003,1.088092256671956,0.110825221207313,204,3849.85,204,3849.85,1,0.6857684999704361,6000
mk03,independent,0.15,main,DABC,1004,1.0015899358585583,0.1975499235244508,204,3914.5125,204,3925.6875,3,0.8616292998194695,6000
mk03,independent,0.15,main,DABC,1005,1.0480276455536977,0.14724759495118414,204,3881.7,204,3881.7,1,0.8254444000776857,6000
mk03,independent,0.15,main,DABC,1006,1.0384684401370368,0.16921492673475846,204,3888,205,3899.4375,4,0.7820241001900285,6000
mk03,independent,0.15,main,DABC,1007,1.116882799433938,0.08465200051460196,204,3826.9625,204,3826.9625,1,0.7634779000654817,6000
mk03,independent,0.15,main,DABC,1008,1.0468146555332973,0.15439772042797342,204,3881.825,205,3886.3375,3,0.7911545999813825,6000
mk03,independent,0.15,main,DABC,1009,1.0349767714453166,0.1591120259588031,204,3892.075,204,3892.075,1,0.8215579001698643,6000
mk03,independent,0.15,main,DABC,1010,1.1180746199876526,0.08581959462596436,204,3825.0375,205,3825.0375,2,0.7763050999492407,6000
mk03,independent,0.15,main,DABC,1011,1.0625854998002173,0.13908597332958855,204,3867.2125,206,3867.2125,2,0.7150473000947386,6000
mk03,independent,0.15,main,DABC,1012,1.1386447389110457,0.06486841917177687,204,3809.6625,204,3809.6625,1,0.7710426999256015,6000
mk03,independent,0.15,main,DABC,1013,1.0274292779850482,0.16597338364995626,204,3898.075,204,3898.075,1,0.74008659995161,6000
mk03,independent,0.15,main,DABC,1014,1.0411571666132327,0.15998771031189477,204,3886.5,206,3886.5,2,0.7780562001280487,6000
mk03,independent,0.15,main,DABC,1015,1.0571621002561438,0.1438643286975926,204,3871.65,206,3871.65,2,0.8093930000904948,6000
mk03,independent,0.15,main,DABC,1016,1.0275516660914836,0.1714606634733848,204,3896.975,206,3896.975,2,0.8403392999898642,6000
mk03,independent,0.15,main,DABC,1017,1.0785635461783667,0.11948768529239416,204,3857.425,204,3857.425,1,0.7818288998678327,6000
mk03,independent,0.15,main,DABC,1018,1.0893344483039582,0.10969595608731103,204,3848.8625,204,3848.8625,1,0.8323152998927981,6000
mk03,independent,0.15,main,DABC,1019,1.0530435839158339,0.1426876509856056,204,3877.7125,204,3877.7125,1,0.8042764000128955,6000
mk03,independent,0.15,main,DABC,1020,1.0436400523586937,0.15788269937247174,204,3884.925,204,3891,2,0.8302211998961866,6000
mk03,independent,0.15,main,DABC,1021,1.0687675286247267,0.12839315579570323,204,3865.2125,204,3865.2125,1,0.8127621999010444,6000
mk03,independent,0.15,main,DABC,1022,1.071646439955973,0.14091885661807538,204,3859.1625,207,3859.1625,2,0.8539742999710143,6000
mk03,independent,0.15,main,DABC,1023,1.0744438726646373,0.12323284303214817,204,3860.7,204,3860.7,1,0.7981054000556469,6000
mk03,independent,0.15,main,DABC,1024,1.0953344605563828,0.1113684120245292,204,3843.1625,204,3850.325,2,0.9013098999857903,6000
mk03,independent,0.15,main,DABC,1025,1.0969262546993155,0.1035779121460324,204,3842.725,204,3843.5125,2,0.8871401001233608,6000
mk03,independent,0.15,main,DABC,1026,1.117165830438698,0.08439469960118383,204,3826.7375,204,3826.7375,1,0.764948399970308,6000
mk03,independent,0.15,main,DABC,1027,1.0741765656045859,0.12347584945037661,204,3860.9125,204,3860.9125,1,0.7653088998049498,6000
mk03,independent,0.15,main,DABC,1028,1.043404805809283,0.15145017653701565,204,3885.375,204,3885.375,1,0.6564954000059515,6000
mk03,independent,0.15,main,DABC,1029,1.026893438622501,0.19706391068799392,204,3892.1625,204,3925.2625,3,0.8022408001124859,6000
mk03,independent,0.15,main,EAMS-ABC,1000,1.18245164887002,0.025043955572709064,204,3774.8375,204,3774.8375,1,1.0822751000523567,6000
mk03,independent,0.15,main,EAMS-ABC,1001,1.1629854053204114,0.0427405406178081,204,3790.3125,204,3790.3125,1,1.0151030998677015,6000
mk03,independent,0.15,main,EAMS-ABC,1002,1.1842127306774162,0.023442972111439895,204,3773.4375,204,3773.4375,1,0.9566144999116659,6000
mk03,independent,0.15,main,EAMS-ABC,1003,1.1812409051274353,0.026144631702331653,204,3775.8,204,3775.8,1,1.0794259998947382,6000
mk03,independent,0.15,main,EAMS-ABC,1004,1.1677497605672058,0.03840930857526778,204,3786.525,204,3786.525,1,1.1412733001634479,6000
mk03,independent,0.15,main,EAMS-ABC,1005,1.1720895693068603,0.03446402790285442,204,3783.075,204,3783.075,1,0.9246697998605669,6000
mk03,independent,0.15,main,EAMS-ABC,1006,1.1834579813313897,0.024129107880555105,204,3774.0375,204,3774.0375,1,0.813146100146696,6000
mk03,independent,0.15,main,EAMS-ABC,1007,1.1678440361664342,0.04116814614691884,204,3786.3375,204,3788.9375,2,0.9619467998854816,6000
mk03,independent,0.15,main,EAMS-ABC,1008,1.179731406435382,0.027516903240562073,204,3777,204,3777,1,0.9654788000043482,6000
mk03,independent,0.15,main,EAMS-ABC,1009,1.16655474076933,0.03949569020970016,204,3787.475,204,3787.475,1,1.0040937000885606,6000
mk03,independent,0.15,main,EAMS-ABC,1010,1.1796213388224195,0.02761696470689149,204,3777.0875,204,3777.0875,1,1.0855568000115454,6000
mk03,independent,0.15,main,EAMS-ABC,1011,1.1931439312720673,0.01532369884357545,204,3766.3375,204,3766.3375,1,1.1239648999180645,6000
mk03,independent,0.15,main,EAMS-ABC,1012,1.192562145317838,0.015852595165601942,204,3766.8,204,3766.8,1,0.9292805001605302,6000
mk03,independent,0.15,main,EAMS-ABC,1013,1.182954815100705,0.024586531726632083,204,3774.4375,204,3774.4375,1,0.9264479000121355,6000
mk03,independent,0.15,main,EAMS-ABC,1014,1.171114684734909,0.03535028660462847,204,3783.85,204,3783.85,1,1.1063145999796689,6000
mk03,independent,0.15,main,EAMS-ABC,1015,1.1730644538788113,0.03357776920108089,204,3782.3,204,3782.3,1,1.0633569001220167,6000
mk03,independent,0.15,main,EAMS-ABC,1016,1.1778445330703147,0.029232242663350356,204,3778.5,204,3778.5,1,1.0237471000291407,6000
mk03,independent,0.15,main,EAMS-ABC,1017,1.1770583358348703,0.029946967422845475,204,3779.125,204,3779.125,1,1.1425938999745995,6000
mk03,independent,0.15,main,EAMS-ABC,1018,1.182498820704147,0.02500107208713946,204,3774.8,204,3774.8,1,1.0436927999835461,6000
mk03,independent,0.15,main,EAMS-ABC,1019,1.194983632803008,0.013651242906356768,204,3764.875,204,3764.875,1,1.0092118000611663,6000
mk03,independent,0.15,main,EAMS-ABC,1020,1.1722468087539493,0.034321082950955394,204,3782.95,204,3782.95,1,1.091816899832338,6000
mk03,independent,0.15,main,EAMS-ABC,1021,1.1620734165272957,0.043569621338822334,204,3791.0375,204,3791.0375,1,1.010252800071612,6000
mk03,independent,0.15,main,EAMS-ABC,1022,1.1869172491673459,0.020984318938776583,204,3771.2875,204,3771.2875,1,0.9863148999866098,6000
mk03,independent,0.15,main,EAMS-ABC,1023,1.2051727489743702,0.004388410023300133,204,3756.775,204,3756.775,1,1.065065500093624,6000
mk03,independent,0.15,main,EAMS-ABC,1024,1.169715253655817,0.03662249667652999,204,3784.9625,204,3784.9625,1,0.9278643999714404,6000
mk03,independent,0.15,main,EAMS-ABC,1025,1.180564775504953,0.02675929499549735,204,3776.3375,204,3776.3375,1,1.0404333001933992,6000
mk03,independent,0.15,main,EAMS-ABC,1026,1.140342924939606,0.06332461369126752,204,3808.3125,204,3808.3125,1,1.0973387998528779,6000
mk03,independent,0.15,main,EAMS-ABC,1027,1.140924710893835,0.06279571736924103,204,3807.85,204,3807.85,1,1.0940839000977576,6000
mk03,independent,0.15,main,EAMS-ABC,1028,1.1710989607901996,0.03536458109981868,204,3783.8625,204,3783.8625,1,0.9769302001222968,6000
mk03,independent,0.15,main,EAMS-ABC,1029,1.1787565218634304,0.028403161942336122,204,3777.775,204,3777.775,1,0.9555261000059545,6000
mk03,independent,0.15,main,MA-NSGA-II,1000,1.1851247194705319,0.02261389139042566,204,3772.7125,204,3772.7125,1,0.8119406998157501,6000
mk03,independent,0.15,main,MA-NSGA-II,1001,1.1708473776748576,0.035593293022856916,204,3784.0625,204,3784.0625,1,0.9215710998978466,6000
mk03,independent,0.15,main,MA-NSGA-II,1002,1.1875776548451196,0.020383950140800577,204,3770.7625,204,3770.7625,1,0.9006192998494953,6000
mk03,independent,0.15,main,MA-NSGA-II,1003,1.1722310848092399,0.03433537744614561,204,3782.9625,204,3782.9625,1,1.1053013999480754,6000
mk03,independent,0.15,main,MA-NSGA-II,1004,1.1619319010249154,0.043698271795531665,204,3791.15,204,3791.15,1,1.0057127999607474,6000
mk03,independent,0.15,main,MA-NSGA-II,1005,1.1682529267978903,0.0379518847291908,204,3786.125,204,3786.125,1,1.0998096999246627,6000
mk03,independent,0.15,main,MA-NSGA-II,1006,1.193741441171005,0.014780508026359263,204,3765.8625,204,3765.8625,1,1.0819952997844666,6000
mk03,independent,0.15,main,MA-NSGA-II,1007,1.1665075689352034,0.03953857369526976,204,3787.5125,204,3787.5125,1,0.9681099001318216,6000
mk03,independent,0.15,main,MA-NSGA-II,1008,1.153330903269151,0.05151736066440837,204,3797.9875,204,3797.9875,1,1.139229399850592,6000
mk03,independent,0.15,main,MA-NSGA-II,1009,1.1582839458524523,0.04701459467958912,204,3794.05,204,3794.05,1,0.9619108999613672,6000
mk03,independent,0.15,main,MA-NSGA-II,1010,1.1776872936232257,0.02937518761524938,204,3778.625,204,3778.625,1,0.9726862001698464,6000
mk03,independent,0.15,main,MA-NSGA-II,1011,1.1638344983346915,0.041968637877553165,204,3789.6375,204,3789.6375,1,0.9811956000048667,6000
mk03,independent,0.15,main,MA-NSGA-II,1012,1.1937571651157142,0.014766213531169048,204,3765.85,204,3765.85,1,1.0031708001624793,6000
mk03,independent,0.15,main,MA-NSGA-II,1013,1.1808635304544224,0.026487699586888996,204,3776.1,204,3776.1,1,0.8532661001663655,6000
mk03,independent,0.15,main,MA-NSGA-II,1014,1.159620481152708,0.04579956258844742,204,3792.9875,204,3792.9875,1,1.1386782000772655,6000
mk03,independent,0.15,main,MA-NSGA-II,1015,1.169778149434653,0.03656531869577017,204,3784.9125,204,3784.9125,1,0.8077398999594152,6000
mk03,independent,0.15,main,MA-NSGA-II,1016,1.179322583872951,0.027888560115499325,204,3777.325,204,3777.325,1,1.0238295998424292,6000
mk03,independent,0.15,main,MA-NSGA-II,1017,1.1899991423302887,0.018182597881555924,204,3768.8375,204,3768.8375,1,0.741060100030154,6000
mk03,independent,0.15,main,MA-NSGA-II,1018,1.1699825607158687,0.03637949025830154,204,3784.75,204,3784.75,1,0.9116200997959822,6000
mk03,independent,0.15,main,MA-NSGA-II,1019,1.1612557714024332,0.04431293508869736,204,3791.6875,204,3791.6875,1,0.8767228000797331,6000
mk03,independent,0.15,main,MA-NSGA-II,1020,1.1685045099132323,0.037723172806152575,204,3785.925,204,3785.925,1,1.0318104000762105,6000
mk03,independent,0.15,main,MA-NSGA-II,1021,1.1907381677316067,0.01751075660763041,204,3768.25,204,3768.25,1,1.0919197998009622,6000
mk03,independent,0.15,main,MA-NSGA-II,1022,1.1647779350172254,0.04111096816615902,204,3788.8875,204,3788.8875,1,1.0383567998651415,6000
mk03,independent,0.15,main,MA-NSGA-II,1023,1.1726241834269624,0.03397801506639805,204,3782.65,204,3782.65,1,0.9674615999683738,6000
mk03,independent,0.15,main,MA-NSGA-II,1024,1.170800205840731,0.035636176508426515,204,3784.1,204,3784.1,1,0.9975414997898042,6000
mk03,independent,0.15,main,MA-NSGA-II,1025,1.2048582700801922,0.00467429992709818,204,3757.025,204,3757.025,1,0.8934810999780893,6000
mk03,independent,0.15,main,MA-NSGA-II,1026,1.168850436696828,0.03740869391197462,204,3785.65,204,3785.65,1,0.8667258999776095,6000
mk03,independent,0.15,main,MA-NSGA-II,1027,1.1775457781208456,0.02950383807195871,204,3778.7375,204,3778.7375,1,1.0043293999042362,6000
mk03,independent,0.15,main,MA-NSGA-II,1028,1.168300098632017,0.037909001243621204,204,3786.0875,204,3786.0875,1,0.9610772000160068,6000
mk03,independent,0.15,main,MA-NSGA-II,1029,1.1622621038638026,0.043398087396543404,204,3790.8875,204,3790.8875,1,0.92510150000453,6000
mk03,independent,0.15,main,MOEA-D,1000,1.1733632088282804,0.03330617379247253,204,3782.0625,204,3782.0625,1,1.5070591000840068,6000
mk03,independent,0.15,main,MOEA-D,1001,1.2036318023928987,0.005789270551910462,204,3758,204,3758,1,1.5974946001078933,6000
mk03,independent,0.15,main,MOEA-D,1002,1.1672151464471034,0.03889532141172415,204,3786.95,204,3786.95,1,1.3897873000241816,6000
mk03,independent,0.15,main,MOEA-D,1003,1.1713505439055423,0.03513586917677993,204,3783.6625,204,3783.6625,1,1.5579921000171453,6000
mk03,independent,0.15,main,MOEA-D,1004,1.1549504695741672,0.05004502765984801,204,3796.7,204,3796.7,1,1.5818394001107663,6000
mk03,independent,0.15,main,MOEA-D,1005,1.196807610389239,0.0119930814643283,204,3763.425,204,3763.425,1,1.5985208998899907,6000
mk03,independent,0.15,main,MOEA-D,1006,1.1855020941435457,0.022270823505867794,204,3772.4125,204,3772.4125,1,1.4741626000031829,6000
mk03,independent,0.15,main,MOEA-D,1007,1.169715253655817,0.03662249667652999,204,3784.9625,204,3784.9625,1,1.2201477999333292,6000
mk03,independent,0.15,main,MOEA-D,1008,1.169778149434653,0.03656531869577017,204,3784.9125,204,3784.9125,1,1.293694700114429,6000
mk03,independent,0.15,main,MOEA-D,1009,1.1688949538389912,0.03773746730134227,204,3785.6,204,3785.9375,2,1.3527017999440432,6000
mk03,independent,0.15,main,MOEA-D,1010,1.1747469159626627,0.032048258215761224,204,3780.9625,204,3780.9625,1,1.4917360998224467,6000
mk03,independent,0.15,main,MOEA-D,1011,1.1791810683705706,0.028017210572208653,204,3777.4375,204,3777.4375,1,1.5625958999153227,6000
mk03,independent,0.15,main,MOEA-D,1012,1.1544315793987736,0.0505167460011152,204,3797.1125,204,3797.1125,1,1.4925485998392105,6000
mk03,independent,0.15,main,MOEA-D,1013,1.1748098117414987,0.03199108023500141,204,3780.9125,204,3780.9125,1,1.4617743000853807,6000
mk03,independent,0.15,main,MOEA-D,1014,1.1767753048301104,0.030204268336263614,204,3779.35,204,3779.35,1,1.283900300040841,6000
mk03,independent,0.15,main,MOEA-D,1015,1.1640860814500336,0.041739925954514936,204,3789.4375,204,3789.4375,1,1.4062173999845982,6000
mk03,independent,0.15,main,MOEA-D,1016,1.167702588733079,0.03845219206083739,204,3786.5625,204,3786.5625,1,1.2086423998698592,6000
mk03,independent,0.15,main,MOEA-D,1017,1.1553592921365983,0.04967337078491075,204,3796.375,204,3796.375,1,1.4711037001106888,6000
mk03,independent,0.15,main,MOEA-D,1018,1.2052199208084966,0.00434552653773053,204,3756.7375,204,3756.7375,1,1.5218380999285728,6000
mk03,independent,0.15,main,MOEA-D,1019,1.1563499006532585,0.04877281758794701,204,3795.5875,204,3795.5875,1,1.379828300094232,6000
mk03,independent,0.15,main,MOEA-D,1020,1.167859828180168,0.03830924710893836,204,3786.4375,204,3786.4375,1,1.597746100043878,6000
mk03,independent,0.15,main,MOEA-D,1021,1.1627809940391958,0.04292636905527673,204,3790.475,204,3790.475,1,1.495676300022751,6000
mk03,independent,0.15,main,MOEA-D,1022,1.1670107351658876,0.0390811498491933,204,3787.1125,204,3787.1125,1,1.3026972999796271,6000
mk03,independent,0.15,main,MOEA-D,1023,1.1913514015752538,0.016953271295224007,204,3767.7625,204,3767.7625,1,1.6902220000047237,6000
mk03,independent,0.15,main,MOEA-D,1024,1.1818541389710824,0.02558714638992525,204,3775.3125,204,3775.3125,1,1.3447412999812514,6000
mk03,independent,0.15,main,MOEA-D,1025,1.172262532698658,0.0343067884557657,204,3782.9375,204,3782.9375,1,1.469487699912861,6000
mk03,independent,0.15,main,MOEA-D,1026,1.1699511128264506,0.03640807924868145,204,3784.775,204,3784.775,1,1.389257000060752,6000
mk03,independent,0.15,main,MOEA-D,1027,1.1874046914533214,0.020541189587889815,204,3770.9,204,3770.9,1,1.4271972998976707,6000
mk03,independent,0.15,main,MOEA-D,1028,1.1606582615034953,0.04485612590591355,204,3792.1625,204,3792.1625,1,1.5673830998130143,6000
mk03,independent,0.15,main,MOEA-D,1029,1.1750299469674228,0.03179095730234309,204,3780.7375,204,3780.7375,1,1.511655799811706,6000
mk03,independent,0.15,main,NSGA-II,1000,1.1741808539531429,0.03256286004259751,204,3781.4125,204,3781.4125,1,0.6958182000089437,6000
mk03,independent,0.15,main,NSGA-II,1001,1.1839296996726563,0.023700273024858033,204,3773.6625,204,3773.6625,1,0.8484141000080854,6000
mk03,independent,0.15,main,NSGA-II,1002,1.183599496833769,0.024000457423846294,204,3773.925,204,3773.925,1,0.8018263999838382,6000
mk03,independent,0.15,main,NSGA-II,1003,1.17606772731821,0.03084752061980922,204,3779.9125,204,3779.9125,1,0.7426467000041157,6000
mk03,independent,0.15,main,NSGA-II,1004,1.1806119473390797,0.026716411509927745,204,3776.3,204,3776.3,1,0.7389503999147564,6000
mk03,independent,0.15,main,NSGA-II,1005,1.187939305573424,0.020055176751432927,204,3770.475,204,3770.475,1,0.8404401999432594,6000
mk03,independent,0.15,main,NSGA-II,1006,1.17663378932773,0.03033291879297294,204,3779.4625,204,3779.4625,1,0.743956700200215,6000
mk03,independent,0.15,main,NSGA-II,1007,1.173740583501294,0.03296310590791467,204,3781.7625,204,3781.7625,1,0.7638612000737339,6000
mk03,independent,0.15,main,NSGA-II,1008,1.1877034464027907,0.020269594179281463,204,3770.6625,204,3770.6625,1,0.7290681998711079,6000
mk03,independent,0.15,main,NSGA-II,1009,1.1658471632574299,0.04013894249324576,204,3788.0375,204,3788.0375,1,0.784609500085935,6000
mk03,independent,0.15,main,NSGA-II,1010,1.1824359249253114,0.02505825006789876,204,3774.85,204,3774.85,1,0.8704673000611365,6000
mk03,independent,0.15,main,NSGA-II,1011,1.1722939805880759,0.03427819946538579,204,3782.9125,204,3782.9125,1,0.7075255999807268,6000
mk03,independent,0.15,main,NSGA-II,1012,1.198442900638964,0.010506453964578246,204,3762.125,204,3762.125,1,0.859375299885869,6000
mk03,independent,0.15,main,NSGA-II,1013,1.2100000000000002,0,204,3752.9375,204,3752.9375,1,0.654189300024882,6000
mk03,independent,0.15,main,NSGA-II,1014,1.1905966522292264,0.017639407064339738,204,3768.3625,204,3768.3625,1,0.9006553997751325,6000
mk03,independent,0.15,main,NSGA-II,1015,1.175941935760539,0.030961876581328335,204,3780.0125,204,3780.0125,1,0.673929600045085,6000
mk03,independent,0.15,main,NSGA-II,1016,1.1998108838286379,0.009262832883056635,204,3761.0375,204,3761.0375,1,0.7295740998815745,6000
mk03,independent,0.15,main,NSGA-II,1017,1.1717436425232646,0.03477850679703237,204,3783.35,204,3783.35,1,0.7567058999557048,6000
mk03,independent,0.15,main,NSGA-II,1018,1.1693378789828042,0.036965564561087336,204,3785.2625,204,3785.2625,1,0.7761874999850988,6000
mk03,independent,0.15,main,NSGA-II,1019,1.1781904598539106,0.0289177637691724,204,3778.225,204,3778.225,1,0.727581299841404,6000
mk03,independent,0.15,main,NSGA-II,1020,1.1780803922409482,0.02901782523550182,204,3778.3125,204,3778.3125,1,0.7969594998285174,6000
mk03,independent,0.15,main,NSGA-II,1021,1.1821686178652602,0.025301256486127202,204,3775.0625,204,3775.0625,1,0.6651383999269456,6000
mk03,independent,0.15,main,NSGA-II,1022,1.1768853724430726,0.030104206869934192,204,3779.2625,204,3779.2625,1,0.779068399919197,6000
mk03,independent,0.15,main,NSGA-II,1023,1.1705643466700977,0.03585059393627505,204,3784.2875,204,3784.2875,1,0.9124265001155436,6000
mk03,independent,0.15,main,NSGA-II,1024,1.178677902139886,0.028474634418285634,204,3777.8375,204,3777.8375,1,0.7027443000115454,6000
mk03,independent,0.15,main,NSGA-II,1025,1.167246594336521,0.038866732421344766,204,3786.925,204,3786.925,1,0.8370765999425203,6000
mk03,independent,0.15,main,NSGA-II,1026,1.1988359992566864,0.010149091584830686,204,3761.8125,204,3761.8125,1,0.7241841999348253,6000
mk03,independent,0.15,main,NSGA-II,1027,1.190722443786898,0.017525051102820103,204,3768.2625,204,3768.2625,1,0.7639315000269562,6000
mk03,independent,0.15,main,NSGA-II,1028,1.184936032134025,0.022785425332704595,204,3772.8625,204,3772.8625,1,0.6756150999572128,6000
mk03,independent,0.15,main,NSGA-II,1029,1.1619161770802067,0.04371256629072136,204,3791.1625,204,3791.1625,1,0.7927010001149029,6000
mk04,independent,0.15,ablation,no-adaptive,1000,0.9890815211333664,0.06610880805199332,69,1360.25,69,1444,13,1.005705300020054,6000
mk04,independent,0.15,ablation,no-adaptive,1001,1.0899486702170011,0.036955045678198004,66,1345.4125,66,1445.9125,11,0.9559388998895884,6000
mk04,independent,0.15,ablation,no-adaptive,1002,0.9624290451878693,0.07359067311826559,68,1404.6375,72,1424.4375,9,1.0032089001033455,6000
mk04,independent,0.15,ablation,no-adaptive,1003,0.9979067407614355,0.0521317567549396,68,1380.175,68,1431.1875,7,0.9872161999810487,6000
mk04,independent,0.15,ablation,no-adaptive,1004,1.0719138366045338,0.044056535898030484,66,1354.625,70,1426.1875,9,0.9354520000051707,6000
mk04,independent,0.15,ablation,no-adaptive,1005,0.9475057720673922,0.06883237221332326,69,1400.2375,70,1435.2625,7,0.9339624000713229,6000
mk04,independent,0.15,ablation,no-adaptive,1006,1.0661212141389962,0.04203940511035675,65,1384.1,68,1442.0125,10,0.845679999794811,6000
mk04,independent,0.15,ablation,no-adaptive,1007,1.0747259009853414,0.0394043242283906,66,1354.1375,68,1437.05,12,0.9638023998122662,6000
mk04,independent,0.15,ablation,no-adaptive,1008,0.9836724968769317,0.04426605869326445,69,1382.15,70,1416.2625,5,0.9692446999251842,6000
mk04,independent,0.15,ablation,no-adaptive,1009,0.9591681709024114,0.07376263528364363,71,1354.8125,71,1443.025,9,0.9962613999377936,6000
mk04,independent,0.15,ablation,no-adaptive,1010,0.9803612481851466,0.06543251597066277,68,1391.85,69,1443.425,12,0.8809605999849737,6000
mk04,independent,0.15,ablation,no-adaptive,1011,0.9438091881180096,0.07253724150973907,72,1347.2875,72,1421.5875,7,0.8263688001316041,6000
mk04,independent,0.15,ablation,no-adaptive,1012,1.0226664852416023,0.06757676042924536,67,1367.975,71,1435.6375,11,0.932368699926883,6000
mk04,independent,0.15,ablation,no-adaptive,1013,1.0081965094010517,0.05721364642264359,69,1348.5125,69,1443.7,10,0.855665999930352,6000
mk04,independent,0.15,ablation,no-adaptive,1014,0.9614877096581345,0.07444066594128199,71,1349.7625,72,1430.0375,7,0.8879057001322508,6000
mk04,independent,0.15,ablation,no-adaptive,1015,0.9909128045082202,0.0589632062700601,69,1367.925,72,1411.6875,10,0.9643291998654604,6000
mk04,independent,0.15,ablation,no-adaptive,1016,1.0213634817400017,0.04100839405382081,69,1348.8125,69,1430.0125,12,0.9534899999853224,6000
mk04,independent,0.15,ablation,no-adaptive,1017,0.9486048895020031,0.06836436361704243,71,1365.9875,71,1433.3375,7,0.8849467001855373,6000
mk04,independent,0.15,ablation,no-adaptive,1018,1.0388368868037876,0.041050431443634613,68,1353.1875,72,1404.225,9,1.0116705000400543,6000
mk04,independent,0.15,ablation,no-adaptive,1019,1.0255726397491705,0.049247064904765034,68,1358.2875,68,1434.4375,15,0.9584898999892175,6000
mk04,independent,0.15,ablation,no-adaptive,1020,1.0394523086098257,0.029159764764539322,68,1358.325,68,1431.0125,10,0.932837100001052,6000
mk04,independent,0.15,ablation,no-adaptive,1021,1.0557052923524994,0.03730774112956984,67,1358.775,71,1423.1,9,0.8207199000753462,6000
mk04,independent,0.15,ablation,no-adaptive,1022,1.0418716552769363,0.03683298746311732,68,1346.5625,68,1443.0875,8,1.071332799969241,6000
mk04,independent,0.15,ablation,no-adaptive,1023,1.0248726092060678,0.0356692144941225,69,1349.9125,72,1402.225,6,1.0428216999862343,6000
mk04,independent,0.15,ablation,no-adaptive,1024,0.9635361964717654,0.06443224701916786,69,1385.8,69,1440.4,6,0.9357831999659538,6000
mk04,independent,0.15,ablation,no-adaptive,1025,0.9945918008416003,0.0625692134934123,68,1377.3375,68,1452.875,12,0.9417598999571055,6000
mk04,independent,0.15,ablation,no-adaptive,1026,1.0570546171472746,0.025474428586206174,68,1342.4625,68,1424.9,5,1.1282029999420047,6000
mk04,independent,0.15,ablation,no-adaptive,1027,1.060043426212352,0.031072903837450892,67,1358.475,68,1439.65,9,0.8545618001371622,6000
mk04,independent,0.15,ablation,no-adaptive,1028,0.9241470295746985,0.0701738457874539,71,1386.85,72,1408.3375,6,0.9249497000128031,6000
mk04,independent,0.15,ablation,no-adaptive,1029,0.9856436850325773,0.06568425226597949,70,1349.7625,70,1443.85,10,0.9610798000358045,6000
mk04,independent,0.15,ablation,no-critical,1000,1.0403053441744463,0.05745963678635874,67,1358.175,70,1440.0875,10,0.637703699991107,6000
mk04,independent,0.15,ablation,no-critical,1001,0.8880434175271092,0.09421357520003326,72,1389.1625,72,1433.1875,10,0.8132281999569386,6000
mk04,independent,0.15,ablation,no-critical,1002,1.031275731840244,0.04972308058928127,66,1392.3,66,1446.1125,7,0.8203704999759793,6000
mk04,independent,0.15,ablation,no-critical,1003,0.9336963089167044,0.07470107568836098,72,1354.225,72,1417.7875,7,0.7752318000420928,6000
mk04,independent,0.15,ablation,no-critical,1004,0.9943785781389558,0.06381758531952245,69,1359.8625,72,1418.4125,9,0.7867352000903338,6000
mk04,independent,0.15,ablation,no-critical,1005,1.0603109316804356,0.03748938841023679,66,1374.95,68,1434.1,7,0.8533757000695914,6000
mk04,independent,0.15,ablation,no-critical,1006,1.0398142660897738,0.03915904956308883,68,1351.2875,69,1429,11,0.8374719000421464,6000
mk04,independent,0.15,ablation,no-critical,1007,0.934117687930553,0.07606064359345119,72,1352.775,72,1422.9375,8,0.7617307999171317,6000
mk04,independent,0.15,ablation,no-critical,1008,1.0052047328781304,0.035059428771602764,68,1386.1875,68,1417.075,4,0.836273199878633,6000
mk04,independent,0.15,ablation,no-critical,1009,1.0273379152812505,0.038076333883280494,69,1344.8375,69,1435.625,6,0.8270749999210238,6000
mk04,independent,0.15,ablation,no-critical,1010,1.0336938480980047,0.07032096287785555,67,1353.1,73,1432.5125,11,0.7215630002319813,6000
mk04,independent,0.15,ablation,no-critical,1011,0.9055778364192486,0.08683690695771853,72,1377.6,72,1422.8875,8,0.8521364000625908,6000
mk04,independent,0.15,ablation,no-critical,1012,1.0336331237777334,0.05876904608337429,67,1357.9375,69,1448.475,11,0.7435421999543905,6000
mk04,independent,0.15,ablation,no-critical,1013,0.9411357257316233,0.08241850293252168,72,1346.7125,74,1404.3125,8,0.826359499944374,6000
mk04,independent,0.15,ablation,no-critical,1014,0.9591828634375903,0.05555129578121571,71,1361.7,72,1403.6375,7,0.7652702999766916,6000
mk04,independent,0.15,ablation,no-critical,1015,0.928747674888214,0.07718528751083883,72,1359.8375,72,1425.9375,5,0.7608332999516279,6000
mk04,independent,0.15,ablation,no-critical,1016,0.9517837606231376,0.06620669965894593,72,1345.75,72,1424.675,9,0.8159292000345886,6000
mk04,independent,0.15,ablation,no-critical,1017,1.0343930824938807,0.05178961485595717,68,1345.9875,68,1443.775,10,0.8361257000360638,6000
mk04,independent,0.15,ablation,no-critical,1018,1.0391688078201924,0.04779596101708445,68,1343.9625,69,1441.1625,8,0.7352630000095814,6000
mk04,independent,0.15,ablation,no-critical,1019,1.0096510703837578,0.05564842674405091,69,1349.125,69,1444.1625,10,0.8421342000365257,6000
mk04,independent,0.15,ablation,no-critical,1020,1.0494370081076743,0.03143989539209319,68,1345.55,68,1430.375,9,0.7966279999818653,6000
mk04,independent,0.15,ablation,no-critical,1021,0.9805247478746493,0.05975945052330889,70,1357.4875,70,1435.2625,10,0.8144889001268893,6000
mk04,independent,0.15,ablation,no-critical,1022,1.0234359253474463,0.04771315784999686,68,1362.8625,70,1434.6,13,0.820989100029692,6000
mk04,independent,0.15,ablation,no-critical,1023,0.9533167059191379,0.05680566135282002,72,1350.375,72,1400.0125,7,0.7425488999579102,6000
mk04,independent,0.15,ablation,no-critical,1024,1.0519998784066058,0.030935942884954656,67,1358.75,68,1420.525,8,0.7591652001719922,6000
mk04,independent,0.15,ablation,no-critical,1025,0.9372060153989352,0.07663236300922484,72,1348.275,72,1420.2375,7,0.8312709999736398,6000
mk04,independent,0.15,ablation,no-critical,1026,0.9786464194364151,0.0596947350016198,70,1363.9375,71,1432.35,8,0.8743980000726879,6000
mk04,independent,0.15,ablation,no-critical,1027,0.9204585518516215,0.08914951551846298,73,1345.4,73,1427.5125,10,0.8411584000568837,6000
mk04,independent,0.15,ablation,no-critical,1028,1.0657442746157872,0.0341711400304941,66,1368.825,68,1435.6125,10,0.8204093999229372,6000
mk04,independent,0.15,ablation,no-critical,1029,1.0371385600157494,0.04879387811854603,68,1349.125,72,1417.1375,9,0.8302551999222487,6000
mk04,independent,0.15,ablation,no-exchange,1000,0.8987354576471391,0.1371670764476046,68,1407.575,74,1439.3375,10,0.9928733999840915,6000
mk04,independent,0.15,ablation,no-exchange,1001,0.8599468028898699,0.13781475143450875,71,1407.4125,74,1442.9625,6,1.1352234999649227,6000
mk04,independent,0.15,ablation,no-exchange,1002,0.9183631647286518,0.12416299235344384,69,1393.3625,69,1491.8,9,1.070921199861914,6000
mk04,independent,0.15,ablation,no-exchange,1003,0.8799806174338873,0.14531952356292577,70,1398.6875,74,1454.6125,11,1.0861702000256628,6000
mk04,independent,0.15,ablation,no-exchange,1004,0.911393691908394,0.16633677691296128,68,1396.9625,78,1436.5375,14,1.1295441000256687,6000
mk04,independent,0.15,ablation,no-exchange,1005,0.8749508487653207,0.11535855957260263,70,1411.8375,74,1424.6375,6,0.9405290000140667,6000
mk04,independent,0.15,ablation,no-exchange,1006,0.9726915276907248,0.1336672150353201,66,1395.0875,66,1515.8625,12,1.0418928998988122,6000
mk04,independent,0.15,ablation,no-exchange,1007,0.9096241461321001,0.14571458002301,68,1407.05,74,1461.8125,10,1.025989699875936,6000
mk04,independent,0.15,ablation,no-exchange,1008,0.8969125700066736,0.14431694445834048,69,1391.6,72,1484.6125,11,1.0419930999632925,6000
mk04,independent,0.15,ablation,no-exchange,1009,0.9281208175129231,0.13977370520290772,68,1398.8,76,1435.2125,10,0.9015160999260843,6000
mk04,independent,0.15,ablation,no-exchange,1010,0.897235299141464,0.13213567306619511,69,1409.8875,73,1458.575,10,1.146419099997729,6000
mk04,independent,0.15,ablation,no-exchange,1011,0.8761494846032369,0.12363766792593937,71,1403.475,74,1434.775,8,0.9685584001708776,6000
mk04,independent,0.15,ablation,no-exchange,1012,0.932152724198678,0.11355385472243146,69,1396.2125,69,1486.375,9,0.9383383998647332,6000
mk04,independent,0.15,ablation,no-exchange,1013,0.9728052319900645,0.10478321028973725,67,1394.225,74,1437.85,9,1.015339800156653,6000
mk04,independent,0.15,ablation,no-exchange,1014,0.9191377436029574,0.12691837519789856,69,1396.9125,69,1497.2375,7,0.9014026999939233,6000
mk04,independent,0.15,ablation,no-exchange,1015,0.8497947677204281,0.17775723257848955,70,1404.0875,74,1492.0125,9,0.9910755001474172,6000
mk04,independent,0.15,ablation,no-exchange,1016,0.9100720151354829,0.12887929048753125,69,1401.8,75,1429.05,9,1.0776597999501973,6000
mk04,independent,0.15,ablation,no-exchange,1017,0.8808306855406639,0.1424543536549034,70,1395.875,74,1463.4375,9,0.9799888001289219,6000
mk04,independent,0.15,ablation,no-exchange,1018,0.9709601246042787,0.12253796393641304,67,1387.9625,67,1498.675,11,1.0201189999934286,6000
mk04,independent,0.15,ablation,no-exchange,1019,0.9686879204200189,0.1322610119617956,67,1380.2375,73,1485.325,8,1.006472400156781,6000
mk04,independent,0.15,ablation,no-exchange,1020,0.9125934134016188,0.16989583403283795,66,1404.7625,76,1446.6125,13,0.9654947000090033,6000
mk04,independent,0.15,ablation,no-exchange,1021,0.9259880114703104,0.09731950674000144,69,1405.65,72,1433.65,8,0.8482888001017272,6000
mk04,independent,0.15,ablation,no-exchange,1022,0.8778365205760633,0.17749158659863465,70,1384.8375,77,1448.6625,12,1.0843597000930458,6000
mk04,independent,0.15,ablation,no-exchange,1023,0.9335593715937567,0.144101797198748,69,1364.15,72,1486.7875,7,1.0614383001811802,6000
mk04,independent,0.15,ablation,no-exchange,1024,0.8991186215941186,0.12298284171817062,71,1376.575,73,1448.375,13,1.0520540000870824,6000
mk04,independent,0.15,ablation,no-exchange,1025,0.8880507276061881,0.14728829679627845,70,1385.4,76,1431.6625,10,0.9127087001688778,6000
mk04,independent,0.15,ablation,no-exchange,1026,0.9884057368921603,0.09494344254077801,67,1382.4125,74,1428.5,8,0.943850499810651,6000
mk04,independent,0.15,ablation,no-exchange,1027,0.9310693849545547,0.10581517648973018,69,1397.0125,69,1476.6375,9,1.0405922001227736,6000
mk04,independent,0.15,ablation,no-exchange,1028,0.8848390696947285,0.0980895724370802,71,1404.6,72,1431.65,8,1.0279959000181407,6000
mk04,independent,0.15,ablation,no-exchange,1029,0.9629574698151642,0.12101513542584293,67,1388.925,74,1453.3375,11,1.0682411000598222,6000
mk04,independent,0.15,ablation,no-gap,1000,0.9295130618809052,0.07464230325694662,72,1359.775,72,1415.5875,7,0.7915467000566423,6000
mk04,independent,0.15,ablation,no-gap,1001,0.9262295335880043,0.07183101947710166,72,1362.5375,72,1410.725,7,0.7949829001445323,6000
mk04,independent,0.15,ablation,no-gap,1002,1.026048663413561,0.0421040474138911,68,1356.9,68,1431.6625,6,0.862166800070554,6000
mk04,independent,0.15,ablation,no-gap,1003,1.0663434115921937,0.04192021912698496,66,1358.15,69,1433.0375,10,0.7892677001655102,6000
mk04,independent,0.15,ablation,no-gap,1004,0.959047446032075,0.06822245148289277,71,1358.1125,72,1437.625,9,0.7800830998457968,6000
mk04,independent,0.15,ablation,no-gap,1005,0.9186138063509389,0.08045684332771375,72,1368.775,72,1421.0625,7,0.725677999900654,6000
mk04,independent,0.15,ablation,no-gap,1006,1.077949066843074,0.03344617294634429,66,1357.025,70,1431.725,9,0.863860199926421,6000
mk04,independent,0.15,ablation,no-gap,1007,1.0763897039345598,0.037840072581862116,66,1355.2125,67,1446.325,11,0.7676365999504924,6000
mk04,independent,0.15,ablation,no-gap,1008,1.0414660544535757,0.03972945481019404,67,1369.2875,68,1436.95,10,0.8267719999421388,6000
mk04,independent,0.15,ablation,no-gap,1009,1.0149680310700075,0.049081014727716483,68,1364.375,68,1437.6,6,0.7294597998261452,6000
mk04,independent,0.15,ablation,no-gap,1010,1.0049305687241528,0.05345680739463469,68,1378.1125,68,1452.4,6,0.8868076999206096,6000
mk04,independent,0.15,ablation,no-gap,1011,0.9995516533082816,0.055349279385790845,68,1377.6625,70,1426.6625,7,0.8383681001141667,6000
mk04,independent,0.15,ablation,no-gap,1012,0.9679173222818451,0.06413340290004955,70,1364.15,70,1436.7125,6,0.8283853998873383,6000
mk04,independent,0.15,ablation,no-gap,1013,1.0455476841524731,0.0644043713795823,67,1348.1375,72,1424.6125,12,0.9921260999981314,6000
mk04,independent,0.15,ablation,no-gap,1014,0.9447154207927603,0.0742996454914303,72,1344.875,73,1415.9125,8,0.843576000072062,6000
mk04,independent,0.15,ablation,no-gap,1015,0.9239223713028011,0.08134383170069773,72,1359.8,72,1427.95,9,0.7681695998180658,6000
mk04,independent,0.15,ablation,no-gap,1016,1.0567060494161344,0.0262654537465742,68,1342.3125,68,1424.25,9,0.8765482001472265,6000
mk04,independent,0.15,ablation,no-gap,1017,0.9952992138408028,0.05497905552823168,69,1366.3625,72,1421.05,11,0.8003996999468654,6000
mk04,independent,0.15,ablation,no-gap,1018,0.9492119879506741,0.06570565604319391,72,1349.4875,72,1415.625,9,0.8112962001468986,6000
mk04,independent,0.15,ablation,no-gap,1019,0.9780375839392498,0.07377728000884415,70,1352.2625,70,1447.325,12,0.7699033000972122,6000
mk04,independent,0.15,ablation,no-gap,1020,1.0120586919735335,0.0560885738053725,68,1368.5125,72,1421.45,10,0.837925500003621,6000
mk04,independent,0.15,ablation,no-gap,1021,1.0219049342310016,0.06774390218727486,67,1363.55,72,1428.0125,9,0.8791825999505818,6000
mk04,independent,0.15,ablation,no-gap,1022,0.9514346862528538,0.07774513140766516,71,1354.6875,72,1429.375,9,0.9359101001173258,6000
mk04,independent,0.15,ablation,no-gap,1023,1.0460689434547292,0.026066361018492967,68,1353.8625,69,1422.5875,11,0.8178367000073195,6000
mk04,independent,0.15,ablation,no-gap,1024,0.8711348427319722,0.10878746131755523,73,1383.7625,73,1442.8625,5,0.8942095001693815,6000
mk04,independent,0.15,ablation,no-gap,1025,1.0359837122752877,0.03747493837819495,68,1354.975,68,1433.8375,11,0.7962912998627871,6000
mk04,independent,0.15,ablation,no-gap,1026,0.9798968772210703,0.06705374990981958,70,1359.175,72,1425.4875,9,0.9267149998340756,6000
mk04,independent,0.15,ablation,no-gap,1027,0.9542438555528375,0.060118079211861,72,1346.625,72,1409.6875,5,0.885891999816522,6000
mk04,independent,0.15,ablation,no-gap,1028,1.0479006610917063,0.04705125301914088,67,1355.3875,72,1413.3625,10,0.8726270999759436,6000
mk04,independent,0.15,ablation,no-gap,1029,0.9316353732555331,0.07733365683541858,72,1357.9125,73,1407.25,11,0.897908000042662,6000
mk04,independent,0.15,ablation,no-rebuild,1000,0.963473879857041,0.07225520377124459,69,1380.0875,69,1444.375,10,1.004369200207293,6000
mk04,independent,0.15,ablation,no-rebuild,1001,1.0693107246821567,0.04142782477422299,66,1356.1,66,1438.8,9,0.9014348001219332,6000
mk04,independent,0.15,ablation,no-rebuild,1002,1.0080552294568685,0.055667178980932416,67,1389.8625,68,1448.475,7,0.9462557998485863,6000
mk04,independent,0.15,ablation,no-rebuild,1003,0.9043657384555038,0.0878433329855739,73,1360.5375,73,1422.175,7,0.8990156999789178,6000
mk04,independent,0.15,ablation,no-rebuild,1004,0.9415673822823951,0.06653862099977693,72,1356.1875,72,1424.6375,7,0.8439114999491721,6000
mk04,independent,0.15,ablation,no-rebuild,1005,1.0131266872892928,0.06272855055906328,66,1401.3125,68,1446.55,6,0.8554986000526696,6000
mk04,independent,0.15,ablation,no-rebuild,1006,0.9597560894406272,0.0651942021177543,71,1355.325,71,1427.6,9,1.0230465000495315,6000
mk04,independent,0.15,ablation,no-rebuild,1007,1.0662674157205787,0.04654150947231251,66,1361.15,66,1451.0125,11,0.8318432001397014,6000
mk04,independent,0.15,ablation,no-rebuild,1008,1.027212920166699,0.05003819631151973,68,1355.925,68,1444.2875,13,0.951509099919349,6000
mk04,independent,0.15,ablation,no-rebuild,1009,0.9944798335907544,0.05414095505503958,69,1363.525,70,1432.9375,9,0.8967091999948025,6000
mk04,independent,0.15,ablation,no-rebuild,1010,1.064664409468652,0.04355345335454361,67,1341.875,70,1428.55,11,0.9444630998186767,6000
mk04,independent,0.15,ablation,no-rebuild,1011,0.9902058981481618,0.06907953173903368,68,1382.3875,72,1424.9125,10,0.8970043000299484,6000
mk04,independent,0.15,ablation,no-rebuild,1012,0.9226714068790017,0.07384190548165591,71,1386.525,72,1419.5875,9,0.9164007999934256,6000
mk04,independent,0.15,ablation,no-rebuild,1013,1.016881751871308,0.044746351930736,69,1347.7625,69,1432.7875,7,0.8830793001689017,6000
mk04,independent,0.15,ablation,no-rebuild,1014,1.0476727458538824,0.02916452163580872,68,1348.775,68,1433.3625,8,0.8813980000559241,6000
mk04,independent,0.15,ablation,no-rebuild,1015,1.0705040046205492,0.034911434789550014,66,1368.4625,67,1442.9625,12,0.8430985000450164,6000
mk04,independent,0.15,ablation,no-rebuild,1016,0.9488962793868799,0.06931690047285395,72,1344.8125,72,1414.3625,8,0.8645164999179542,6000
mk04,independent,0.15,ablation,no-rebuild,1017,0.9788538519774128,0.07031874130798996,68,1392.4875,72,1423.9875,10,1.087996199959889,6000
mk04,independent,0.15,ablation,no-rebuild,1018,0.9357887285818304,0.07736077866260868,72,1349.975,72,1422.1875,8,0.7817637999542058,6000
mk04,independent,0.15,ablation,no-rebuild,1019,1.028514114242785,0.03467338990236116,69,1344.175,69,1419.575,6,0.856134100118652,6000
mk04,independent,0.15,ablation,no-rebuild,1020,1.0647117440401146,0.05733104951102089,66,1352.8,72,1419.1125,8,0.9564617997966707,6000
mk04,independent,0.15,ablation,no-rebuild,1021,1.0209845880372368,0.04202876440056474,68,1366.825,68,1445.2375,9,0.8639618998859078,6000
mk04,independent,0.15,ablation,no-rebuild,1022,0.9354264092167797,0.06757101939470313,72,1358.45,72,1412.6125,6,0.9821798999328166,6000
mk04,independent,0.15,ablation,no-rebuild,1023,0.9460555537059208,0.06293404638431678,72,1354.15,72,1405.7875,4,0.8071937998756766,6000
mk04,independent,0.15,ablation,no-rebuild,1024,1.0304088722646916,0.06126787247034034,67,1365.7375,72,1423.575,7,0.9075581000652164,6000
mk04,independent,0.15,ablation,no-rebuild,1025,0.9902158861770025,0.06989243177873009,69,1361.2625,72,1422.0875,10,0.9208953999914229,6000
mk04,independent,0.15,ablation,no-rebuild,1026,0.9547474548620714,0.05584983928404204,72,1348.7,72,1398.1,6,0.8525922000408173,6000
mk04,independent,0.15,ablation,no-rebuild,1027,0.8857426244197176,0.10454012844176516,74,1356.975,76,1403.5625,9,0.8775134000461549,6000
mk04,independent,0.15,ablation,no-rebuild,1028,0.9966468015870836,0.05284207785903435,68,1384.35,68,1447.75,7,0.9161324999295175,6000
mk04,independent,0.15,ablation,no-rebuild,1029,1.077040300972603,0.03808393649557211,66,1350.25,68,1429.3125,14,1.0615590000525117,6000
mk04,independent,0.15,main,DABC,1000,0.8120571720561013,0.1790591305128098,73,1396.85,78,1420.2625,6,0.7549747000448406,6000
mk04,independent,0.15,main,DABC,1001,0.8350272499482506,0.12197093030260472,73,1405.2125,73,1440,9,0.8531271999236196,6000
mk04,independent,0.15,main,DABC,1002,0.881179832287968,0.17628816856914648,70,1381.225,74,1488.425,10,0.6691379998810589,6000
mk04,independent,0.15,main,DABC,1003,0.8610198645970701,0.17229116534755354,71,1394.1875,72,1508.225,10,0.7550437001045793,6000
mk04,independent,0.15,main,DABC,1004,0.9520522793695098,0.13349404843076623,68,1368.05,68,1513.35,6,0.8573487000539899,6000
mk04,independent,0.15,main,DABC,1005,0.8864475766002201,0.15942125195788595,71,1375.075,77,1443.425,9,0.6536371000111103,6000
mk04,independent,0.15,main,DABC,1006,0.8452885744187768,0.14312908813473307,73,1388.8625,75,1447.075,9,0.792933699907735,6000
mk04,independent,0.15,main,DABC,1007,0.9022356827396731,0.15071600701769372,70,1377.0125,78,1419.95,9,0.7484820999670774,6000
mk04,independent,0.15,main,DABC,1008,0.832617529424878,0.17397237531547866,72,1389.3125,78,1414.1875,8,0.63295380002819,6000
mk04,independent,0.15,main,DABC,1009,0.8128352250273951,0.17931090668727626,73,1394.975,78,1418.675,6,0.7454331999178976,6000
mk04,independent,0.15,main,DABC,1010,0.9132520442889469,0.1090173041524081,71,1363.6375,74,1417.925,6,0.7191091000568122,6000
mk04,independent,0.15,main,DABC,1011,0.8235743825878262,0.16990091572220095,73,1392.675,78,1420.3625,7,0.7935981000773609,6000
mk04,independent,0.15,main,DABC,1012,0.8943722813381645,0.16833600532679416,69,1398.025,79,1423.8,10,0.6921530000399798,6000
mk04,independent,0.15,main,DABC,1013,0.8715797442775111,0.10915392544794189,72,1395.575,74,1411.3375,6,0.7099097000900656,6000
mk04,independent,0.15,main,DABC,1014,0.8571983579101575,0.1575144686446467,73,1368.1625,76,1448.425,10,0.6692816000431776,6000
mk04,independent,0.15,main,DABC,1015,0.957499808200896,0.12362551421095583,67,1394.9,67,1486.2,8,0.7388754000421613,6000
mk04,independent,0.15,main,DABC,1016,0.82533770394035,0.2192013209556511,72,1373.3875,80,1429.6,9,0.7325198999606073,6000
mk04,independent,0.15,main,DABC,1017,0.877022061963415,0.1597370546894834,71,1380.75,77,1443.125,12,0.7352277000900358,6000
mk04,independent,0.15,main,DABC,1018,0.8280333136950352,0.1839395376603747,71,1392.3125,78,1421.6875,10,0.7011231000069529,6000
mk04,independent,0.15,main,DABC,1019,0.8171535275836064,0.17284562019872773,73,1392.2,75,1468.4625,13,0.7589969001710415,6000
mk04,independent,0.15,main,DABC,1020,0.8562494227932609,0.230947889719512,68,1393.825,81,1425.8875,10,0.7809888001065701,6000
mk04,independent,0.15,main,DABC,1021,0.9168252254182309,0.1660237451967184,68,1380.275,78,1420.625,10,0.7686157999560237,6000
mk04,independent,0.15,main,DABC,1022,0.8950158578052108,0.1405131514614254,70,1384.625,75,1439.4125,9,0.8901223000138998,6000
mk04,independent,0.15,main,DABC,1023,0.8475507905741964,0.1581824493593041,73,1369.5125,75,1453.9375,12,0.9080195999704301,6000
mk04,independent,0.15,main,DABC,1024,0.9409798980063029,0.12426881789468099,68,1387.25,72,1457.9125,11,0.7802261000033468,6000
mk04,independent,0.15,main,DABC,1025,0.8892613780295214,0.18584739098437542,69,1385.3375,72,1518.325,9,0.8915285998955369,6000
mk04,independent,0.15,main,DABC,1026,0.927971937981579,0.13617124052552623,68,1381.6875,70,1497.8375,6,0.6907136999070644,6000
mk04,independent,0.15,main,DABC,1027,0.8267213354428825,0.15475225445291915,72,1400.125,76,1426.325,9,0.606071799993515,6000
mk04,independent,0.15,main,DABC,1028,0.8264653379210718,0.16674446531176493,73,1394.0625,77,1436.9625,7,0.7652255999855697,6000
mk04,independent,0.15,main,DABC,1029,0.887985298779579,0.1948183626365481,69,1382.125,73,1516.2375,7,0.7556548998691142,6000
mk04,independent,0.15,main,EAMS-ABC,1000,0.963473879857041,0.07225520377124459,69,1380.0875,69,1444.375,10,0.9084181999787688,6000
mk04,independent,0.15,main,EAMS-ABC,1001,1.0693107246821567,0.04142782477422299,66,1356.1,66,1438.8,9,0.9207610001321882,6000
mk04,independent,0.15,main,EAMS-ABC,1002,1.0080552294568685,0.055667178980932416,67,1389.8625,68,1448.475,7,0.9972693999297917,6000
mk04,independent,0.15,main,EAMS-ABC,1003,0.9043657384555038,0.0878433329855739,73,1360.5375,73,1422.175,7,0.9689840001519769,6000
mk04,independent,0.15,main,EAMS-ABC,1004,0.9415673822823951,0.06653862099977693,72,1356.1875,72,1424.6375,7,0.632238999940455,6000
mk04,independent,0.15,main,EAMS-ABC,1005,1.0131266872892928,0.06272855055906328,66,1401.3125,68,1446.55,6,0.8107660000678152,6000
mk04,independent,0.15,main,EAMS-ABC,1006,0.9597560894406272,0.0651942021177543,71,1355.325,71,1427.6,9,0.8775788000784814,6000
mk04,independent,0.15,main,EAMS-ABC,1007,1.0662674157205787,0.04654150947231251,66,1361.15,66,1451.0125,11,0.8441846000496298,6000
mk04,independent,0.15,main,EAMS-ABC,1008,1.027212920166699,0.05003819631151973,68,1355.925,68,1444.2875,13,0.96470159990713,6000
mk04,independent,0.15,main,EAMS-ABC,1009,0.9944798335907544,0.05414095505503958,69,1363.525,70,1432.9375,9,0.9554417000617832,6000
mk04,independent,0.15,main,EAMS-ABC,1010,1.064664409468652,0.04355345335454361,67,1341.875,70,1428.55,11,1.0346881998702884,6000
mk04,independent,0.15,main,EAMS-ABC,1011,1.0138155717712254,0.0549877158087367,68,1364.9875,69,1434.6125,12,0.8556142000015825,6000
mk04,independent,0.15,main,EAMS-ABC,1012,0.9226714068790017,0.07384190548165591,71,1386.525,72,1419.5875,9,0.7927623998839408,6000
mk04,independent,0.15,main,EAMS-ABC,1013,1.016881751871308,0.044746351930736,69,1347.7625,69,1432.7875,7,0.9499496000353247,6000
mk04,independent,0.15,main,EAMS-ABC,1014,1.0476727458538824,0.02916452163580872,68,1348.775,68,1433.3625,8,0.8716412999201566,6000
mk04,independent,0.15,main,EAMS-ABC,1015,1.0705040046205492,0.034911434789550014,66,1368.4625,67,1442.9625,12,0.8787479000166059,6000
mk04,independent,0.15,main,EAMS-ABC,1016,0.9488962793868799,0.06931690047285395,72,1344.8125,72,1414.3625,8,0.7656564000062644,6000
mk04,independent,0.15,main,EAMS-ABC,1017,0.9788538519774128,0.07031874130798996,68,1392.4875,72,1423.9875,10,0.9464990000706166,6000
mk04,independent,0.15,main,EAMS-ABC,1018,0.9357887285818304,0.07736077866260868,72,1349.975,72,1422.1875,8,0.9580609002150595,6000
mk04,independent,0.15,main,EAMS-ABC,1019,1.028514114242785,0.03467338990236116,69,1344.175,69,1419.575,6,0.9036910999566317,6000
mk04,independent,0.15,main,EAMS-ABC,1020,1.0647117440401146,0.05733104951102089,66,1352.8,72,1419.1125,8,0.9008462999481708,6000
mk04,independent,0.15,main,EAMS-ABC,1021,1.0209845880372368,0.04202876440056474,68,1366.825,68,1445.2375,9,1.0018597000744194,6000
mk04,independent,0.15,main,EAMS-ABC,1022,0.9354264092167797,0.06757101939470313,72,1358.45,72,1412.6125,6,0.9086229999084026,6000
mk04,independent,0.15,main,EAMS-ABC,1023,0.9460555537059208,0.06293404638431678,72,1354.15,72,1405.7875,4,0.8757607000879943,6000
mk04,independent,0.15,main,EAMS-ABC,1024,1.0304088722646916,0.06126787247034034,67,1365.7375,72,1423.575,7,0.7605677000246942,6000
mk04,independent,0.15,main,EAMS-ABC,1025,0.9902158861770025,0.06989243177873009,69,1361.2625,72,1422.0875,10,0.8618165999650955,6000
mk04,independent,0.15,main,EAMS-ABC,1026,0.9547474548620714,0.05584983928404204,72,1348.7,72,1398.1,6,0.8615962001495063,6000
mk04,independent,0.15,main,EAMS-ABC,1027,0.8857426244197176,0.10454012844176516,74,1356.975,76,1403.5625,9,0.9520570999011397,6000
mk04,independent,0.15,main,EAMS-ABC,1028,0.9966468015870836,0.05284207785903435,68,1384.35,68,1447.75,7,0.7433902001939714,6000
mk04,independent,0.15,main,EAMS-ABC,1029,1.0761072164232148,0.0379059457777415,66,1352.2,68,1430.4,12,0.8338387000840157,6000
mk04,independent,0.15,main,MA-NSGA-II,1000,1.0229827728215606,0.04971663045427802,68,1358.775,69,1436,11,0.878814399940893,6000
mk04,independent,0.15,main,MA-NSGA-II,1001,0.9752074253032965,0.06580023583299324,70,1358.875,72,1419.1625,14,0.8364999999757856,6000
mk04,independent,0.15,main,MA-NSGA-II,1002,0.9041690900905731,0.09806529870326797,73,1359.425,74,1431.65,11,0.8275264999829233,6000
mk04,independent,0.15,main,MA-NSGA-II,1003,0.9888759703949039,0.06599243339303523,69,1364.375,70,1446.9,9,0.9009009001310915,6000
mk04,independent,0.15,main,MA-NSGA-II,1004,1.0175267035017455,0.05496659358696215,69,1342.1,70,1440.725,11,0.9022540000732988,6000
mk04,independent,0.15,main,MA-NSGA-II,1005,0.9203191537099743,0.0864364454953619,70,1398.475,70,1454.0375,8,0.8191994000226259,6000
mk04,independent,0.15,main,MA-NSGA-II,1006,1.0182962883616304,0.0708170349657067,68,1352.1875,72,1433.7875,12,0.9364177000243217,6000
mk04,independent,0.15,main,MA-NSGA-II,1007,0.928481906468624,0.0769314313860377,72,1364.2875,72,1435.8,7,0.9214029000140727,6000
mk04,independent,0.15,main,MA-NSGA-II,1008,0.9725129735809402,0.05672803944336272,69,1385,70,1425.8125,7,0.7479741000570357,6000
mk04,independent,0.15,main,MA-NSGA-II,1009,1.0431162505229246,0.049247607570294956,67,1352.1625,69,1436.225,8,0.7417757001239806,6000
mk04,independent,0.15,main,MA-NSGA-II,1010,0.9268448106400012,0.08174873433059261,72,1358.125,72,1425.625,8,1.1037093999329954,6000
mk04,independent,0.15,main,MA-NSGA-II,1011,1.0016208399497994,0.05822374856740619,68,1376.7,68,1450.75,8,0.9169846000149846,6000
mk04,independent,0.15,main,MA-NSGA-II,1012,0.9467117237745488,0.07041737779184719,71,1364.375,72,1417.2125,7,0.7186738001182675,6000
mk04,independent,0.15,main,MA-NSGA-II,1013,1.016554101099118,0.051985944613863015,69,1348.15,72,1404.45,9,0.8987544002011418,6000
mk04,independent,0.15,main,MA-NSGA-II,1014,0.9890645849105495,0.049942499729915456,70,1354.325,70,1425.9375,8,0.8595227999612689,6000
mk04,independent,0.15,main,MA-NSGA-II,1015,1.0340759263896753,0.049638772212069145,67,1370.8875,67,1442.45,10,0.9308303000871092,6000
mk04,independent,0.15,main,MA-NSGA-II,1016,1.0450105019056875,0.03862293946374072,68,1347.1375,68,1444.35,11,0.8462430001236498,6000
mk04,independent,0.15,main,MA-NSGA-II,1017,0.9709114872464454,0.05998709776839662,69,1386.6375,72,1417.9125,8,0.7518919999711215,6000
mk04,independent,0.15,main,MA-NSGA-II,1018,0.9442904953049032,0.07430535439953313,72,1343.5375,72,1428.9375,8,0.808439000044018,6000
mk04,independent,0.15,main,MA-NSGA-II,1019,1.0216210715562655,0.05844040931144082,68,1352.675,68,1452.6625,14,0.7317792000249028,6000
mk04,independent,0.15,main,MA-NSGA-II,1020,1.024625007418645,0.03870773026333078,68,1368.65,68,1437.75,12,0.9074001000262797,6000
mk04,independent,0.15,main,MA-NSGA-II,1021,0.9421407530394733,0.06708774613503646,72,1352.6125,72,1416.2375,8,0.8862521999981254,6000
mk04,independent,0.15,main,MA-NSGA-II,1022,1.048559291979034,0.027260415081099516,68,1349.1875,68,1419.2625,7,0.8167993000242859,6000
mk04,independent,0.15,main,MA-NSGA-II,1023,1.0090048159669498,0.05454475228668651,69,1354.5875,73,1410.9625,9,0.990482599940151,6000
mk04,independent,0.15,main,MA-NSGA-II,1024,1.0008720996718428,0.06322271768148184,69,1357.0625,72,1421.5,10,0.9359105001203716,6000
mk04,independent,0.15,main,MA-NSGA-II,1025,1.034294722122905,0.05212881732512712,67,1362.775,70,1426.5125,10,0.80917640007101,6000
mk04,independent,0.15,main,MA-NSGA-II,1026,0.9725068215341907,0.06873102154262048,70,1362.6125,72,1433.25,11,0.7592567000538111,6000
mk04,independent,0.15,main,MA-NSGA-II,1027,1.058312385011009,0.0413368538919974,67,1353.1125,72,1416.575,8,0.8185320999473333,6000
mk04,independent,0.15,main,MA-NSGA-II,1028,0.9969105434500971,0.050034568258763464,69,1366,69,1437.825,9,1.0096321001183242,6000
mk04,independent,0.15,main,MA-NSGA-II,1029,1.0345871976630914,0.05148032001152417,68,1346.9125,72,1412.475,9,0.8474442998412997,6000
mk04,independent,0.15,main,MOEA-D,1000,1.0384730475213044,0.02628589979463402,69,1341.625,69,1420.325,9,1.4908207000698894,6000
mk04,independent,0.15,main,MOEA-D,1001,0.9829056623438288,0.04949975787102872,68,1399.0375,68,1428.325,6,1.1863929000683129,6000
mk04,independent,0.15,main,MOEA-D,1002,1.0001277020151211,0.044456972473682896,68,1383.825,68,1428.5625,10,1.3649617000482976,6000
mk04,independent,0.15,main,MOEA-D,1003,1.0468084918510716,0.04700765862500224,66,1377.8375,67,1439.75,11,1.5151620998512954,6000
mk04,independent,0.15,main,MOEA-D,1004,1.0338784818775184,0.02923746200027115,69,1342.0375,69,1419.8875,9,1.5445828000083566,6000
mk04,independent,0.15,main,MOEA-D,1005,0.9444342360677854,0.06672444783574202,72,1352.0625,72,1417.225,9,1.4821279000025243,6000
mk04,independent,0.15,main,MOEA-D,1006,0.9502740483507452,0.05796930779338609,70,1387.7375,72,1405.35,6,1.4723195999395102,6000
mk04,independent,0.15,main,MOEA-D,1007,0.9519677430094657,0.060839065686154714,72,1347.05,72,1402.875,7,1.3529854000080377,6000
mk04,independent,0.15,main,MOEA-D,1008,0.9777448188909816,0.0487154635934589,69,1385.15,69,1421.4625,5,1.3224975001066923,6000
mk04,independent,0.15,main,MOEA-D,1009,1.0339997857640193,0.0541092489090536,66,1388.6625,66,1448.325,9,1.2061884000431746,6000
mk04,independent,0.15,main,MOEA-D,1010,0.904028678670637,0.07483032321016356,72,1385.625,72,1406.4875,3,1.5159267999697477,6000
mk04,independent,0.15,main,MOEA-D,1011,0.9419045144442825,0.06391483305344346,70,1391.7875,72,1411.0875,6,1.544157600030303,6000
mk04,independent,0.15,main,MOEA-D,1012,1.0896477989424276,0.03452652202798365,66,1345.675,66,1438.55,7,1.4338561999611557,6000
mk04,independent,0.15,main,MOEA-D,1013,0.9458963966376535,0.06402994582524334,72,1353.3625,72,1408.5625,7,1.2484301999211311,6000
mk04,independent,0.15,main,MOEA-D,1014,0.9663946545227678,0.06258741165220692,69,1384.525,69,1437.4375,6,1.2986343000084162,6000
mk04,independent,0.15,main,MOEA-D,1015,0.9310330516902208,0.07059846194314283,71,1380.4375,72,1419.4125,9,1.3095781998708844,6000
mk04,independent,0.15,main,MOEA-D,1016,0.9669702689674843,0.07253666904624284,71,1343.3875,72,1426.3,9,1.6663435001391917,6000
mk04,independent,0.15,main,MOEA-D,1017,1.02106159718714,0.05301490241045564,66,1397.95,66,1441.25,7,1.4010429999325424,6000
mk04,independent,0.15,main,MOEA-D,1018,0.9353148038510368,0.07428834664575677,72,1352.4,72,1418.45,7,1.2602699000854045,6000
mk04,independent,0.15,main,MOEA-D,1019,1.004713654793458,0.04215805560136335,68,1380.25,68,1422.4,7,1.4438618998974562,6000
mk04,independent,0.15,main,MOEA-D,1020,0.987061478488826,0.05029078303139674,68,1392.2,68,1424.9125,6,1.4679382001049817,6000
mk04,independent,0.15,main,MOEA-D,1021,1.0068662921397113,0.04848086553705548,68,1378.8,68,1433.4625,7,1.4176010999362916,6000
mk04,independent,0.15,main,MOEA-D,1022,1.0155075293814517,0.03670246776667736,68,1375.225,68,1431.35,9,1.4839274999685585,6000
mk04,independent,0.15,main,MOEA-D,1023,1.0453107217870758,0.032438591837640154,68,1346.5875,69,1426.375,9,1.3361952998675406,6000
mk04,independent,0.15,main,MOEA-D,1024,1.02702018016088,0.05151979603128732,66,1394.4375,68,1436.375,7,1.5993649000301957,6000
mk04,independent,0.15,main,MOEA-D,1025,0.9559695408546572,0.06193912802804646,69,1396.8625,69,1428.3375,6,1.2509910999797285,6000
mk04,independent,0.15,main,MOEA-D,1026,1.0394811870410396,0.034852111559524966,68,1348.9875,69,1421.3625,10,1.3772907999809831,6000
mk04,independent,0.15,main,MOEA-D,1027,1.0266729152161107,0.03471170045357914,69,1348.2625,69,1427.95,7,1.4631711998954415,6000
mk04,independent,0.15,main,MOEA-D,1028,0.9679565506270024,0.0569708812306816,70,1368.2,70,1426.7,5,1.4342350999359041,6000
mk04,independent,0.15,main,MOEA-D,1029,1.0772016293514879,0.03793584490713328,66,1351.4125,68,1440.9625,9,1.5374439998995513,6000
mk04,independent,0.15,main,NSGA-II,1000,0.8786197123158188,0.09323858592524262,72,1394.525,72,1422.4875,6,0.5242660001385957,6000
mk04,independent,0.15,main,NSGA-II,1001,1.0419645149943477,0.03884334876051416,68,1348.575,70,1433.5375,10,0.6187686999328434,6000
mk04,independent,0.15,main,NSGA-II,1002,0.9403442106345008,0.07041788598748598,72,1354.5625,72,1412.3375,6,0.6222334001213312,6000
mk04,independent,0.15,main,NSGA-II,1003,1.0874579598075933,0.03320609894091782,66,1347.15,69,1433.1625,11,0.4703589000273496,6000
mk04,independent,0.15,main,NSGA-II,1004,0.9945633566725104,0.04796835244224674,70,1351.675,72,1410.0875,10,0.5596520002000034,6000
mk04,independent,0.15,main,NSGA-II,1005,1.052879838222884,0.04355536301862008,66,1375.775,69,1440.3125,11,0.6567109001334757,6000
mk04,independent,0.15,main,NSGA-II,1006,1.0246090120970957,0.0432467406251867,67,1385.5125,70,1426.5125,10,0.5815123999491334,6000
mk04,independent,0.15,main,NSGA-II,1007,1.0317809234439306,0.03957056423462158,68,1359.15,68,1434.125,8,0.5910736999940127,6000
mk04,independent,0.15,main,NSGA-II,1008,1.0206654053764548,0.05274571234007064,69,1344.875,72,1413.7375,11,0.5820051999762654,6000
mk04,independent,0.15,main,NSGA-II,1009,0.9420295819358538,0.07048792467356015,72,1350.8375,72,1414.575,6,0.763507999945432,6000
mk04,independent,0.15,main,NSGA-II,1010,1.0220203755788355,0.03575775567099011,68,1372.9125,68,1425.4625,8,0.6651300999801606,6000
mk04,independent,0.15,main,NSGA-II,1011,0.9749750950672167,0.06491692542761991,71,1341.8,73,1414.8875,11,0.5828873000573367,6000
mk04,independent,0.15,main,NSGA-II,1012,0.9514941077867544,0.06757372300466201,72,1343.7,72,1417.7,5,0.7095539001747966,6000
mk04,independent,0.15,main,NSGA-II,1013,1.046610251191688,0.037373000861928025,68,1345.775,68,1442.6,9,0.6471454000566155,6000
mk04,independent,0.15,main,NSGA-II,1014,0.9572461267437435,0.06250540855489797,72,1340.8375,72,1415.925,7,0.7211991001386195,6000
mk04,independent,0.15,main,NSGA-II,1015,0.9512641659923543,0.068618338914021,72,1342.3375,72,1421.4125,8,0.6920222998596728,6000
mk04,independent,0.15,main,NSGA-II,1016,1.0311031126461476,0.031587829848364564,69,1344.1375,69,1421.85,9,0.6580052000936121,6000
mk04,independent,0.15,main,NSGA-II,1017,1.0756028933437753,0.04271079036134309,66,1352.875,68,1445.525,15,0.6552923999261111,6000
mk04,independent,0.15,main,NSGA-II,1018,1.0789414281723217,0.033333952335312986,66,1357.8625,70,1429.25,10,0.679087100084871,6000
mk04,independent,0.15,main,NSGA-II,1019,1.0462303442106349,0.03180531198690092,68,1351.6125,68,1424.7375,8,0.7408475999254733,6000
mk04,independent,0.15,main,NSGA-II,1020,1.0405514984214577,0.0413794218575827,68,1350.4375,70,1432.55,10,0.698928999947384,6000
mk04,independent,0.15,main,NSGA-II,1021,0.9806199960337395,0.06479724365988156,69,1373.2125,72,1422.35,9,0.7197890998795629,6000
mk04,independent,0.15,main,NSGA-II,1022,1.0168303641866925,0.041175125420242535,69,1352.1375,69,1433.0875,9,0.7077240999788046,6000
mk04,independent,0.15,main,NSGA-II,1023,1.045791377580784,0.02243404897786979,68,1355.675,69,1417.575,8,0.6747908000834286,6000
mk04,independent,0.15,main,NSGA-II,1024,0.9339868302773345,0.07827955940734707,72,1352.45,72,1424.025,5,0.6992134999018162,6000
mk04,independent,0.15,main,NSGA-II,1025,1.0059484791416664,0.053487044729765225,69,1350.6375,72,1417.3375,12,0.7279839999973774,6000
mk04,independent,0.15,main,NSGA-II,1026,1.0579000531247333,0.03941197597344222,66,1370.325,70,1427.2,9,0.7265375999268144,6000
mk04,independent,0.15,main,NSGA-II,1027,1.0427958374527926,0.03276669178334853,68,1352.475,68,1428.1875,10,0.6300766000058502,6000
mk04,independent,0.15,main,NSGA-II,1028,0.9893080612077991,0.04307607549830134,70,1361.425,70,1430.6875,10,0.7840005999896675,6000
mk04,independent,0.15,main,NSGA-II,1029,1.0405560581737545,0.040372540085243644,68,1345.2,68,1430.5875,9,0.5529314000159502,6000
mk05,independent,0.15,ablation,no-adaptive,1000,0.9576966436975578,0.04327419494228469,184,1973.25,209,2131.425,32,0.9355161001440138,6000
mk05,independent,0.15,ablation,no-adaptive,1001,0.9050972491156714,0.05117131356721066,196,1975.4125,209,2131.8,26,0.9812386000994593,6000
mk05,independent,0.15,ablation,no-adaptive,1002,0.9636632032712049,0.03685628440978863,185,1974.1,211,2119.1,32,0.9113341998308897,6000
mk05,independent,0.15,ablation,no-adaptive,1003,0.9523909868784007,0.04820888044011471,185,1973,217,2099.35,30,1.0029211998917162,6000
mk05,independent,0.15,ablation,no-adaptive,1004,0.9359708685352058,0.04684601497282774,189,1973.875,212,2105.15,29,0.8916016002185643,6000
mk05,independent,0.15,ablation,no-adaptive,1005,0.9700582701412402,0.03517161672684261,183,1973.4,204,2147.25,38,1.0164306000806391,6000
mk05,independent,0.15,ablation,no-adaptive,1006,0.9489143850805363,0.047810806988239515,186,1973.25,215,2102.05,28,1.0153369999025017,6000
mk05,independent,0.15,ablation,no-adaptive,1007,0.9487686646546163,0.041361462705621854,187,1973,203,2159.1,24,0.9869597000069916,6000
mk05,independent,0.15,ablation,no-adaptive,1008,0.9676155486804481,0.0411034208884194,183,1974.15,216,2082.9875,28,1.0009202999062836,6000
mk05,independent,0.15,ablation,no-adaptive,1009,0.9519676629562724,0.03438004427312482,189,1973,208,2127.075,33,0.9720176998525858,6000
mk05,independent,0.15,ablation,no-adaptive,1010,0.9713158468822234,0.03012768027427599,185,1975.2625,207,2142.4875,35,0.8353967000730336,6000
mk05,independent,0.15,ablation,no-adaptive,1011,0.9458832379592472,0.04498048949985994,186,1972.5,202,2157.8625,31,0.6884496998973191,6000
mk05,independent,0.15,ablation,no-adaptive,1012,0.9601183612243945,0.03771032396817311,186,1973,204,2143,28,0.9222629000432789,6000
mk05,independent,0.15,ablation,no-adaptive,1013,0.9549248005077003,0.044164426233049156,185,1975.4,214,2088.4625,32,0.8864549000281841,6000
mk05,independent,0.15,ablation,no-adaptive,1014,0.9395434754389195,0.05108807516859527,186,1975.725,214,2109.425,33,0.8911832000594586,6000
mk05,independent,0.15,ablation,no-adaptive,1015,0.9573340328634943,0.04606103612625441,184,1973.25,213,2108.325,32,0.973537800135091,6000
mk05,independent,0.15,ablation,no-adaptive,1016,0.954124352303582,0.041939484203440916,186,1976.3125,215,2088.95,34,0.9800919000990689,6000
mk05,independent,0.15,ablation,no-adaptive,1017,0.9469362291718504,0.035155709919466725,190,1973.1,213,2094.9,29,0.9160557999275625,6000
mk05,independent,0.15,ablation,no-adaptive,1018,0.9449870550861972,0.04544388515030065,187,1973.25,216,2091.85,30,0.9947300998028368,6000
mk05,independent,0.15,ablation,no-adaptive,1019,0.959015880055818,0.04303271232270839,184,1973.1625,209,2134.4125,31,0.9549622999038547,6000
mk05,independent,0.15,ablation,no-adaptive,1020,0.9700104929524143,0.03899685702077853,183,1973.65,215,2093.9,39,0.9317880000453442,6000
mk05,independent,0.15,ablation,no-adaptive,1021,0.9202574920040819,0.055252948737362646,191,1973.1,215,2109.775,29,0.8933377000503242,6000
mk05,independent,0.15,ablation,no-adaptive,1022,0.9626290524972146,0.03738202803741181,185,1972.75,203,2157.3,32,0.9353136999998242,6000
mk05,independent,0.15,ablation,no-adaptive,1023,0.9425085908794247,0.045427650824846545,188,1973.5,210,2131.875,24,0.9924417000729591,6000
mk05,independent,0.15,ablation,no-adaptive,1024,0.9539649748133083,0.04196048380376822,185,1980.2125,214,2123.275,27,1.138408500002697,6000
mk05,independent,0.15,ablation,no-adaptive,1025,0.9512164793440282,0.048996209468381145,183,1973.15,216,2100.375,36,0.9498546000104398,6000
mk05,independent,0.15,ablation,no-adaptive,1026,0.9613716560475103,0.03920543742490542,184,1973.75,206,2144.075,31,0.9432952997740358,6000
mk05,independent,0.15,ablation,no-adaptive,1027,0.9729985955309397,0.03771372430064766,182,1973.325,211,2116.3875,29,0.9112473998684436,6000
mk05,independent,0.15,ablation,no-adaptive,1028,0.9417177882587111,0.046939703608490084,188,1975,210,2125.675,36,1.1141607000026852,6000
mk05,independent,0.15,ablation,no-adaptive,1029,0.9426585932232115,0.0478777725520269,187,1973.75,208,2139.35,20,1.0359748001210392,6000
mk05,independent,0.15,ablation,no-critical,1000,0.9484455826833837,0.04610772715322404,186,1974.35,209,2130.2375,29,0.6814910001121461,6000
mk05,independent,0.15,ablation,no-critical,1001,0.9321446368753361,0.051790632165468184,189,1973.5,205,2162.45,31,0.7886832999065518,6000
mk05,independent,0.15,ablation,no-critical,1002,0.9441683974629412,0.0475757846181802,186,1975.225,208,2124.625,29,0.8942652000114322,6000
mk05,independent,0.15,ablation,no-critical,1003,0.9385551186496907,0.05618008886897848,184,1972.75,211,2135.15,29,0.7561434998642653,6000
mk05,independent,0.15,ablation,no-critical,1004,0.93735478438966,0.047038684310904355,189,1973.6625,209,2130.5,33,0.9065460998099297,6000
mk05,independent,0.15,ablation,no-critical,1005,0.9553562826101849,0.048113474035804495,182,1974.8125,212,2124.6,30,0.8720866001676768,6000
mk05,independent,0.15,ablation,no-critical,1006,0.9490331068874874,0.03850433360485072,188,1972.75,204,2156.5125,24,0.8911717999726534,6000
mk05,independent,0.15,ablation,no-critical,1007,0.9263221300332818,0.05623616424092628,189,1972.75,213,2124.6125,30,0.8943513999693096,6000
mk05,independent,0.15,ablation,no-critical,1008,0.9650110157971221,0.04461089868705904,182,1976.2,211,2139.075,33,0.7913224000949413,6000
mk05,independent,0.15,ablation,no-critical,1009,0.9437434058464861,0.05347907148819664,186,1973.25,216,2107.15,35,0.8881381000392139,6000
mk05,independent,0.15,ablation,no-critical,1010,0.9493382498765005,0.043759748817832275,187,1973.3,213,2116.9125,32,0.8578681999351829,6000
mk05,independent,0.15,ablation,no-critical,1011,0.9315868607321993,0.05283490019433303,189,1972.75,212,2118.5,30,0.8695067001972347,6000
mk05,independent,0.15,ablation,no-critical,1012,0.9415328995525171,0.04204495496783121,188,1976.95,210,2127.3375,21,0.9453433000016958,6000
mk05,independent,0.15,ablation,no-critical,1013,0.964740894388975,0.03991837992521796,182,1972.5,208,2133.0125,29,0.7429829998873174,6000
mk05,independent,0.15,ablation,no-critical,1014,0.9308008809031874,0.0552361651680766,188,1973.1,221,2069.8,29,0.826686300104484,6000
mk05,independent,0.15,ablation,no-critical,1015,0.954033215062255,0.04487383208108644,185,1972.75,210,2132.325,30,0.8779268998187035,6000
mk05,independent,0.15,ablation,no-critical,1016,0.9536216551460543,0.0396214544133523,186,1973.55,207,2124,26,0.8356422998476774,6000
mk05,independent,0.15,ablation,no-critical,1017,0.966772506661763,0.03827447445217247,184,1973.25,210,2122.925,27,0.7764995000325143,6000
mk05,independent,0.15,ablation,no-critical,1018,0.9254824684760697,0.05443936835277782,187,1972.75,205,2141.25,28,0.68960090004839,6000
mk05,independent,0.15,ablation,no-critical,1019,0.9775746586184643,0.035857981516093936,181,1976.025,211,2113.125,31,0.8049033000133932,6000
mk05,independent,0.15,ablation,no-critical,1020,0.9695114466932779,0.04450957111447734,180,1974.25,204,2149.275,39,0.8427005999255925,6000
mk05,independent,0.15,ablation,no-critical,1021,0.9664199019936611,0.0363243369806203,184,1972.8,210,2123.475,28,0.885776299983263,6000
mk05,independent,0.15,ablation,no-critical,1022,0.9725709446181254,0.03355601577280918,182,1972.5,208,2125.25,30,0.7996477000415325,6000
mk05,independent,0.15,ablation,no-critical,1023,0.9381276480281545,0.05369951447307993,186,1974.4875,214,2111.3,27,0.733162899967283,6000
mk05,independent,0.15,ablation,no-critical,1024,0.949922618983229,0.037490799579728146,188,1975.5625,208,2135,26,0.7642410998232663,6000
mk05,independent,0.15,ablation,no-critical,1025,0.961854295800295,0.042144371347419204,183,1973,215,2088.65,31,0.9098761000204831,6000
mk05,independent,0.15,ablation,no-critical,1026,0.9350869905419196,0.04945244398409619,189,1973.5,206,2151.425,29,0.827291099820286,6000
mk05,independent,0.15,ablation,no-critical,1027,0.9441432919023977,0.0494215144452165,186,1973.3,206,2148.125,26,1.003819900099188,6000
mk05,independent,0.15,ablation,no-critical,1028,0.9454599140371185,0.040958480289481056,188,1977.1,215,2110.125,24,0.986427899915725,6000
mk05,independent,0.15,ablation,no-critical,1029,0.948058136725694,0.047952357414666885,185,1973,214,2112.9,26,0.9067735997959971,6000
mk05,independent,0.15,ablation,no-exchange,1000,0.886195826978066,0.10276553235966455,184,1974.125,223,2138.95,28,1.0444290998857468,6000
mk05,independent,0.15,ablation,no-exchange,1001,0.8940215051437103,0.09608671121030976,184,1977.7625,211,2199.95,23,1.1266832000110298,6000
mk05,independent,0.15,ablation,no-exchange,1002,0.8758862758672914,0.0994703162525918,188,1978.7125,200,2223.175,25,1.1083207000046968,6000
mk05,independent,0.15,ablation,no-exchange,1003,0.8837466150312445,0.09264820436660315,187,1973.6875,202,2216.9,21,1.2486388999968767,6000
mk05,independent,0.15,ablation,no-exchange,1004,0.8801899188328665,0.09134201838600677,189,1976.525,228,2065.875,27,0.9407087999861687,6000
mk05,independent,0.15,ablation,no-exchange,1005,0.888479170948585,0.09358431149028945,186,1977.5,225,2117.2875,27,0.9908116001170129,6000
mk05,independent,0.15,ablation,no-exchange,1006,0.897707380043198,0.09546660315338533,184,1979.6625,194,2236.225,33,0.9429281000047922,6000
mk05,independent,0.15,ablation,no-exchange,1007,0.8565071719870625,0.10894344863243761,190,1975.9,232,2078.15,17,1.0721171998884529,6000
mk05,independent,0.15,ablation,no-exchange,1008,0.87114876193979,0.10671126238273332,187,1975.375,232,2035.1125,21,1.0652542999014258,6000
mk05,independent,0.15,ablation,no-exchange,1009,0.8871119320373999,0.09188104107814375,187,1978.0375,219,2132.3875,25,1.0424603000283241,6000
mk05,independent,0.15,ablation,no-exchange,1010,0.8980106750466056,0.08438856053110064,187,1973.55,222,2103.475,22,1.1984151999931782,6000
mk05,independent,0.15,ablation,no-exchange,1011,0.9017897154643045,0.08716226651728626,185,1974.975,229,2069.5625,24,1.0683376998640597,6000
mk05,independent,0.15,ablation,no-exchange,1012,0.8973735256680695,0.08712310124489941,186,1975.575,213,2174.6,20,1.115259600104764,6000
mk05,independent,0.15,ablation,no-exchange,1013,0.8930050229150218,0.09647558278140711,184,1980.15,230,2063.65,23,1.2681843000464141,6000
mk05,independent,0.15,ablation,no-exchange,1014,0.8781547458073261,0.10790034178502154,185,1977.4,196,2246.9125,21,1.0103661001194268,6000
mk05,independent,0.15,ablation,no-exchange,1015,0.8900454965041521,0.0908240416122296,185,1974.95,232,2027.9375,24,1.192990900017321,6000
mk05,independent,0.15,ablation,no-exchange,1016,0.8794271064331532,0.09202656820006308,187,1975.4,228,2045.475,18,1.0092420000582933,6000
mk05,independent,0.15,ablation,no-exchange,1017,0.8970740167815123,0.08587865701372199,186,1976.8875,228,2071.975,24,1.1223053999710828,6000
mk05,independent,0.15,ablation,no-exchange,1018,0.91272807748198,0.0821680043585742,183,1973,214,2164.65,31,0.9473453999962658,6000
mk05,independent,0.15,ablation,no-exchange,1019,0.8806336156694754,0.10567105547579644,183,1979.3,205,2211.675,21,1.1630090000107884,6000
mk05,independent,0.15,ablation,no-exchange,1020,0.8973153817307242,0.08859627657559419,186,1977.575,208,2186.225,26,0.946722999913618,6000
mk05,independent,0.15,ablation,no-exchange,1021,0.8925271158083,0.08983771596391252,184,1975.8875,228,2056.8,20,0.9657547001261264,6000
mk05,independent,0.15,ablation,no-exchange,1022,0.8943625260971627,0.08511106963355264,187,1975.7625,188,2245.4,18,1.1953563001006842,6000
mk05,independent,0.15,ablation,no-exchange,1023,0.8913970951469193,0.09104203803414071,185,1978.875,200,2209.55,19,1.1511758998967707,6000
mk05,independent,0.15,ablation,no-exchange,1024,0.9004109829841093,0.07895403176820837,187,1975.4,200,2223.1,18,1.0712177001405507,6000
mk05,independent,0.15,ablation,no-exchange,1025,0.9035820361375839,0.07603940101364419,185,1973.7875,226,2043.5,18,1.1143736999947578,6000
mk05,independent,0.15,ablation,no-exchange,1026,0.886905814033152,0.10419823052982935,184,1978.3625,201,2244.1,17,1.0040799998678267,6000
mk05,independent,0.15,ablation,no-exchange,1027,0.880919151981942,0.09165412685479123,186,1978.025,195,2213.275,20,1.239930999930948,6000
mk05,independent,0.15,ablation,no-exchange,1028,0.9307180821334952,0.06828738274057802,184,1975.875,217,2118.225,25,1.2089105998165905,6000
mk05,independent,0.15,ablation,no-exchange,1029,0.9030215556252683,0.07916401070176755,185,1976.1,203,2176.7,23,1.322809999808669,6000
mk05,independent,0.15,ablation,no-gap,1000,0.9521013038665271,0.04735890148953941,184,1972.5,211,2126.0625,36,0.7788493998814374,6000
mk05,independent,0.15,ablation,no-gap,1001,0.9280695581781927,0.04831549226710225,188,1974.4,217,2083.8,30,0.8934494000859559,6000
mk05,independent,0.15,ablation,no-gap,1002,0.9565781166051877,0.046371389047805696,184,1973.35,209,2152.925,29,0.8654967998154461,6000
mk05,independent,0.15,ablation,no-gap,1003,0.9483520115097955,0.04951904374334313,185,1972.75,212,2131.875,29,0.7315632998943329,6000
mk05,independent,0.15,ablation,no-gap,1004,0.9589806781836736,0.04642742773206716,183,1972.5,213,2113.85,28,0.8995612000580877,6000
mk05,independent,0.15,ablation,no-gap,1005,0.973647103260027,0.03775559608897351,180,1973.875,202,2165.8,26,1.0098459001164883,6000
mk05,independent,0.15,ablation,no-gap,1006,0.9414982836270279,0.046260937133333464,186,1980.85,210,2125.9875,29,0.837774199899286,6000
mk05,independent,0.15,ablation,no-gap,1007,0.9611712172185383,0.044309330966712114,183,1972.5,207,2138,30,0.7735218999441713,6000
mk05,independent,0.15,ablation,no-gap,1008,0.9502985262990888,0.04970839943253743,184,1974.2625,219,2076.95,30,0.9363351999782026,6000
mk05,independent,0.15,ablation,no-gap,1009,0.933646959027004,0.04545076013717876,190,1974.35,208,2129.6,37,0.7959328000433743,6000
mk05,independent,0.15,ablation,no-gap,1010,0.9388558445023781,0.045864682788135734,189,1973.9875,208,2135.675,34,0.8153960001654923,6000
mk05,independent,0.15,ablation,no-gap,1011,0.9240612323269476,0.06487979435643021,186,1973,217,2111.325,37,0.8222666999790817,6000
mk05,independent,0.15,ablation,no-gap,1012,0.9480657089593948,0.044104736569145465,185,1976.7625,209,2127.575,30,0.8290935999248177,6000
mk05,independent,0.15,ablation,no-gap,1013,0.9504871109764939,0.05297545525157721,182,1973.65,217,2098.7375,33,1.0656230999156833,6000
mk05,independent,0.15,ablation,no-gap,1014,0.9147966945396983,0.06994751205683039,188,1976.375,214,2111.65,30,0.8405092998873442,6000
mk05,independent,0.15,ablation,no-gap,1015,0.9530301645338213,0.039929533431931515,185,1975.025,205,2145.875,31,0.8279089999850839,6000
mk05,independent,0.15,ablation,no-gap,1016,0.9458192345553477,0.048662386473015684,185,1974.3,213,2097.05,30,0.8812929999548942,6000
mk05,independent,0.15,ablation,no-gap,1017,0.9425708364433583,0.03558369132906218,191,1973.25,213,2102.35,29,0.9310864999424666,6000
mk05,independent,0.15,ablation,no-gap,1018,0.9780661326438997,0.03462775771599606,180,1973.7375,208,2122.2,28,1.0149844998959452,6000
mk05,independent,0.15,ablation,no-gap,1019,0.9586484915028718,0.043642577102988404,184,1975.45,216,2088.65,38,0.8920591999776661,6000
mk05,independent,0.15,ablation,no-gap,1020,0.9695406538804093,0.0409359209949288,181,1974.3375,211,2118.625,37,0.9925262997858226,6000
mk05,independent,0.15,ablation,no-gap,1021,0.9499111254142193,0.04025103152620367,188,1973,208,2133,30,0.8064131999853998,6000
mk05,independent,0.15,ablation,no-gap,1022,0.9470885302294388,0.03899853104896839,189,1973.25,211,2106.45,31,0.8533429999370128,6000
mk05,independent,0.15,ablation,no-gap,1023,0.954070219847185,0.046334537270577694,183,1976.5625,203,2170.6,27,0.9518780000507832,6000
mk05,independent,0.15,ablation,no-gap,1024,0.9382931554218997,0.056155508609879966,184,1976.95,213,2100.275,35,0.9593450999818742,6000
mk05,independent,0.15,ablation,no-gap,1025,0.9228814963454959,0.06194222156752727,187,1972.85,209,2129.6625,33,0.9278665999881923,6000
mk05,independent,0.15,ablation,no-gap,1026,0.9422235052951546,0.05940658462625033,183,1973.625,210,2132.75,35,0.8329099998809397,6000
mk05,independent,0.15,ablation,no-gap,1027,0.9333601156027679,0.04710701395666351,190,1973.25,206,2124.525,24,0.8631968998815864,6000
mk05,independent,0.15,ablation,no-gap,1028,0.9382307295666876,0.04217490640466241,190,1975.65,210,2128.625,28,0.9959340000059456,6000
mk05,independent,0.15,ablation,no-gap,1029,0.9571653252995543,0.04249983737462085,185,1972.75,209,2130.6125,34,1.0598188999574631,6000
mk05,independent,0.15,ablation,no-rebuild,1000,0.963379560017164,0.04411041626914156,182,1973.3,204,2150.75,25,0.9795359999407083,6000
mk05,independent,0.15,ablation,no-rebuild,1001,0.9652091108394726,0.03380048173176724,186,1973.25,212,2084.875,37,0.8403608999215066,6000
mk05,independent,0.15,ablation,no-rebuild,1002,0.9533910175279179,0.05586169612932471,181,1973.25,213,2139.1625,38,0.8947952000889927,6000
mk05,independent,0.15,ablation,no-rebuild,1003,0.9460820541667118,0.05187436773883717,184,1972.5,208,2152.35,32,1.0511588000226766,6000
mk05,independent,0.15,ablation,no-rebuild,1004,0.9474269820321715,0.050897386266467816,185,1973.3,208,2146.75,32,0.9772950001060963,6000
mk05,independent,0.15,ablation,no-rebuild,1005,0.960193993415763,0.039926900297344,184,1976.8,209,2123.5,27,0.7851863000541925,6000
mk05,independent,0.15,ablation,no-rebuild,1006,0.9591559663792826,0.0378492729289682,186,1973.95,213,2107.4,37,0.8995632999576628,6000
mk05,independent,0.15,ablation,no-rebuild,1007,0.9682378691013203,0.03199432264122398,185,1973.85,207,2123.6,33,0.8948864999692887,6000
mk05,independent,0.15,ablation,no-rebuild,1008,0.9610080085385951,0.03735983413673042,185,1973,206,2140.7125,22,1.0368311000056565,6000
mk05,independent,0.15,ablation,no-rebuild,1009,0.958425471191257,0.04300991565404643,184,1972.75,217,2082.1,32,1.0379276000894606,6000
mk05,independent,0.15,ablation,no-rebuild,1010,0.9687381323265869,0.03548585817837812,184,1974.5,210,2131.95,39,1.0112814998719841,6000
mk05,independent,0.15,ablation,no-rebuild,1011,0.9461944657789124,0.0452844423266967,186,1972.5,210,2125.25,28,0.9774468999821693,6000
mk05,independent,0.15,ablation,no-rebuild,1012,0.9396879338258891,0.04660559099087135,188,1972.75,210,2125.25,27,0.9573979000560939,6000
mk05,independent,0.15,ablation,no-rebuild,1013,0.953493197610059,0.04009734590466298,187,1973.25,214,2124.3125,25,0.8630516000557691,6000
mk05,independent,0.15,ablation,no-rebuild,1014,0.949703294642825,0.05345536815435064,183,1973.1625,213,2124.8,33,0.9897358999587595,6000
mk05,independent,0.15,ablation,no-rebuild,1015,0.9662484900605421,0.03768174084667746,181,1973.5,209,2133.3125,31,0.9264340999070555,6000
mk05,independent,0.15,ablation,no-rebuild,1016,0.9452807495790198,0.05074664838552756,185,1973.75,219,2087.25,27,0.8891557999886572,6000
mk05,independent,0.15,ablation,no-rebuild,1017,0.9238207688341284,0.05012029705269018,191,1973.25,201,2174.725,26,0.869724899996072,6000
mk05,independent,0.15,ablation,no-rebuild,1018,0.9577277890159342,0.050755580520511025,182,1972.75,211,2147.4,30,0.8729922999627888,6000
mk05,independent,0.15,ablation,no-rebuild,1019,0.9542457334068921,0.04976743305343768,183,1974.1625,207,2148.525,34,0.9162095999345183,6000
mk05,independent,0.15,ablation,no-rebuild,1020,0.9624109000501211,0.04455051605814643,182,1974.65,203,2160.55,34,0.9221854999195784,6000
mk05,independent,0.15,ablation,no-rebuild,1021,0.9624329406589289,0.04596257960145802,182,1972.75,218,2079.175,30,0.9829430000390857,6000
mk05,independent,0.15,ablation,no-rebuild,1022,0.9554117221783514,0.04656036608742884,183,1976.2,212,2119.2875,27,1.0038586999289691,6000
mk05,independent,0.15,ablation,no-rebuild,1023,0.9440263730082323,0.05550431702350654,185,1973.25,211,2133.5375,37,1.0423069999087602,6000
mk05,independent,0.15,ablation,no-rebuild,1024,0.9675760648904369,0.04075082599403589,183,1974.75,215,2105.05,26,0.8911657999269664,6000
mk05,independent,0.15,ablation,no-rebuild,1025,0.9461220788305592,0.045911726573781245,187,1973.3,217,2080.25,28,0.8556704998482019,6000
mk05,independent,0.15,ablation,no-rebuild,1026,0.964807106361037,0.03694778478996354,184,1972.75,210,2113.15,32,0.9711931999772787,6000
mk05,independent,0.15,ablation,no-rebuild,1027,0.9385489887462187,0.055534435295057374,186,1973.5,215,2119.525,33,0.9576104998122901,6000
mk05,independent,0.15,ablation,no-rebuild,1028,0.9495358941906547,0.030993716076493778,190,1976.525,206,2126.85,24,1.1103169000707567,6000
mk05,independent,0.15,ablation,no-rebuild,1029,0.9616973071694628,0.03722535563370214,184,1972.75,207,2120.55,33,1.0550621000584215,6000
mk05,independent,0.15,main,DABC,1000,0.8396711216641607,0.11995253800391016,189,1984.825,226,2089.4,22,0.7094877001363784,6000
mk05,independent,0.15,main,DABC,1001,0.833446520198032,0.12421098542343922,189,1980.6125,229,2086.7,23,0.9444407999981195,6000
mk05,independent,0.15,main,DABC,1002,0.8339953268500591,0.12863133831528048,187,1987.1125,234,2026.05,28,0.6564911000896245,6000
mk05,independent,0.15,main,DABC,1003,0.8287731899657087,0.12983595810483037,186,1980.225,198,2256.3,20,0.8044103998690844,6000
mk05,independent,0.15,main,DABC,1004,0.8469057599457686,0.12022829302185105,186,1978.6,232,2049.9875,19,0.8592509001027793,6000
mk05,independent,0.15,main,DABC,1005,0.859014888453786,0.10620572723559296,186,1982.5875,205,2217.425,20,0.7317419999744743,6000
mk05,independent,0.15,main,DABC,1006,0.8843601011794656,0.09273737073056616,187,1979.8375,221,2098.0375,25,0.9312706999480724,6000
mk05,independent,0.15,main,DABC,1007,0.8584879421192877,0.11200728404040541,187,1976.7,231,2054.4,25,0.8464892997872084,6000
mk05,independent,0.15,main,DABC,1008,0.8766721204778442,0.10499878856856358,182,1983.7625,229,2052.975,27,0.7300595999695361,6000
mk05,independent,0.15,main,DABC,1009,0.8446504963418899,0.11811186562947756,188,1988.1625,232,2072.1375,27,0.8104699000250548,6000
mk05,independent,0.15,main,DABC,1010,0.8387090874016064,0.12762820177571887,189,1983.5375,224,2144.225,25,0.8609763998538256,6000
mk05,independent,0.15,main,DABC,1011,0.8365277882947693,0.1291216037634106,190,1972.8,227,2133.625,38,0.6977607000153512,6000
mk05,independent,0.15,main,DABC,1012,0.8775813293957722,0.09045908806374342,187,1989.75,208,2189.8375,25,0.6695359000004828,6000
mk05,independent,0.15,main,DABC,1013,0.8862734874463184,0.09042933951107994,186,1984.225,218,2122.5625,28,0.6915976000018418,6000
mk05,independent,0.15,main,DABC,1014,0.8572377573207274,0.11303831279224505,185,1983.25,230,2088.0375,23,0.6139843000564724,6000
mk05,independent,0.15,main,DABC,1015,0.8465156096189004,0.12474113682623468,185,1984.4375,227,2093.9625,28,0.8803805999923497,6000
mk05,independent,0.15,main,DABC,1016,0.8404674231688718,0.1154522403707774,191,1980.9,202,2227.5625,17,0.7278021001257002,6000
mk05,independent,0.15,main,DABC,1017,0.8690288970861324,0.09423972535242237,187,1989.575,220,2094.9,25,0.7456672999542207,6000
mk05,independent,0.15,main,DABC,1018,0.8652551301883323,0.10784095803177243,186,1985.1625,207,2206.9625,23,0.6034005000256002,6000
mk05,independent,0.15,main,DABC,1019,0.8898784115617194,0.09927772459998481,181,1982.85,221,2083,24,0.8987835999578238,6000
mk05,independent,0.15,main,DABC,1020,0.872136848292101,0.11720478516187716,181,1982.85,229,2114.15,33,0.7992541999556124,6000
mk05,independent,0.15,main,DABC,1021,0.8611218174082051,0.11231185821658354,184,1988.25,204,2220.35,21,0.7185082999058068,6000
mk05,independent,0.15,main,DABC,1022,0.8373217009400388,0.11499649654634841,191,1977.1625,206,2218.925,18,0.870147299952805,6000
mk05,independent,0.15,main,DABC,1023,0.8331541328169791,0.134855224301897,188,1983.8,238,2031.5875,26,0.6452103999909014,6000
mk05,independent,0.15,main,DABC,1024,0.8615661903371088,0.11850024795471037,185,1983.55,228,2105.875,23,0.8124512999784201,6000
mk05,independent,0.15,main,DABC,1025,0.8538005491672345,0.10873800929564718,186,1984.7875,212,2179.65,24,0.7865319999400526,6000
mk05,independent,0.15,main,DABC,1026,0.8753036646005288,0.10548471268926175,183,1984,226,2090.8875,26,0.9205835000611842,6000
mk05,independent,0.15,main,DABC,1027,0.8708036393597495,0.1072049481358894,185,1979.7375,230,2043.7,30,0.8249819001648575,6000
mk05,independent,0.15,main,DABC,1028,0.8395483883762604,0.11846961688101487,187,1979.4125,228,2071.75,24,0.8117457001935691,6000
mk05,independent,0.15,main,DABC,1029,0.868204019413765,0.10044959635493815,187,1978.4875,228,2038,23,0.6617064999882132,6000
mk05,independent,0.15,main,EAMS-ABC,1000,0.963379560017164,0.04411041626914156,182,1973.3,204,2150.75,25,1.1013517999090254,6000
mk05,independent,0.15,main,EAMS-ABC,1001,0.9652091108394726,0.03380048173176724,186,1973.25,212,2084.875,37,0.9720276000443846,6000
mk05,independent,0.15,main,EAMS-ABC,1002,0.9533910175279179,0.05586169612932471,181,1973.25,213,2139.1625,38,0.981097400188446,6000
mk05,independent,0.15,main,EAMS-ABC,1003,0.9460820541667118,0.05187436773883717,184,1972.5,208,2152.35,32,0.989742900012061,6000
mk05,independent,0.15,main,EAMS-ABC,1004,0.9474269820321715,0.050897386266467816,185,1973.3,208,2146.75,32,1.0605847998522222,6000
mk05,independent,0.15,main,EAMS-ABC,1005,0.960193993415763,0.039926900297344,184,1976.8,209,2123.5,27,0.9323878001887351,6000
mk05,independent,0.15,main,EAMS-ABC,1006,0.9591559663792826,0.0378492729289682,186,1973.95,213,2107.4,37,0.8483440999407321,6000
mk05,independent,0.15,main,EAMS-ABC,1007,0.9682378691013203,0.03199432264122398,185,1973.85,207,2123.6,33,0.9876242000609636,6000
mk05,independent,0.15,main,EAMS-ABC,1008,0.9610080085385951,0.03735983413673042,185,1973,206,2140.7125,22,0.8746161998715252,6000
mk05,independent,0.15,main,EAMS-ABC,1009,0.958425471191257,0.04300991565404643,184,1972.75,217,2082.1,32,0.9298495999537408,6000
mk05,independent,0.15,main,EAMS-ABC,1010,0.9687381323265869,0.03548585817837812,184,1974.5,210,2131.95,39,0.8718595001846552,6000
mk05,independent,0.15,main,EAMS-ABC,1011,0.9461944657789124,0.0452844423266967,186,1972.5,210,2125.25,28,1.066429500002414,6000
mk05,independent,0.15,main,EAMS-ABC,1012,0.9396879338258891,0.04660559099087135,188,1972.75,210,2125.25,27,0.9072817999403924,6000
mk05,independent,0.15,main,EAMS-ABC,1013,0.953493197610059,0.04009734590466298,187,1973.25,214,2124.3125,25,0.9210402998141944,6000
mk05,independent,0.15,main,EAMS-ABC,1014,0.949703294642825,0.05345536815435064,183,1973.1625,213,2124.8,33,0.9931958001106977,6000
mk05,independent,0.15,main,EAMS-ABC,1015,0.9662484900605421,0.03768174084667746,181,1973.5,209,2133.3125,31,0.978600800037384,6000
mk05,independent,0.15,main,EAMS-ABC,1016,0.9450965369651211,0.05483534874209003,184,1973.75,219,2087.775,32,0.8350460999645293,6000
mk05,independent,0.15,main,EAMS-ABC,1017,0.9238207688341284,0.05012029705269018,191,1973.25,201,2174.725,26,0.9996170999947935,6000
mk05,independent,0.15,main,EAMS-ABC,1018,0.9577277890159342,0.050755580520511025,182,1972.75,211,2147.4,30,1.0058941999450326,6000
mk05,independent,0.15,main,EAMS-ABC,1019,0.9542457334068921,0.04976743305343768,183,1974.1625,207,2148.525,34,0.9791057000402361,6000
mk05,independent,0.15,main,EAMS-ABC,1020,0.9624109000501211,0.04455051605814643,182,1974.65,203,2160.55,34,0.8760536999907345,6000
mk05,independent,0.15,main,EAMS-ABC,1021,0.9624329406589289,0.04596257960145802,182,1972.75,218,2079.175,30,1.0114821000024676,6000
mk05,independent,0.15,main,EAMS-ABC,1022,0.9554117221783514,0.04656036608742884,183,1976.2,212,2119.2875,27,0.9026497998274863,6000
mk05,independent,0.15,main,EAMS-ABC,1023,0.9463018743081326,0.05314123675678099,185,1973.25,211,2133.5375,34,0.7794561998452991,6000
mk05,independent,0.15,main,EAMS-ABC,1024,0.9675760648904369,0.04075082599403589,183,1974.75,215,2105.05,26,1.0596107000019401,6000
mk05,independent,0.15,main,EAMS-ABC,1025,0.9461220788305592,0.045911726573781245,187,1973.3,217,2080.25,28,1.051879599923268,6000
mk05,independent,0.15,main,EAMS-ABC,1026,0.964807106361037,0.03694778478996354,184,1972.75,210,2113.15,32,0.8768271000590175,6000
mk05,independent,0.15,main,EAMS-ABC,1027,0.939550056070588,0.054698807926798786,186,1973.5,215,2119.525,33,1.0906986000481993,6000
mk05,independent,0.15,main,EAMS-ABC,1028,0.9495358941906547,0.030993716076493778,190,1976.525,206,2126.85,24,0.9310256000608206,6000
mk05,independent,0.15,main,EAMS-ABC,1029,0.9616973071694628,0.03722535563370214,184,1972.75,207,2120.55,33,0.8229742001276463,6000
mk05,independent,0.15,main,MA-NSGA-II,1000,0.9224449210143907,0.058782336326329634,190,1974.4875,219,2096.775,37,0.798555799992755,6000
mk05,independent,0.15,main,MA-NSGA-II,1001,0.9229577144835199,0.055442669663733825,189,1981.4,210,2131.5125,28,0.8027900999877602,6000
mk05,independent,0.15,main,MA-NSGA-II,1002,0.9346569507696638,0.05603894883636972,187,1976.325,218,2104.05,32,0.8097192000132054,6000
mk05,independent,0.15,main,MA-NSGA-II,1003,0.9153266607531128,0.06165981911443552,190,1974.6625,208,2155.15,29,0.9103008999954909,6000
mk05,independent,0.15,main,MA-NSGA-II,1004,0.9342433175037589,0.04706274225765991,190,1972.75,208,2149.875,28,0.9032751000486314,6000
mk05,independent,0.15,main,MA-NSGA-II,1005,0.9446668127026024,0.04971962695344117,186,1975.3,208,2154.3,33,0.9505371998529881,6000
mk05,independent,0.15,main,MA-NSGA-II,1006,0.948235317979728,0.04749950492062021,186,1973.35,210,2139.1625,38,0.8901736000552773,6000
mk05,independent,0.15,main,MA-NSGA-II,1007,0.9190471966509092,0.06711001933623194,188,1973.575,213,2132.85,39,0.9301696000620723,6000
mk05,independent,0.15,main,MA-NSGA-II,1008,0.9681037323900493,0.044374149849928435,180,1981.95,214,2120.575,35,0.8822210999205709,6000
mk05,independent,0.15,main,MA-NSGA-II,1009,0.9276381662213475,0.05722667612626503,188,1975.75,211,2133.325,33,0.9876739999745041,6000
mk05,independent,0.15,main,MA-NSGA-II,1010,0.9413042000656262,0.04975599663144885,187,1974.15,211,2132.1375,40,0.8814944999758154,6000
mk05,independent,0.15,main,MA-NSGA-II,1011,0.9164953989665707,0.051355225772124015,193,1975.7625,218,2075.1,34,0.9552205000072718,6000
mk05,independent,0.15,main,MA-NSGA-II,1012,0.9422891763933815,0.04318203402583036,189,1973,213,2111.275,30,0.9983444998506457,6000
mk05,independent,0.15,main,MA-NSGA-II,1013,0.9548554785110827,0.05312782541547012,182,1974.85,210,2146.825,38,0.9038003000896424,6000
mk05,independent,0.15,main,MA-NSGA-II,1014,0.9239253377757106,0.04843231993065578,192,1974.2,213,2102.1,28,0.8029141000006348,6000
mk05,independent,0.15,main,MA-NSGA-II,1015,0.9502695895488755,0.04216334705110596,187,1974.25,207,2135.275,31,0.8736322999466211,6000
mk05,independent,0.15,main,MA-NSGA-II,1016,0.9659607902527325,0.039489137347380805,183,1977.2625,206,2145.25,32,0.7946313000284135,6000
mk05,independent,0.15,main,MA-NSGA-II,1017,0.9336137403589242,0.049395091459671636,188,1982.65,217,2088,29,0.7701236000284553,6000
mk05,independent,0.15,main,MA-NSGA-II,1018,0.9389967872094158,0.05647512489730173,186,1972.75,214,2121.1625,37,1.0113611998967826,6000
mk05,independent,0.15,main,MA-NSGA-II,1019,0.9427038914069572,0.055415842551289674,185,1973.6,212,2136.525,33,0.7767948999535292,6000
mk05,independent,0.15,main,MA-NSGA-II,1020,0.9303645309361805,0.05628175524841129,188,1973.95,211,2129.1375,28,0.8094981000758708,6000
mk05,independent,0.15,main,MA-NSGA-II,1021,0.9394223647725265,0.04337449734908252,189,1975.9625,203,2161.75,35,0.874733799835667,6000
mk05,independent,0.15,main,MA-NSGA-II,1022,0.9257024689087691,0.05418079015663939,190,1975.5,213,2126.6875,37,0.9478716000448912,6000
mk05,independent,0.15,main,MA-NSGA-II,1023,0.9423558841664594,0.05224224151507343,185,1978.45,205,2160.775,30,0.7609812000300735,6000
mk05,independent,0.15,main,MA-NSGA-II,1024,0.9241710747884285,0.04956729965609066,191,1977.8,205,2157.875,34,0.8477240998763591,6000
mk05,independent,0.15,main,MA-NSGA-II,1025,0.9171959207295306,0.06500721235328337,189,1975.575,212,2132.725,34,0.946159299928695,6000
mk05,independent,0.15,main,MA-NSGA-II,1026,0.9261554056734064,0.04975229702441607,191,1974.55,211,2110.325,27,0.9848762999754399,6000
mk05,independent,0.15,main,MA-NSGA-II,1027,0.9368687191025823,0.062230066889542315,182,1979.225,215,2099.8125,36,0.8492476001847535,6000
mk05,independent,0.15,main,MA-NSGA-II,1028,0.9132836901297738,0.06304108721518158,190,1977.95,211,2138.925,33,0.9400224999990314,6000
mk05,independent,0.15,main,MA-NSGA-II,1029,0.9405112790223891,0.050999762811618915,187,1972.85,209,2137.1625,36,0.8515441999770701,6000
mk05,independent,0.15,main,MOEA-D,1000,0.9452377951818958,0.03147633403040942,188,1995.4,204,2131.5,29,1.7484635000582784,6000
mk05,independent,0.15,main,MOEA-D,1001,0.9570086521784599,0.029306601373613395,188,1982.2625,205,2140.9875,37,1.4880149001255631,6000
mk05,independent,0.15,main,MOEA-D,1002,0.970888601624785,0.03129116108272473,183,1987.7,208,2129,37,1.3277904000133276,6000
mk05,independent,0.15,main,MOEA-D,1003,0.9465457182624252,0.032169292343071906,189,1986.55,208,2119.45,34,1.3586439001373947,6000
mk05,independent,0.15,main,MOEA-D,1004,0.9492275059586269,0.03146000865431869,188,1989.7625,209,2106.9375,39,1.559657200006768,6000
mk05,independent,0.15,main,MOEA-D,1005,0.945217692704333,0.03533035878542023,188,1988.125,212,2099.025,39,1.3110580001957715,6000
mk05,independent,0.15,main,MOEA-D,1006,0.93493996300423,0.03717779169717853,190,1988.0875,208,2126.85,38,1.5516548999585211,6000
mk05,independent,0.15,main,MOEA-D,1007,0.9666756451723405,0.03320167545346314,183,1990.1375,208,2123.8125,41,1.4685506999958307,6000
mk05,independent,0.15,main,MOEA-D,1008,0.9388366885540279,0.036416107900741124,188,1995.1,207,2136.4125,28,1.5256086001172662,6000
mk05,independent,0.15,main,MOEA-D,1009,0.9355095031532945,0.041658029956956354,187,1994.3875,209,2121,30,1.5690158000215888,6000
mk05,independent,0.15,main,MOEA-D,1010,0.9744966357647415,0.030679873043032393,184,1975,216,2084,34,1.4932730000000447,6000
mk05,independent,0.15,main,MOEA-D,1011,0.9464733763868907,0.030955842627278084,191,1976.6375,206,2139.75,37,1.5270471000112593,6000
mk05,independent,0.15,main,MOEA-D,1012,0.9513293416844255,0.0333130173922705,187,1989.05,213,2104.1375,31,1.5523668001405895,6000
mk05,independent,0.15,main,MOEA-D,1013,0.990776262129096,0.03063822125560837,178,1990.925,200,2171.4,41,1.4217352999839932,6000
mk05,independent,0.15,main,MOEA-D,1014,0.9817237468854682,0.030578594966009433,180,1986.2125,203,2140.1625,35,1.4816038999706507,6000
mk05,independent,0.15,main,MOEA-D,1015,0.9553868419819064,0.03685770063294244,185,1986.9875,208,2127.75,33,1.564110199920833,6000
mk05,independent,0.15,main,MOEA-D,1016,0.953397327722669,0.03038546182573494,189,1977.475,206,2122.475,36,1.501743600005284,6000
mk05,independent,0.15,main,MOEA-D,1017,0.9377393456868922,0.03497823664040151,189,1993.9,206,2132.625,32,1.4255390998441726,6000
mk05,independent,0.15,main,MOEA-D,1018,0.9413661301198216,0.04675841790615938,188,1973.7625,209,2136.525,35,1.3268895000219345,6000
mk05,independent,0.15,main,MOEA-D,1019,0.9406405929419572,0.0480238966613424,184,1997.5375,209,2136,35,1.5526862998958677,6000
mk05,independent,0.15,main,MOEA-D,1020,1.0006347244608393,0.021777234053972847,180,1977.3375,202,2150.55,43,1.3788122001569718,6000
mk05,independent,0.15,main,MOEA-D,1021,0.9705311741649812,0.030198964509223145,185,1976.6,208,2130.075,36,1.6804082000162452,6000
mk05,independent,0.15,main,MOEA-D,1022,0.9596081369059856,0.027489660543764078,187,1988.45,208,2116.625,43,1.609152500052005,6000
mk05,independent,0.15,main,MOEA-D,1023,0.9561140017812783,0.030383961468020967,186,1992.7,213,2089.125,32,1.484912799904123,6000
mk05,independent,0.15,main,MOEA-D,1024,0.967185283544094,0.03667275738578708,184,1977.7625,208,2132.55,37,1.451866599963978,6000
mk05,independent,0.15,main,MOEA-D,1025,0.9851416187993326,0.029490324816679278,182,1974.3,215,2076.55,41,1.5683100998867303,6000
mk05,independent,0.15,main,MOEA-D,1026,0.9828182050921469,0.025197363610006053,184,1973,212,2100.6625,41,1.4244971999432892,6000
mk05,independent,0.15,main,MOEA-D,1027,0.9474202661820441,0.04195885820984498,186,1987.525,211,2126.1,43,1.3331118000205606,6000
mk05,independent,0.15,main,MOEA-D,1028,0.9500277738714664,0.03337068611383526,189,1978.15,202,2146.05,32,1.526415599975735,6000
mk05,independent,0.15,main,MOEA-D,1029,0.9735516390280137,0.03128064799969174,183,1975.4,205,2127.75,32,1.5116877001710236,6000
mk05,independent,0.15,main,NSGA-II,1000,0.9539427088404027,0.047927761974052976,184,1975.35,212,2118.7125,39,0.7564894000533968,6000
mk05,independent,0.15,main,NSGA-II,1001,0.9595052356587305,0.03421815655606961,187,1973.25,210,2126.35,35,0.5683430000208318,6000
mk05,independent,0.15,main,NSGA-II,1002,0.9472247402904135,0.03491514403605681,190,1973.25,212,2113.6625,34,0.8505778000690043,6000
mk05,independent,0.15,main,NSGA-II,1003,0.9360327985894009,0.043185824465842695,191,1973,208,2153.425,34,0.7149690999649465,6000
mk05,independent,0.15,main,NSGA-II,1004,0.9566574447677668,0.03705125685297112,187,1973.825,216,2088.6875,34,0.5578502998687327,6000
mk05,independent,0.15,main,NSGA-II,1005,0.954994257722777,0.04081014060878282,186,1973.25,209,2127.275,36,0.7110915000084788,6000
mk05,independent,0.15,main,NSGA-II,1006,0.9898002102196313,0.02260256478542889,183,1973.05,213,2095.85,36,0.6323106000199914,6000
mk05,independent,0.15,main,NSGA-II,1007,0.9422882298641693,0.03702749856982029,191,1973,216,2091.825,36,0.6900222999975085,6000
mk05,independent,0.15,main,NSGA-II,1008,0.9638082926776502,0.04108126960098662,184,1972.5,203,2163.8,38,0.6719937999732792,6000
mk05,independent,0.15,main,NSGA-II,1009,0.9651854476091578,0.03598189208590761,185,1976.55,210,2131.875,41,0.6917373000178486,6000
mk05,independent,0.15,main,NSGA-II,1010,0.9264812370866371,0.0401727536256725,194,1973.25,207,2129.275,29,0.6080702999606729,6000
mk05,independent,0.15,main,NSGA-II,1011,0.9636701895582503,0.03164086726049186,187,1972.75,210,2119.5125,41,0.6976664001122117,6000
mk05,independent,0.15,main,NSGA-II,1012,0.9411300386905086,0.04798596760363501,188,1974.5,217,2090.925,32,0.6032847999595106,6000
mk05,independent,0.15,main,NSGA-II,1013,0.9510905008131135,0.04279226705583136,186,1972.5,210,2124.725,31,0.654060099972412,6000
mk05,independent,0.15,main,NSGA-II,1014,0.9736635548391983,0.029604098591386404,185,1972.25,201,2162.65,37,0.6473980001173913,6000
mk05,independent,0.15,main,NSGA-II,1015,0.9581436308500014,0.04087658926180226,185,1974.25,214,2104.425,34,0.5952842000406235,6000
mk05,independent,0.15,main,NSGA-II,1016,0.9378692004802962,0.038971206498104836,191,1974.7,205,2148.8,29,0.6702240000013262,6000
mk05,independent,0.15,main,NSGA-II,1017,0.9696021782792281,0.03599102727321627,184,1975,211,2112.6,43,0.5746935000643134,6000
mk05,independent,0.15,main,NSGA-II,1018,0.9659055760486643,0.029679968198107386,187,1973.25,212,2104.5,32,0.6504812999628484,6000
mk05,independent,0.15,main,NSGA-II,1019,0.9591626822294097,0.04493754260523399,183,1974.2,211,2125.0125,33,0.6574514000676572,6000
mk05,independent,0.15,main,NSGA-II,1020,0.9696440058558609,0.035212375630081866,183,1972.75,208,2126.9,32,0.5911177000962198,6000
mk05,independent,0.15,main,NSGA-II,1021,0.9536726325050753,0.047120496150880965,185,1972.75,214,2098.0125,28,0.6114533999934793,6000
mk05,independent,0.15,main,NSGA-II,1022,0.9760014819943101,0.03308483557166291,183,1972.9125,211,2102,42,0.5783589000348002,6000
mk05,independent,0.15,main,NSGA-II,1023,0.951580487435501,0.04772190729452969,185,1973.7,212,2120.35,37,0.6239738999865949,6000
mk05,independent,0.15,main,NSGA-II,1024,0.9623568577393639,0.03938508342441006,185,1973.275,212,2119.275,44,0.6087001000996679,6000
mk05,independent,0.15,main,NSGA-II,1025,0.9497747801347856,0.040083013417220405,188,1972.75,204,2149.65,32,0.6164517998695374,6000
mk05,independent,0.15,main,NSGA-II,1026,0.919432434040436,0.05109016129614333,193,1972.5,209,2129.65,42,0.6449779001995921,6000
mk05,independent,0.15,main,NSGA-II,1027,0.9561657453782333,0.0306014731455141,189,1972.75,203,2149.225,30,0.7481755998451263,6000
mk05,independent,0.15,main,NSGA-II,1028,0.9234466193582352,0.046886899544906116,193,1973,211,2120.925,30,0.685076099820435,6000
mk05,independent,0.15,main,NSGA-II,1029,0.9611247020686622,0.03334128531592461,187,1972.5,213,2110.775,34,0.5885407999157906,6000
mk06,independent,0.15,ablation,no-adaptive,1000,1.066772635725334,0.0780584686827541,71,1517.4625,73,1527.2,3,1.3084701001644135,6000
mk06,independent,0.15,ablation,no-adaptive,1001,0.9264460296130381,0.14396620617229683,75,1524.7125,75,1558.575,4,1.2019000998698175,6000
mk06,independent,0.15,ablation,no-adaptive,1002,0.951466631495648,0.117155746047138,75,1510.1125,75,1510.1125,1,1.3671971999574453,6000
mk06,independent,0.15,ablation,no-adaptive,1003,1.0590926335260542,0.049346135312504764,72,1508.5875,72,1510.2375,3,1.1991847001481801,6000
mk06,independent,0.15,ablation,no-adaptive,1004,0.9320977854694384,0.14061940744730442,75,1519.0125,75,1550.1375,4,1.2208225999493152,6000
mk06,independent,0.15,ablation,no-adaptive,1005,1.0181720255561533,0.07091955524502486,73,1512.35,73,1514.3375,2,1.2720236000604928,6000
mk06,independent,0.15,ablation,no-adaptive,1006,0.908334111153948,0.1502893839837694,76,1514.9125,76,1524.625,3,1.0969632999040186,6000
mk06,independent,0.15,ablation,no-adaptive,1007,0.9734460093220656,0.10741039196821522,74,1515.5875,74,1539.8125,2,1.1953404999803752,6000
mk06,independent,0.15,ablation,no-adaptive,1008,1.0032563280016078,0.10030172036975872,73,1519.575,74,1536.15,4,1.1447858000174165,6000
mk06,independent,0.15,ablation,no-adaptive,1009,0.9560150820835296,0.10633785329554092,74,1530.65,74,1532.825,2,1.25274629984051,6000
mk06,independent,0.15,ablation,no-adaptive,1010,1.0031735277426688,0.08383848917438695,73,1520.6375,73,1528.7375,4,1.1804243000224233,6000
mk06,independent,0.15,ablation,no-adaptive,1011,0.962626011848619,0.11426815884774476,74,1524.15,74,1546.65,3,1.327820000005886,6000
mk06,independent,0.15,ablation,no-adaptive,1012,0.9031856368714465,0.14817066375630028,76,1519.75,76,1519.75,1,1.1610375000163913,6000
mk06,independent,0.15,ablation,no-adaptive,1013,1.0239539054558502,0.12305259149268298,72,1520.8375,72,1604.975,6,1.3294486000668257,6000
mk06,independent,0.15,ablation,no-adaptive,1014,0.9733285835002976,0.11416607693489425,74,1516.7625,74,1549.7,4,1.3322956999763846,6000
mk06,independent,0.15,ablation,no-adaptive,1015,1.097413706093772,0.07047080448636213,70,1521.925,71,1576.3,5,1.320233200211078,6000
mk06,independent,0.15,ablation,no-adaptive,1016,0.9666199297932353,0.09950696931555701,74,1523.675,74,1523.675,1,1.3505548001267016,6000
mk06,independent,0.15,ablation,no-adaptive,1017,0.936070037891755,0.12616498456886002,75,1520.55,75,1531.725,2,1.4492941999342293,6000
mk06,independent,0.15,ablation,no-adaptive,1018,1.0784271812631854,0.054976848733491894,71,1515.9,71,1540.4,4,1.3097885998431593,6000
mk06,independent,0.15,ablation,no-adaptive,1019,0.9784087884783932,0.0997245423500935,74,1514.9625,74,1527.8125,3,1.4950009998865426,6000
mk06,independent,0.15,ablation,no-adaptive,1020,1.005104377417326,0.09979909795554946,73,1518.275,73,1564.975,4,1.6380058999639004,6000
mk06,independent,0.15,ablation,no-adaptive,1021,0.9760827884770844,0.1137156180923161,74,1514.5375,74,1550.15,4,1.5777742001228034,6000
mk06,independent,0.15,ablation,no-adaptive,1022,1.0145469451286286,0.08685672527773226,73,1512.1375,73,1537.9375,2,1.6631931001320481,6000
mk06,independent,0.15,ablation,no-adaptive,1023,0.9743860704437115,0.11945864609408322,74,1515.5625,75,1528.475,3,1.6042648998554796,6000
mk06,independent,0.15,ablation,no-adaptive,1024,0.9966077617551825,0.1005159402823635,73,1523.3875,73,1551.85,4,1.5492883999831975,6000
mk06,independent,0.15,ablation,no-adaptive,1025,1.0455622857584215,0.057380529086346,72,1517,72,1520.6,2,1.6552309000398964,6000
mk06,independent,0.15,ablation,no-adaptive,1026,0.9096953081380547,0.1472813041212333,76,1514.5875,76,1519.275,4,1.4405994999688119,6000
mk06,independent,0.15,ablation,no-adaptive,1027,0.9320722581168801,0.12977603373828853,75,1523.0125,75,1537.75,3,1.5250030001625419,6000
mk06,independent,0.15,ablation,no-adaptive,1028,0.9792767184653743,0.0948228109906221,74,1514.9625,74,1518.075,2,1.4808784001506865,6000
mk06,independent,0.15,ablation,no-adaptive,1029,0.952552787619627,0.11698532126184977,75,1509.3125,75,1510.25,2,1.5840418001171201,6000
mk06,independent,0.15,ablation,no-critical,1000,1.0775745676877395,0.04353220513270141,71,1518.725,71,1524.5375,2,1.0684749002102762,6000
mk06,independent,0.15,ablation,no-critical,1001,0.9756140015565141,0.09520540416923887,74,1517.5625,74,1517.5625,1,1.0066861999221146,6000
mk06,independent,0.15,ablation,no-critical,1002,1.0339404021408947,0.09853167446199187,72,1512.075,72,1564.1875,8,0.8980529000982642,6000
mk06,independent,0.15,ablation,no-critical,1003,1.0260546756618951,0.06753189693140041,73,1507.1125,73,1510.975,2,0.9616705998778343,6000
mk06,independent,0.15,ablation,no-critical,1004,1.0502800677849398,0.1265332363642628,71,1519.95,72,1613.6625,4,0.8974385999608785,6000
mk06,independent,0.15,ablation,no-critical,1005,1.064062547250148,0.08845924977957724,71,1518.5125,71,1576.2375,5,0.8049163001123816,6000
mk06,independent,0.15,ablation,no-critical,1006,0.6826766345523846,0.330122186619425,82,1531.9875,82,1531.9875,1,1.0484501998871565,6000
mk06,independent,0.15,ablation,no-critical,1007,0.9408591655959363,0.12025564374523272,75,1517.5875,75,1517.5875,1,0.929829099914059,6000
mk06,independent,0.15,ablation,no-critical,1008,1.0187713292485208,0.07009810277535752,73,1512.025,73,1512.025,1,0.8824420999735594,6000
mk06,independent,0.15,ablation,no-critical,1009,1.0547127943745573,0.09622389380648325,71,1519.925,74,1519.925,3,1.1374190000351518,6000
mk06,independent,0.15,ablation,no-critical,1010,0.8604194013115828,0.1868038899913105,77,1522.85,77,1542.3625,2,1.218170699896291,6000
mk06,independent,0.15,ablation,no-critical,1011,1.0901105923458527,0.03812810109877507,71,1510.575,71,1521.975,3,1.100653300061822,6000
mk06,independent,0.15,ablation,no-critical,1012,0.9421388714161072,0.12153423135422456,75,1515.825,75,1520.1,3,0.9868999999016523,6000
mk06,independent,0.15,ablation,no-critical,1013,0.9336386557427055,0.12342774523071656,75,1522.5,75,1523.5125,3,1.0106997000984848,6000
mk06,independent,0.15,ablation,no-critical,1014,1.0361302562618926,0.08640378821762267,72,1518,72,1562.625,5,1.112890100106597,6000
mk06,independent,0.15,ablation,no-critical,1015,0.9587212432737064,0.12275899411906,74,1524.725,74,1556.4625,4,0.9442303001414984,6000
mk06,independent,0.15,ablation,no-critical,1016,1.0162502740917667,0.07668430584830623,73,1512.975,73,1523.225,2,1.0179552000481635,6000
mk06,independent,0.15,ablation,no-critical,1017,1.0624950368935702,0.07566868766798197,71,1510.4875,73,1522.525,5,1.0627798999194056,6000
mk06,independent,0.15,ablation,no-critical,1018,0.8946297846604178,0.1561020801058107,76,1525.05,76,1538,3,1.208594199968502,6000
mk06,independent,0.15,ablation,no-critical,1019,1.0392448550930016,0.08095496481826435,72,1514.95,72,1549.1625,3,1.1559802000410855,6000
mk06,independent,0.15,ablation,no-critical,1020,0.9749130466371644,0.10953999165360713,74,1515.175,74,1543,3,1.3416858001146466,6000
mk06,independent,0.15,ablation,no-critical,1021,0.8781573767830694,0.17628279364761806,77,1511.65,77,1521.8625,2,1.233490299899131,6000
mk06,independent,0.15,ablation,no-critical,1022,0.945599856785007,0.12824994357826405,75,1511.375,75,1536.2875,5,1.4349640998989344,6000
mk06,independent,0.15,ablation,no-critical,1023,0.9870931283639655,0.10498883314641348,73,1527.6625,73,1551.4375,7,1.2087471999693662,6000
mk06,independent,0.15,ablation,no-critical,1024,0.9135896039529434,0.1453094466357064,76,1512.1375,76,1512.1375,1,1.302479000063613,6000
mk06,independent,0.15,ablation,no-critical,1025,1.075736925577295,0.053958356296366854,71,1518.1625,71,1537.575,4,1.2743300998117775,6000
mk06,independent,0.15,ablation,no-critical,1026,0.9695617280839499,0.10079507779335897,74,1520.875,74,1525.375,2,1.3566302000544965,6000
mk06,independent,0.15,ablation,no-critical,1027,0.9461368475552326,0.11931082495880195,75,1513.575,75,1515.5625,2,1.3578974001575261,6000
mk06,independent,0.15,ablation,no-critical,1028,1.0206190513904885,0.07034595534062846,73,1510.6625,73,1515.025,2,1.455070200143382,6000
mk06,independent,0.15,ablation,no-critical,1029,1.0437065781369355,0.0778018669631497,72,1513.5125,72,1555.725,5,1.2885085998568684,6000
mk06,independent,0.15,ablation,no-exchange,1000,0.9531954223565939,0.17928037780062847,72,1538.325,76,1567.6875,7,1.247172299772501,6000
mk06,independent,0.15,ablation,no-exchange,1001,0.8894038774084895,0.2088873220518961,75,1540.0875,75,1620.75,9,1.2869078000076115,6000
mk06,independent,0.15,ablation,no-exchange,1002,0.8113929425379298,0.22765921486577081,78,1535.975,78,1576.225,2,1.346006200183183,6000
mk06,independent,0.15,ablation,no-exchange,1003,0.8971459961656609,0.18427663479483272,75,1537.9375,75,1598.05,4,1.3387027999851853,6000
mk06,independent,0.15,ablation,no-exchange,1004,0.8241666988485857,0.2167539039072952,77,1539.5875,78,1548.5375,3,1.362446099985391,6000
mk06,independent,0.15,ablation,no-exchange,1005,0.8379633165398265,0.19508416285247845,77,1542.325,77,1560.4,2,1.3136017001233995,6000
mk06,independent,0.15,ablation,no-exchange,1006,0.8706139131926015,0.17981916331126252,76,1539.525,76,1571.5,5,1.1530499001964927,6000
mk06,independent,0.15,ablation,no-exchange,1007,0.8871834559191716,0.1682346077721009,75,1548,75,1575.4,6,1.0642750998958945,6000
mk06,independent,0.15,ablation,no-exchange,1008,0.956457294375539,0.1641018658714192,74,1519.95,74,1627.9875,3,1.376585700083524,6000
mk06,independent,0.15,ablation,no-exchange,1009,0.8284600722751354,0.23687627377675455,77,1532.925,79,1532.925,2,1.3683374000247568,6000
mk06,independent,0.15,ablation,no-exchange,1010,0.9561671334681268,0.1557438586584878,73,1543.65,75,1572.6625,5,1.4431759000290185,6000
mk06,independent,0.15,ablation,no-exchange,1011,0.8581941361707535,0.2203200151224381,76,1540.975,78,1559.8375,6,1.456482999958098,6000
mk06,independent,0.15,ablation,no-exchange,1012,0.8786381419229168,0.1880503723713302,76,1532.625,76,1584.675,4,1.5008674000855535,6000
mk06,independent,0.15,ablation,no-exchange,1013,0.7951136916282726,0.23103504247923043,78,1548.1,78,1569.725,5,1.2910875999368727,6000
mk06,independent,0.15,ablation,no-exchange,1014,0.8193047200074881,0.23608377407588826,77,1547.2125,77,1614.9,9,1.3342306998092681,6000
mk06,independent,0.15,ablation,no-exchange,1015,0.8442516852961798,0.2123202958205192,76,1551.3375,76,1597.7,8,1.5640449000056833,6000
mk06,independent,0.15,ablation,no-exchange,1016,0.86560996299843,0.1881058970739003,76,1539.2625,77,1544.45,3,1.3530294999945909,6000
mk06,independent,0.15,ablation,no-exchange,1017,0.9059168017761803,0.165926215230466,75,1535.9625,75,1581.85,4,1.4976259998511523,6000
mk06,independent,0.15,ablation,no-exchange,1018,0.7704635636315084,0.26017449096239975,79,1541.6625,79,1581.9875,3,1.5946378000080585,6000
mk06,independent,0.15,ablation,no-exchange,1019,0.8817666826158077,0.21738004926695828,75,1542.45,78,1552.0625,4,1.648815599968657,6000
mk06,independent,0.15,ablation,no-exchange,1020,0.8796274250166749,0.1932249117892368,76,1529.325,76,1585.0875,4,1.5263803000561893,6000
mk06,independent,0.15,ablation,no-exchange,1021,0.8284950251117152,0.21987398204777917,77,1544,78,1558.425,4,1.6323253000155091,6000
mk06,independent,0.15,ablation,no-exchange,1022,0.839944173643598,0.23681342237709654,77,1531.9125,77,1609.3875,6,1.9261243999935687,6000
mk06,independent,0.15,ablation,no-exchange,1023,0.8745675764658758,0.2643965925289615,75,1533.9,80,1534.725,5,1.665159499971196,6000
mk06,independent,0.15,ablation,no-exchange,1024,0.9850231873452407,0.14988007366765882,72,1543.125,72,1608.4875,4,1.7561832999344915,6000
mk06,independent,0.15,ablation,no-exchange,1025,0.9376613083226372,0.14869594175606426,74,1536.075,74,1583.6625,3,1.7330602000001818,6000
mk06,independent,0.15,ablation,no-exchange,1026,0.9211528348779565,0.15164990086014546,75,1528.4375,75,1569.5875,2,1.6459085999522358,6000
mk06,independent,0.15,ablation,no-exchange,1027,0.8485611605912661,0.1849145302089303,77,1534.6875,77,1542.075,2,1.6678668998647481,6000
mk06,independent,0.15,ablation,no-exchange,1028,0.8394683830647618,0.1865207732471629,77,1541.9,77,1541.9,1,1.5837308999616653,6000
mk06,independent,0.15,ablation,no-exchange,1029,0.9342068029740024,0.18565347373226218,74,1532.9125,74,1614.3125,8,1.6669754998292774,6000
mk06,independent,0.15,ablation,no-gap,1000,0.9460358508757521,0.12078881867966682,75,1513.6125,75,1522.475,2,1.0003386000171304,6000
mk06,independent,0.15,ablation,no-gap,1001,0.8655540646418024,0.17772437051848414,77,1521.775,77,1525.2625,2,0.9651794999372214,6000
mk06,independent,0.15,ablation,no-gap,1002,1.0143094752950867,0.08367592809884418,73,1513.4875,73,1545.125,4,1.1343633001670241,6000
mk06,independent,0.15,ablation,no-gap,1003,0.9566605313747527,0.10866185014752973,74,1529.8875,74,1536.7375,3,1.0825728999916464,6000
mk06,independent,0.15,ablation,no-gap,1004,1.0805642788555634,0.042667208887227547,71,1516.275,71,1522.3125,3,1.0818656000774354,6000
mk06,independent,0.15,ablation,no-gap,1005,1.0598653268515679,0.05334291959495852,72,1506.4,72,1513.9875,2,0.8888157999608666,6000
mk06,independent,0.15,ablation,no-gap,1006,1.06321785369947,0.04737294926559947,72,1506.0375,72,1506.0375,1,1.0078731998801231,6000
mk06,independent,0.15,ablation,no-gap,1007,0.9608500935675657,0.1348356136213729,74,1522.05,74,1578.5625,6,1.168036499992013,6000
mk06,independent,0.15,ablation,no-gap,1008,0.9123256072728084,0.14909666088356668,76,1512.4,76,1529.6875,2,1.073653900064528,6000
mk06,independent,0.15,ablation,no-gap,1009,0.9458213556595125,0.1240953191859648,75,1513.45,75,1530.8125,2,1.0830318999942392,6000
mk06,independent,0.15,ablation,no-gap,1010,0.8900582285457332,0.15581038981203843,76,1528.4625,76,1534.2875,2,1.1766645000316203,6000
mk06,independent,0.15,ablation,no-gap,1011,1.01868329260957,0.07347186641305067,73,1511.5875,73,1518.4375,3,1.1419919000472873,6000
mk06,independent,0.15,ablation,no-gap,1012,0.796180865874708,0.23324912128354722,79,1522.3875,79,1522.3875,1,1.0407977998256683,6000
mk06,independent,0.15,ablation,no-gap,1013,0.8949160837375713,0.1582210159645286,76,1524.375,76,1541.1875,3,1.2932353999931365,6000
mk06,independent,0.15,ablation,no-gap,1014,0.955227137801231,0.11632765708469316,75,1507.4625,75,1507.4625,1,1.2711649998091161,6000
mk06,independent,0.15,ablation,no-gap,1015,1.0897568748760453,0.13981645997551675,69,1522.075,76,1524.7875,7,1.2010114998556674,6000
mk06,independent,0.15,ablation,no-gap,1016,1.005127613853629,0.09564248383906175,73,1518.9625,73,1559.0125,3,1.1855347999371588,6000
mk06,independent,0.15,ablation,no-gap,1017,0.9061358788249303,0.14856641301998844,76,1517.3375,76,1523.9625,2,1.1081334000919014,6000
mk06,independent,0.15,ablation,no-gap,1018,0.9761705632970344,0.09687692693227844,74,1517.025,74,1521.5,2,1.2864941000007093,6000
mk06,independent,0.15,ablation,no-gap,1019,0.9006967199970155,0.151645471515427,76,1521.1875,76,1531.2,2,1.2780315999407321,6000
mk06,independent,0.15,ablation,no-gap,1020,1.0569759578157227,0.06288531470842021,72,1507.5625,72,1545.0375,3,1.3507174998521805,6000
mk06,independent,0.15,ablation,no-gap,1021,0.8970216321403771,0.159145057053645,76,1521.65,76,1543.85,3,1.4031656999140978,6000
mk06,independent,0.15,ablation,no-gap,1022,1.0429871649780436,0.07737458417058123,72,1513.65,72,1542.9375,4,1.3312264000996947,6000
mk06,independent,0.15,ablation,no-gap,1023,0.9307714758671611,0.1431788434440629,75,1521.05,75,1557.3125,3,1.3804752000141889,6000
mk06,independent,0.15,ablation,no-gap,1024,1.1290100230858908,0.017819307673886835,70,1508.925,70,1508.925,1,1.337085200008005,6000
mk06,independent,0.15,ablation,no-gap,1025,0.758259721830403,0.26570205782153516,80,1525.0875,80,1527.1875,2,1.32757359999232,6000
mk06,independent,0.15,ablation,no-gap,1026,1.0761276249809368,0.0526651222487642,71,1518.175,71,1543.45,2,1.4020670000463724,6000
mk06,independent,0.15,ablation,no-gap,1027,0.9848452158795846,0.09309825931745763,74,1510.9125,74,1516.2,2,1.338239299831912,6000
mk06,independent,0.15,ablation,no-gap,1028,0.9055602697521167,0.147446085905185,76,1518.0125,76,1518.0125,1,1.3228272998239845,6000
mk06,independent,0.15,ablation,no-gap,1029,0.9841850392695777,0.09164101960388613,74,1511.7375,74,1511.7375,1,1.358512100065127,6000
mk06,independent,0.15,ablation,no-rebuild,1000,1.0490027837905243,0.055514107919201874,72,1514.7125,72,1517.3,2,1.1829178999178112,6000
mk06,independent,0.15,ablation,no-rebuild,1001,0.9405900156633221,0.12241602431046103,75,1517.4875,75,1524.525,3,1.0995994999539107,6000
mk06,independent,0.15,ablation,no-rebuild,1002,0.9470663704621042,0.12028029771362807,75,1512.8125,75,1521.5,3,1.1702515000943094,6000
mk06,independent,0.15,ablation,no-rebuild,1003,0.9480076752240028,0.1180468612169764,75,1512.55,75,1512.55,1,1.202815500088036,6000
mk06,independent,0.15,ablation,no-rebuild,1004,0.9939796880819338,0.1107465191909659,73,1520.9,74,1550.45,4,1.1479530001524836,6000
mk06,independent,0.15,ablation,no-rebuild,1005,0.8950277495413262,0.15338162916160938,76,1525.3,76,1533.375,3,1.1664039001334459,6000
mk06,independent,0.15,ablation,no-rebuild,1006,0.9241306987360034,0.14604010244006624,76,1502.9625,76,1526.9,3,0.9892188999801874,6000
mk06,independent,0.15,ablation,no-rebuild,1007,1.067104818582342,0.07654569815363889,71,1520.15,71,1575.85,5,1.0369766000658274,6000
mk06,independent,0.15,ablation,no-rebuild,1008,1.0988387214592747,0.03013722126676507,71,1505.5,71,1512.4,3,1.2092199998442084,6000
mk06,independent,0.15,ablation,no-rebuild,1009,0.9343235742482687,0.13568324139011234,75,1521.075,75,1551.375,2,1.2143884000834078,6000
mk06,independent,0.15,ablation,no-rebuild,1010,0.9534569140834405,0.11793100830450594,75,1508.4,75,1516.8,2,1.3114480001386255,6000
mk06,independent,0.15,ablation,no-rebuild,1011,0.9761855524348187,0.10893855053380698,74,1515.2875,74,1549.575,4,1.167013700120151,6000
mk06,independent,0.15,ablation,no-rebuild,1012,0.9489172998868289,0.1216208032109087,75,1510.4625,75,1520.2625,2,1.2170394998975098,6000
mk06,independent,0.15,ablation,no-rebuild,1013,0.9658944947973293,0.1014957321130775,74,1523.8375,74,1526.625,3,1.0784936998970807,6000
mk06,independent,0.15,ablation,no-rebuild,1014,0.9540729087370968,0.15849532144131764,74,1523.55,74,1602.3625,5,1.1854830998927355,6000
mk06,independent,0.15,ablation,no-rebuild,1015,1.0243180956856814,0.08182939937399024,73,1506.625,73,1542.0375,3,1.2698544999584556,6000
mk06,independent,0.15,ablation,no-rebuild,1016,0.9446223555462759,0.12191287690493398,75,1514.55,75,1525,2,1.2212741000112146,6000
mk06,independent,0.15,ablation,no-rebuild,1017,1.009841599504639,0.0838471132971014,73,1516.35,73,1533.5875,3,1.3387550998013467,6000
mk06,independent,0.15,ablation,no-rebuild,1018,0.9750990690370888,0.10659228581997117,74,1516.275,74,1538.1,3,1.2544575999490917,6000
mk06,independent,0.15,ablation,no-rebuild,1019,0.9899573627757532,0.12665517120599099,73,1525.425,73,1593.0875,6,1.2931890999898314,6000
mk06,independent,0.15,ablation,no-rebuild,1020,1.0372176560261246,0.08702515360259085,72,1516.4625,72,1563.975,4,1.4976103000808507,6000
mk06,independent,0.15,ablation,no-rebuild,1021,0.9418811760647692,0.1319690637545894,75,1514.7875,75,1544.9,3,1.4836952998302877,6000
mk06,independent,0.15,ablation,no-rebuild,1022,0.9347846375083211,0.12639147970832137,75,1521.275,75,1530.75,3,1.5033974999096245,6000
mk06,independent,0.15,ablation,no-rebuild,1023,1.0303425508894324,0.08084148416249279,72,1523.2875,72,1548.0375,3,1.3826191001571715,6000
mk06,independent,0.15,ablation,no-rebuild,1024,0.903034305489101,0.15452831758730662,76,1518.15,76,1537.0375,6,1.47018410009332,6000
mk06,independent,0.15,ablation,no-rebuild,1025,0.9499563285907009,0.1175766273439961,75,1511.1625,75,1511.55,2,1.4180436001624912,6000
mk06,independent,0.15,ablation,no-rebuild,1026,0.8327660784684638,0.20341168218489686,78,1520.6875,78,1521.2,2,1.4599504999350756,6000
mk06,independent,0.15,ablation,no-rebuild,1027,0.9780788965376401,0.12882750322761025,74,1511.5875,74,1582.5375,4,1.4478658998850733,6000
mk06,independent,0.15,ablation,no-rebuild,1028,1.1671471678056886,0.045955335283492146,68,1520.8875,70,1548.2625,5,1.5822435000445694,6000
mk06,independent,0.15,ablation,no-rebuild,1029,0.9377512431493427,0.12274783220373173,75,1519.6125,75,1524.0875,2,1.4797640000469983,6000
mk06,independent,0.15,main,DABC,1000,0.7634732581345531,0.27718824779683116,79,1525.2375,80,1556.1875,5,0.7410450000315905,6000
mk06,independent,0.15,main,DABC,1001,0.7903747677174556,0.23475254042620627,79,1527.1875,79,1527.1875,1,0.7874189000576735,6000
mk06,independent,0.15,main,DABC,1002,0.8155999811490322,0.21829726663374613,78,1533.3,78,1557.675,2,0.7740929001010954,6000
mk06,independent,0.15,main,DABC,1003,0.7472631274410533,0.268007501674694,80,1534.875,80,1534.875,1,0.8365919999778271,6000
mk06,independent,0.15,main,DABC,1004,0.6913410761939113,0.30691153389409165,81,1554.4875,81,1555.8875,2,0.8139035999774933,6000
mk06,independent,0.15,main,DABC,1005,0.6955129656041836,0.35632170678229,79,1555.225,82,1591.9,6,0.780421799980104,6000
mk06,independent,0.15,main,DABC,1006,0.8702691630235646,0.17884015929242086,76,1538.3625,76,1564.55,4,0.8136154001113027,6000
mk06,independent,0.15,main,DABC,1007,0.7765449644678891,0.24573508059224056,78,1551.325,79,1551.375,3,0.9301326998975128,6000
mk06,independent,0.15,main,DABC,1008,0.8057113393154616,0.2429036474573431,78,1535.125,78,1590.2875,4,0.9050258998759091,6000
mk06,independent,0.15,main,DABC,1009,0.7719514810119045,0.262484131846176,79,1540.2625,79,1590.0625,2,0.8855709999334067,6000
mk06,independent,0.15,main,DABC,1010,0.8903773204527113,0.16332764061250674,75,1544.9375,75,1571.2375,4,0.8535108999349177,6000
mk06,independent,0.15,main,DABC,1011,0.7765722590987014,0.23974033310041754,79,1538.325,79,1539.5875,2,0.8190262999851257,6000
mk06,independent,0.15,main,DABC,1012,0.7539317228410244,0.26622323128436925,80,1529.1125,80,1529.1125,1,0.9116855000611395,6000
mk06,independent,0.15,main,DABC,1013,0.7756908454331896,0.2604567660891957,79,1532.275,79,1574.2875,4,0.9658874999731779,6000
mk06,independent,0.15,main,DABC,1014,0.7592161466395861,0.2780640480493793,79,1532.475,80,1557.8625,5,0.7438334999606013,6000
mk06,independent,0.15,main,DABC,1015,0.6782814135346026,0.331408063289435,82,1536.1,82,1537.375,2,0.8741775997914374,6000
mk06,independent,0.15,main,DABC,1016,0.8941835796286495,0.16085110715604228,75,1545.05,75,1568.3625,3,0.815550500061363,6000
mk06,independent,0.15,main,DABC,1017,0.7377715341218889,0.30181428857788484,79,1533.2875,81,1543.15,4,0.8159732001367956,6000
mk06,independent,0.15,main,DABC,1018,0.7996181566240537,0.22498583160201066,78,1544.5,78,1561.1875,3,0.9777583000250161,6000
mk06,independent,0.15,main,DABC,1019,0.683247661792688,0.33057001751018195,82,1531.3125,82,1533.975,2,0.9885792001150548,6000
mk06,independent,0.15,main,DABC,1020,0.8114183389809877,0.21065766311893222,78,1537.625,78,1537.625,1,1.0573806001339108,6000
mk06,independent,0.15,main,DABC,1021,0.6871485030825916,0.3497956371858603,81,1536.4,82,1583.275,5,0.9741171000059694,6000
mk06,independent,0.15,main,DABC,1022,0.6573003515574631,0.37844515167195386,82,1547.8875,82,1626.5875,5,0.9767184001393616,6000
mk06,independent,0.15,main,DABC,1023,0.8879400473761486,0.15510577259361188,76,1530.475,76,1533.975,3,1.0069210000801831,6000
mk06,independent,0.15,main,DABC,1024,0.8605678526849215,0.19979289650045853,76,1545.6625,76,1593.325,4,0.8377688999753445,6000
mk06,independent,0.15,main,DABC,1025,0.739227051400961,0.2901895575134829,80,1539.2875,80,1581.375,4,0.7976036998443305,6000
mk06,independent,0.15,main,DABC,1026,0.6830638648542684,0.33339719637532417,81,1541.325,82,1544.325,4,0.9228439999278635,6000
mk06,independent,0.15,main,DABC,1027,0.8865260938634212,0.1597663901996455,76,1530.375,76,1540.925,4,0.9829415001440793,6000
mk06,independent,0.15,main,DABC,1028,0.8874181766532071,0.16837638487590073,76,1528.7625,76,1559.775,3,0.8500454998575151,6000
mk06,independent,0.15,main,DABC,1029,0.776848936327583,0.25876506051300885,79,1533.3625,79,1571.9375,4,1.1298718999605626,6000
mk06,independent,0.15,main,EAMS-ABC,1000,1.0490027837905243,0.055514107919201874,72,1514.7125,72,1517.3,2,0.9471351001411676,6000
mk06,independent,0.15,main,EAMS-ABC,1001,0.9405900156633221,0.12241602431046103,75,1517.4875,75,1524.525,3,1.0911196998786181,6000
mk06,independent,0.15,main,EAMS-ABC,1002,0.9470663704621042,0.12028029771362807,75,1512.8125,75,1521.5,3,1.101059899898246,6000
mk06,independent,0.15,main,EAMS-ABC,1003,0.9480076752240028,0.1180468612169764,75,1512.55,75,1512.55,1,0.869872699957341,6000
mk06,independent,0.15,main,EAMS-ABC,1004,0.9939796880819338,0.1107465191909659,73,1520.9,74,1550.45,4,0.944057899992913,6000
mk06,independent,0.15,main,EAMS-ABC,1005,0.8939296806528199,0.15336528486535797,76,1526.125,76,1532.8125,3,1.015394999878481,6000
mk06,independent,0.15,main,EAMS-ABC,1006,0.9241306987360034,0.14604010244006624,76,1502.9625,76,1526.9,3,1.0922984001226723,6000
mk06,independent,0.15,main,EAMS-ABC,1007,1.067104818582342,0.07654569815363889,71,1520.15,71,1575.85,5,1.070868100039661,6000
mk06,independent,0.15,main,EAMS-ABC,1008,1.0988387214592747,0.03013722126676507,71,1505.5,71,1512.4,3,1.0548155999276787,6000
mk06,independent,0.15,main,EAMS-ABC,1009,0.9338032089845811,0.13885803644446046,75,1521.075,75,1561.3125,2,1.0344339001458138,6000
mk06,independent,0.15,main,EAMS-ABC,1010,0.9534569140834405,0.11793100830450594,75,1508.4,75,1516.8,2,0.9634720000904053,6000
mk06,independent,0.15,main,EAMS-ABC,1011,0.9761855524348187,0.10893855053380698,74,1515.2875,74,1549.575,4,1.0452233999967575,6000
mk06,independent,0.15,main,EAMS-ABC,1012,0.9488230450466137,0.12186291814381571,75,1510.4625,75,1520.7125,2,0.8313933999743313,6000
mk06,independent,0.15,main,EAMS-ABC,1013,0.9657393670394752,0.1015014712321741,74,1523.8375,74,1526.2875,2,0.8993961999658495,6000
mk06,independent,0.15,main,EAMS-ABC,1014,0.9540729087370968,0.15849532144131764,74,1523.55,74,1602.3625,5,1.0232415001373738,6000
mk06,independent,0.15,main,EAMS-ABC,1015,1.0553921492263576,0.06653200477818628,72,1508.275,72,1543.5625,4,0.867341100005433,6000
mk06,independent,0.15,main,EAMS-ABC,1016,0.9419881945812635,0.12509760010984997,75,1516.225,75,1531.5875,2,1.065558800008148,6000
mk06,independent,0.15,main,EAMS-ABC,1017,1.009841599504639,0.0838471132971014,73,1516.35,73,1533.5875,3,1.101769900182262,6000
mk06,independent,0.15,main,EAMS-ABC,1018,0.9750990690370888,0.10659228581997117,74,1516.275,74,1538.1,3,1.0319829999934882,6000
mk06,independent,0.15,main,EAMS-ABC,1019,0.9899573627757532,0.12665517120599099,73,1525.425,73,1593.0875,6,1.1366584000643343,6000
mk06,independent,0.15,main,EAMS-ABC,1020,1.0372176560261246,0.08702515360259085,72,1516.4625,72,1563.975,4,1.0997079000808299,6000
mk06,independent,0.15,main,EAMS-ABC,1021,0.943455297351112,0.13168209142857726,75,1513.55,75,1544.9,3,1.2037206999957561,6000
mk06,independent,0.15,main,EAMS-ABC,1022,0.9348847832760497,0.1251111861460884,75,1521.275,75,1527.6,3,1.114795499946922,6000
mk06,independent,0.15,main,EAMS-ABC,1023,1.0303425508894324,0.08084148416249279,72,1523.2875,72,1548.0375,3,1.0060119999106973,6000
mk06,independent,0.15,main,EAMS-ABC,1024,0.9009519935225982,0.15503724955858572,76,1520.0625,76,1538.025,6,0.9053384000435472,6000
mk06,independent,0.15,main,EAMS-ABC,1025,0.9499563285907009,0.1175766273439961,75,1511.1625,75,1511.55,2,1.0540807999204844,6000
mk06,independent,0.15,main,EAMS-ABC,1026,0.8327012782658161,0.20387223659000495,78,1520.6875,78,1522.4375,2,1.1352298001293093,6000
mk06,independent,0.15,main,EAMS-ABC,1027,0.9787727168892237,0.12600341133331353,74,1511.5875,74,1576.8125,4,1.0779013000428677,6000
mk06,independent,0.15,main,EAMS-ABC,1028,1.1671471678056886,0.045955335283492146,68,1520.8875,70,1548.2625,5,1.1183342998847365,6000
mk06,independent,0.15,main,EAMS-ABC,1029,0.9377512431493427,0.12274783220373173,75,1519.6125,75,1524.0875,2,1.2823093999177217,6000
mk06,independent,0.15,main,MA-NSGA-II,1000,0.9747510461305446,0.09825583139854899,74,1517.8625,74,1523.8625,3,0.9907400000374764,6000
mk06,independent,0.15,main,MA-NSGA-II,1001,1.1084855734457937,0.03803524308507061,70,1520.2625,70,1538.9125,4,1.064142300048843,6000
mk06,independent,0.15,main,MA-NSGA-II,1002,1.0022065647187122,0.0973862157046675,73,1519.8,73,1548.9625,5,1.0391851998865604,6000
mk06,independent,0.15,main,MA-NSGA-II,1003,1.0129963875523396,0.09487818171434445,73,1512.5,73,1553.5,4,0.927482700208202,6000
mk06,independent,0.15,main,MA-NSGA-II,1004,1.0180490360806222,0.07292675323648992,73,1512.2125,73,1520.55,2,1.0383850999642164,6000
mk06,independent,0.15,main,MA-NSGA-II,1005,1.0568323500938952,0.05143064019851435,72,1509.7375,72,1520.3125,2,0.9218343999236822,6000
mk06,independent,0.15,main,MA-NSGA-II,1006,1.019291498147958,0.07856678822013026,73,1510.5625,73,1527.9625,3,1.1054468001239002,6000
mk06,independent,0.15,main,MA-NSGA-II,1007,1.0332799637118866,0.07598967852865159,72,1522.575,72,1541.0625,2,0.95130499987863,6000
mk06,independent,0.15,main,MA-NSGA-II,1008,1.0126437173585348,0.07751957713019786,73,1515.225,73,1524.1875,4,1.0545948999933898,6000
mk06,independent,0.15,main,MA-NSGA-II,1009,1.0805105405056912,0.04164538623615958,71,1516.9125,71,1523.025,2,1.080569899873808,6000
mk06,independent,0.15,main,MA-NSGA-II,1010,0.9734644675616079,0.09724780735662454,74,1518.9375,74,1521.35,2,1.0337799000553787,6000
mk06,independent,0.15,main,MA-NSGA-II,1011,0.9852521480612633,0.09178717328414983,74,1510.95,74,1512.7,2,0.861112599959597,6000
mk06,independent,0.15,main,MA-NSGA-II,1012,1.017895151963021,0.07052684689705711,73,1512.6,73,1512.6,1,0.9566897999029607,6000
mk06,independent,0.15,main,MA-NSGA-II,1013,0.9379747711211027,0.1242571887089896,75,1519.05,75,1528.2375,3,1.084862600080669,6000
mk06,independent,0.15,main,MA-NSGA-II,1014,0.9968992317575979,0.08671542040182809,73,1525.225,73,1533.7875,5,0.8673082999885082,6000
mk06,independent,0.15,main,MA-NSGA-II,1015,0.9924907888802856,0.11358974222352092,73,1525.2375,73,1573.8125,5,0.9712551000993699,6000
mk06,independent,0.15,main,MA-NSGA-II,1016,0.986113336208979,0.09915708349615317,74,1508.8625,74,1529.2875,4,1.0633113998919725,6000
mk06,independent,0.15,main,MA-NSGA-II,1017,1.0506616689783108,0.06159427773864435,72,1512.2875,72,1534.8,4,1.1091281999833882,6000
mk06,independent,0.15,main,MA-NSGA-II,1018,0.9686794635066863,0.12222942975462851,74,1518.4875,75,1528.8,4,1.1467615999281406,6000
mk06,independent,0.15,main,MA-NSGA-II,1019,1.0123627201161434,0.07537628861195007,73,1516.0125,73,1522.3625,2,1.067718799924478,6000
mk06,independent,0.15,main,MA-NSGA-II,1020,0.9461892768101023,0.13120828813909666,75,1512.5625,75,1546.95,2,1.1044201999902725,6000
mk06,independent,0.15,main,MA-NSGA-II,1021,1.0500687798514574,0.0555975023593276,72,1514.0125,72,1517.6875,3,1.0230385998729616,6000
mk06,independent,0.15,main,MA-NSGA-II,1022,0.9784219448831732,0.10389344208253372,74,1513.95,74,1535.0875,3,1.041537599870935,6000
mk06,independent,0.15,main,MA-NSGA-II,1023,1.0091893429194,0.0850061919034628,73,1516.5375,73,1535.025,3,1.101911500096321,6000
mk06,independent,0.15,main,MA-NSGA-II,1024,0.9774344290676696,0.09679917465759742,74,1515.6625,74,1521.9875,3,1.0791529000271112,6000
mk06,independent,0.15,main,MA-NSGA-II,1025,0.9409123803078078,0.1202374382204698,75,1517.55,75,1517.55,1,1.0369694998953491,6000
mk06,independent,0.15,main,MA-NSGA-II,1026,1.0514780206221737,0.053429758509374696,72,1513.3875,72,1514.375,2,1.1385509001556784,6000
mk06,independent,0.15,main,MA-NSGA-II,1027,1.0202288756248479,0.06952470051072474,73,1511.05,73,1511.5875,2,1.0854168999940157,6000
mk06,independent,0.15,main,MA-NSGA-II,1028,1.0163723472007955,0.07370152405480712,73,1513.1625,73,1519.4,3,1.2098882999271154,6000
mk06,independent,0.15,main,MA-NSGA-II,1029,1.0387473989918663,0.06069530081115127,72,1521.45,72,1524.625,3,1.25012749992311,6000
mk06,independent,0.15,main,MOEA-D,1000,1.0036128600256715,0.09418929307503489,72,1539.275,73,1539.275,2,1.5186613998375833,6000
mk06,independent,0.15,main,MOEA-D,1001,1.0615878340564997,0.07302133773745605,71,1524.9875,72,1544.125,4,1.4522294998168945,6000
mk06,independent,0.15,main,MOEA-D,1002,1.064749887581467,0.058716520336876736,71,1525.75,71,1558,2,1.606400900054723,6000
mk06,independent,0.15,main,MOEA-D,1003,0.970795091941015,0.09744270265269799,74,1520.8375,74,1520.8375,1,1.5460240000393242,6000
mk06,independent,0.15,main,MOEA-D,1004,1.1593250633438348,0.013640676424349246,69,1511.275,69,1516.2625,2,1.426081599900499,6000
mk06,independent,0.15,main,MOEA-D,1005,0.9546292741133665,0.11744480601783489,74,1530.8,74,1555.7625,4,1.4722484999801964,6000
mk06,independent,0.15,main,MOEA-D,1006,0.9820718981157543,0.09136395183299172,73,1536.075,73,1536.575,2,1.556380799971521,6000
mk06,independent,0.15,main,MOEA-D,1007,1.0215036723387574,0.07893693797536873,72,1531.7625,72,1551.5375,3,1.4214683000463992,6000
mk06,independent,0.15,main,MOEA-D,1008,1.0403860586618565,0.05981146428715843,72,1520.3875,72,1522.8625,3,1.6143352999351919,6000
mk06,independent,0.15,main,MOEA-D,1009,1.0083138201814017,0.10923755694922108,72,1536.15,74,1544.9625,5,1.4841879000887275,6000
mk06,independent,0.15,main,MOEA-D,1010,1.0675173798725337,0.04946097475393752,71,1524.9875,71,1528.1,2,1.4317722998093814,6000
mk06,independent,0.15,main,MOEA-D,1011,1.1044286880315337,0.03780194473649517,70,1523.1375,70,1528.8625,3,1.6155576000455767,6000
mk06,independent,0.15,main,MOEA-D,1012,0.9424714470016163,0.1290891562437954,75,1515.5625,75,1539.65,2,1.449168099788949,6000
mk06,independent,0.15,main,MOEA-D,1013,1.066424220090289,0.05048117759869906,71,1525.5,71,1529.525,2,1.3577097000088543,6000
mk06,independent,0.15,main,MOEA-D,1014,0.9755365031323374,0.10856382198343009,74,1514.4875,74,1542.5625,3,1.549364099977538,6000
mk06,independent,0.15,main,MOEA-D,1015,1.0805167587069546,0.08731942327872433,70,1530.6375,70,1594.8875,6,1.4010554999113083,6000
mk06,independent,0.15,main,MOEA-D,1016,1.1620310936245113,0.037848674131890706,68,1527.1625,68,1556.3875,4,1.5329968000296503,6000
mk06,independent,0.15,main,MOEA-D,1017,1.0412577850243463,0.07400731277171346,72,1518.0375,72,1559.5875,3,1.591907599940896,6000
mk06,independent,0.15,main,MOEA-D,1018,1.0019715821656754,0.0789104669643925,73,1523.05,73,1523.05,1,1.6112077999860048,6000
mk06,independent,0.15,main,MOEA-D,1019,1.111447335435304,0.07216491868834454,69,1533.3125,69,1561.8625,2,1.7527420001570135,6000
mk06,independent,0.15,main,MOEA-D,1020,1.003438226752273,0.07808720973793566,73,1522.0875,73,1522.0875,1,1.779128799913451,6000
mk06,independent,0.15,main,MOEA-D,1021,0.9911141445751432,0.09857304061071294,73,1528.6375,73,1573.3875,2,1.6040495000779629,6000
mk06,independent,0.15,main,MOEA-D,1022,1.074768784367835,0.04576528918368384,71,1520.425,71,1526.95,2,1.7423123000189662,6000
mk06,independent,0.15,main,MOEA-D,1023,1.099054853044268,0.055283863791461774,70,1523.3875,70,1557.075,3,1.4848422999493778,6000
mk06,independent,0.15,main,MOEA-D,1024,1.0024018816931577,0.10729222065302506,72,1540.2875,73,1556.475,4,1.6634641999844462,6000
mk06,independent,0.15,main,MOEA-D,1025,0.9905630810336356,0.0883477321246393,73,1530.25,73,1534.4,4,1.6069211999420077,6000
mk06,independent,0.15,main,MOEA-D,1026,1.0547270635100896,0.06566200013840967,71,1531.95,71,1562.675,3,1.543440599925816,6000
mk06,independent,0.15,main,MOEA-D,1027,0.9586150756689644,0.11162339026551064,73,1551.1625,73,1559.875,3,1.581048599909991,6000
mk06,independent,0.15,main,MOEA-D,1028,1.0186774016820563,0.09671370166164818,72,1531,72,1587.2375,4,1.626067099859938,6000
mk06,independent,0.15,main,MOEA-D,1029,1.0376241954793026,0.06211724136848555,72,1522.075,72,1528.1125,2,1.7912158998660743,6000
mk06,independent,0.15,main,NSGA-II,1000,0.9857852115464798,0.0910361239096414,74,1510.65,74,1510.65,1,0.805602699983865,6000
mk06,independent,0.15,main,NSGA-II,1001,0.9824703866346639,0.09732881213026456,74,1512.0625,74,1524.6625,4,0.7246907001826912,6000
mk06,independent,0.15,main,NSGA-II,1002,0.9871969395977022,0.10664154254398575,74,1507.425,74,1541.4375,3,0.7131008000578731,6000
mk06,independent,0.15,main,NSGA-II,1003,1.1068231537014992,0.05539585897149069,70,1517.7375,70,1564.1375,6,0.7227743999101222,6000
mk06,independent,0.15,main,NSGA-II,1004,1.0558690525359462,0.050756887536620075,72,1510.7,72,1510.7,1,0.8446547000203282,6000
mk06,independent,0.15,main,NSGA-II,1005,1.0475030191003512,0.05637841482664374,72,1515.75,72,1523.5125,2,0.6550586998928338,6000
mk06,independent,0.15,main,NSGA-II,1006,1.026866445473248,0.066277455261804,73,1506.7125,73,1506.7125,1,0.6738352000247687,6000
mk06,independent,0.15,main,NSGA-II,1007,1.0637536008294428,0.0475708633018635,72,1505.35,72,1515.8125,2,0.650215,6000
mk06,independent,0.15,main,NSGA-II,1008,0.9754936302709896,0.1179018539719278,74,1512.175,75,1512.175,2,0.7704656000714749,6000
mk06,independent,0.15,main,NSGA-II,1009,0.9441230012573861,0.11918836832550786,75,1515.2875,75,1515.2875,1,0.6932917002122849,6000
mk06,independent,0.15,main,NSGA-II,1010,1.0911186609529038,0.04300321160327295,71,1509.1875,71,1538.3875,3,0.7724101999774575,6000
mk06,independent,0.15,main,NSGA-II,1011,0.9765687245421933,0.12072658231466919,74,1513.1125,74,1561.9375,4,0.7047637000214309,6000
mk06,independent,0.15,main,NSGA-II,1012,1.0562564792020803,0.05413580668093189,72,1509.7125,72,1520.1125,4,0.8726728998590261,6000
mk06,independent,0.15,main,NSGA-II,1013,1.0560069656945112,0.050690432001308974,72,1510.6125,72,1510.6125,1,0.8596170998644084,6000
mk06,independent,0.15,main,NSGA-II,1014,1.0153075293253648,0.0729549371447089,73,1514.1375,73,1516.475,2,0.7015105998143554,6000
mk06,independent,0.15,main,NSGA-II,1015,1.0630701877831332,0.056228150401190044,72,1504.2375,72,1532.9125,3,0.844740099972114,6000
mk06,independent,0.15,main,NSGA-II,1016,1.0200475005121838,0.0694792552761653,73,1511.1875,73,1511.1875,1,0.7291126998607069,6000
mk06,independent,0.15,main,NSGA-II,1017,1.0987239138275129,0.02886143051730477,71,1505.925,71,1505.925,1,0.871538900071755,6000
mk06,independent,0.15,main,NSGA-II,1018,1.021818902415477,0.06863138506109746,73,1510.025,73,1510.025,1,0.9816741000395268,6000
mk06,independent,0.15,main,NSGA-II,1019,0.9407522125341922,0.12306652242843917,75,1516.7625,75,1522.8625,2,0.8442444000393152,6000
mk06,independent,0.15,main,NSGA-II,1020,1.0578245131966597,0.05495825738778648,72,1508.5125,72,1530.2625,3,0.7418492001015693,6000
mk06,independent,0.15,main,NSGA-II,1021,1.0162413067909961,0.07507800668856981,73,1512.5625,73,1520.825,3,0.8857758000958711,6000
mk06,independent,0.15,main,NSGA-II,1022,1.0461302366254677,0.06034253011921802,72,1515.7875,72,1524,2,0.7684037999715656,6000
mk06,independent,0.15,main,NSGA-II,1023,0.9814630380298646,0.09545056166193867,74,1513.0625,74,1520.4375,2,0.8157186999451369,6000
mk06,independent,0.15,main,NSGA-II,1024,0.9913160070246041,0.10680971613641202,73,1525.7125,73,1556.65,5,0.6692890000995249,6000
mk06,independent,0.15,main,NSGA-II,1025,0.9460132035322005,0.11870028319925537,75,1513.9375,75,1514.425,2,0.7149174001533538,6000
mk06,independent,0.15,main,NSGA-II,1026,0.8724732208253455,0.17521573168522808,77,1516.5375,77,1519.125,3,0.857349099824205,6000
mk06,independent,0.15,main,NSGA-II,1027,1.0088282945175762,0.08054181196427648,73,1517.3625,73,1528.8625,3,0.735833799932152,6000
mk06,independent,0.15,main,NSGA-II,1028,1.050807240342643,0.05409779812566342,72,1513.6125,72,1515.4125,2,0.9154451999347657,6000
mk06,independent,0.15,main,NSGA-II,1029,0.9009768008729048,0.15518698528219232,76,1520.325,76,1538.05,3,0.9682777998968959,6000
mk06,independent,0.15,timing,DABC,6000,0.8011298995335044,0.22712383294962057,78,1539.675,78,1564.1875,2,0.38756170007400215,6000
mk06,independent,0.15,timing,DABC,6001,0.8689778717126172,0.19179276901347625,76,1535.4625,76,1583.4625,6,0.3846120999660343,6000
mk06,independent,0.15,timing,DABC,6002,0.7888153737498964,0.23601299051047758,79,1527.8625,79,1530.7,2,0.3818934001028538,6000
mk06,independent,0.15,timing,DABC,6003,0.8571542565551299,0.18118128753484714,77,1527.9,77,1532.45,2,0.3760978998616338,6000
mk06,independent,0.15,timing,DABC,6004,0.7435829341139033,0.2860215394513649,80,1535.1875,80,1571.5,3,0.3965624999254942,6000
mk06,independent,0.15,timing,DABC,6005,0.7090941717126825,0.3008044387540504,81,1538.4,81,1540.1625,2,0.37893300014548004,6000
mk06,independent,0.15,timing,DABC,6006,0.7392492405612616,0.2705685093483705,80,1541.8,80,1541.8,1,0.37920930003747344,6000
mk06,independent,0.15,timing,DABC,6007,0.7387148025262918,0.275667316756012,80,1538.7375,80,1553.175,3,0.3880173999350518,6000
mk06,independent,0.15,timing,DABC,6008,0.8271865192014785,0.2164883020854612,77,1544.1375,77,1583.6,4,0.3828911001328379,6000
mk06,independent,0.15,timing,DABC,6009,0.7074053082493278,0.307130887885128,81,1536.675,81,1556.375,4,0.3733120998367667,6000
mk06,independent,0.15,timing,EAMS-ABC,6000,0.9042165491862997,0.14822444893521675,76,1518.75,76,1519.875,3,0.48457739991135895,6000
mk06,independent,0.15,timing,EAMS-ABC,6001,1.0675508272498604,0.07625526594938321,71,1519.725,71,1574.275,5,0.44937649997882545,6000
mk06,independent,0.15,timing,EAMS-ABC,6002,0.9462564988385058,0.11883395084533555,75,1513.725,75,1515.325,2,0.48121030000038445,6000
mk06,independent,0.15,timing,EAMS-ABC,6003,0.9413979890991662,0.12110632043899562,75,1517.0625,75,1521,2,0.4468731000088155,6000
mk06,independent,0.15,timing,EAMS-ABC,6004,1.0381030624313954,0.06171778839427115,72,1521.75,72,1524.2625,3,0.4694230000022799,6000
mk06,independent,0.15,timing,EAMS-ABC,6005,1.0169901745874552,0.07260196565944879,73,1512.675,73,1516.45,2,0.46388860000297427,6000
mk06,independent,0.15,timing,EAMS-ABC,6006,0.7710504963760981,0.2633510906837742,80,1514.2875,80,1515,2,0.47197850001975894,6000
mk06,independent,0.15,timing,EAMS-ABC,6007,0.9323056043011628,0.12927253564147928,75,1522.825,75,1536.8875,3,0.4887826999183744,6000
mk06,independent,0.15,timing,EAMS-ABC,6008,1.0089467676153467,0.07685294123833564,73,1518.1125,73,1522.7875,3,0.4708604000043124,6000
mk06,independent,0.15,timing,EAMS-ABC,6009,0.9714111520494213,0.11739018591533247,74,1516.3125,74,1551.0375,5,0.4474830999970436,6000
mk06,independent,0.15,timing,MA-NSGA-II,6000,0.901795705252024,0.1505734801878229,76,1520.3125,76,1528.575,3,0.4646328000817448,6000
mk06,independent,0.15,timing,MA-NSGA-II,6001,1.0435306357685339,0.062440619098211525,72,1517.7375,72,1530.4,4,0.46679800003767014,6000
mk06,independent,0.15,timing,MA-NSGA-II,6002,0.974922930304437,0.09666363278166212,74,1517.9125,74,1520.625,3,0.46213799994438887,6000
mk06,independent,0.15,timing,MA-NSGA-II,6003,1.0911873884405605,0.039110607614366084,71,1509.0625,71,1521.3625,3,0.4786034000571817,6000
mk06,independent,0.15,timing,MA-NSGA-II,6004,1.0428546845637412,0.07037659363823111,72,1516.825,72,1546.2625,3,0.46008039987646043,6000
mk06,independent,0.15,timing,MA-NSGA-II,6005,0.9915918987964838,0.09256933089979556,74,1505.6125,74,1515.9875,4,0.46042499993927777,6000
mk06,independent,0.15,timing,MA-NSGA-II,6006,1.0440216118494046,0.06267174633018581,72,1516.725,72,1527.275,4,0.4769127001054585,6000
mk06,independent,0.15,timing,MA-NSGA-II,6007,1.0149695864503436,0.07501754892999693,73,1513.925,73,1521.275,5,0.4643021998926997,6000
mk06,independent,0.15,timing,MA-NSGA-II,6008,0.9745488564073331,0.09707171947332476,74,1518.1,74,1521.3875,3,0.47414099983870983,6000
mk06,independent,0.15,timing,MA-NSGA-II,6009,1.013865953908074,0.0788066297592869,73,1513.6875,73,1526.25,3,0.46014830004423857,6000
mk06,independent,0.15,timing,MOEA-D,6000,1.0555735243390219,0.050899718453884184,72,1510.8875,72,1510.8875,1,0.6792890999931842,6000
mk06,independent,0.15,timing,MOEA-D,6001,0.9925979383062801,0.08505981615160829,73,1529.15,73,1530.65,2,0.6773337000049651,6000
mk06,independent,0.15,timing,MOEA-D,6002,1.027616884183711,0.06740161655932628,72,1528.5625,72,1530.4375,2,0.6750153000466526,6000
mk06,independent,0.15,timing,MOEA-D,6003,1.0006571853279254,0.08079528292058734,73,1523.8125,73,1526.725,2,0.6663854999933392,6000
mk06,independent,0.15,timing,MOEA-D,6004,1.0890208362106157,0.07447678338835557,70,1526.975,70,1568.5875,5,0.6873371999245137,6000
mk06,independent,0.15,timing,MOEA-D,6005,1.0743496776026285,0.051163652771077074,71,1520.0875,71,1543.3375,3,0.6955501998309046,6000
mk06,independent,0.15,timing,MOEA-D,6006,1.115641086732126,0.06425684153460309,69,1532.55,69,1561.625,5,0.6787008999381214,6000
mk06,independent,0.15,timing,MOEA-D,6007,1.0526576461293664,0.05233957842548747,72,1512.7375,72,1512.7375,1,0.657747499877587,6000
mk06,independent,0.15,timing,MOEA-D,6008,0.9741743897817283,0.10663755568936065,74,1517.6125,74,1543.7,2,0.6780147000681609,6000
mk06,independent,0.15,timing,MOEA-D,6009,1.0363351950846103,0.08157136525537001,72,1519.4875,72,1556.6125,3,0.662795800017193,6000
mk06,independent,0.15,timing,NSGA-II,6000,0.98789259268229,0.09132774998522478,74,1508.95,74,1512.7125,2,0.3458083998411894,6000
mk06,independent,0.15,timing,NSGA-II,6001,1.0630996424207004,0.04742525732917386,72,1506.1125,72,1506.1125,1,0.33421800006181,6000
mk06,independent,0.15,timing,NSGA-II,6002,1.0214166175210588,0.0710720250808226,73,1509.975,73,1516.225,3,0.34085939987562597,6000
mk06,independent,0.15,timing,NSGA-II,6003,1.0066558513601174,0.07843877785534535,73,1519.2375,73,1522.5,3,0.33851100015453994,6000
mk06,independent,0.15,timing,NSGA-II,6004,1.1226016103177638,0.02294712630737684,70,1512.625,70,1516.2375,2,0.34146809997037053,6000
mk06,independent,0.15,timing,NSGA-II,6005,0.9148238841765108,0.14598003867163736,76,1510.925,76,1519,2,0.33820459991693497,6000
mk06,independent,0.15,timing,NSGA-II,6006,1.149077271296194,0.019510564910961446,69,1517.5625,69,1520.1125,2,0.3503314999397844,6000
mk06,independent,0.15,timing,NSGA-II,6007,0.9898684097702998,0.0895847660787183,74,1507.875,74,1507.875,1,0.33926620008423924,6000
mk06,independent,0.15,timing,NSGA-II,6008,1.0095504567759743,0.07478091905543349,73,1518.075,73,1518.1125,2,0.33719100011512637,6000
mk06,independent,0.15,timing,NSGA-II,6009,1.0135225782887907,0.07332256172097938,73,1515.3875,73,1516.7875,3,0.33458829997107387,6000
mk06,independent,0.15,sensitivity/alpha_0.3,EAMS-ABC,3000,0.965755468908012,0.09994792983566118,74,1524.2625,74,1524.2625,1,0.7498778000008315,6000
mk06,independent,0.15,sensitivity/alpha_0.3,EAMS-ABC,3001,0.9926825058434728,0.08865550734787989,74,1505.9625,74,1505.9625,1,0.8558923001401126,6000
mk06,independent,0.15,sensitivity/alpha_0.3,EAMS-ABC,3002,1.013841342922018,0.0734675691018445,73,1514.8875,73,1516.4375,2,0.7243596999906003,6000
mk06,independent,0.15,sensitivity/alpha_0.3,EAMS-ABC,3003,1.0786725056667454,0.07146406630647942,71,1511.3,71,1553.3875,3,0.7690870000515133,6000
mk06,independent,0.15,sensitivity/alpha_0.3,EAMS-ABC,3004,1.054155054448534,0.05248892764103225,72,1511.525,72,1519.425,2,0.8440133000258356,6000
mk06,independent,0.15,sensitivity/alpha_0.3,EAMS-ABC,3005,0.8735095658844609,0.17410172887569833,77,1516,77,1516,1,0.8031186000443995,6000
mk06,independent,0.15,sensitivity/alpha_0.3,EAMS-ABC,3006,1.0441125939521125,0.05792632616089107,72,1517.975,72,1523.5125,2,0.8160951000172645,6000
mk06,independent,0.15,sensitivity/alpha_0.3,EAMS-ABC,3007,0.9330757448914205,0.15194332620565637,75,1518.75,75,1574.45,4,0.7896231999620795,6000
mk06,independent,0.15,sensitivity/alpha_0.3,EAMS-ABC,3008,0.8983830909434847,0.15208743265788752,76,1522.65,76,1528.55,3,0.860775199951604,6000
mk06,independent,0.15,sensitivity/alpha_0.3,EAMS-ABC,3009,0.8993689049354848,0.150541652455644,76,1522.1375,76,1525.6625,3,0.8233219000976533,6000
mk06,independent,0.15,sensitivity/alpha_0.5,EAMS-ABC,3000,1.017895479236772,0.07312674648297354,73,1512.2875,73,1520.925,3,0.7352661998011172,6000
mk06,independent,0.15,sensitivity/alpha_0.5,EAMS-ABC,3001,0.9654839626043924,0.10042885245362147,74,1524.3625,74,1525.075,4,0.8473518998362124,6000
mk06,independent,0.15,sensitivity/alpha_0.5,EAMS-ABC,3002,1.0137097134194677,0.09634963244916941,73,1511.4,73,1552.9875,5,0.7878771000541747,6000
mk06,independent,0.15,sensitivity/alpha_0.5,EAMS-ABC,3003,0.9270344023621314,0.13103481933166927,75,1526.6,75,1538.5375,3,0.7845337998587638,6000
mk06,independent,0.15,sensitivity/alpha_0.5,EAMS-ABC,3004,0.9999318157867697,0.09125721768626083,73,1522.7125,73,1542.8875,3,0.7498804999049753,6000
mk06,independent,0.15,sensitivity/alpha_0.5,EAMS-ABC,3005,0.9742611173256762,0.09788626112544073,74,1517.925,74,1523.05,3,0.7825319999828935,6000
mk06,independent,0.15,sensitivity/alpha_0.5,EAMS-ABC,3006,1.049106595024261,0.06292504706303087,72,1513.8875,72,1547.0875,2,0.8238389999605715,6000
mk06,independent,0.15,sensitivity/alpha_0.5,EAMS-ABC,3007,1.1179810285952172,0.05322297388520213,70,1509.15,70,1545.125,5,0.7419220001902431,6000
mk06,independent,0.15,sensitivity/alpha_0.5,EAMS-ABC,3008,0.8333699639933424,0.20405280404905296,78,1519.9875,78,1522.9125,2,0.9058357998728752,6000
mk06,independent,0.15,sensitivity/alpha_0.5,EAMS-ABC,3009,0.9414056473049338,0.12264510135663147,75,1516.35,75,1522.125,2,0.8380290998611599,6000
mk06,independent,0.15,sensitivity/alpha_0.7,EAMS-ABC,3000,0.9425930619273938,0.12198281427026314,75,1515.7125,75,1521.9375,3,0.8480491999071091,6000
mk06,independent,0.15,sensitivity/alpha_0.7,EAMS-ABC,3001,1.0169237380160538,0.07100585053717608,73,1513.2375,73,1513.2375,1,0.7523482998367399,6000
mk06,independent,0.15,sensitivity/alpha_0.7,EAMS-ABC,3002,1.0247366788128869,0.0675733002424164,73,1508.0625,73,1509.45,2,0.8293448998592794,6000
mk06,independent,0.15,sensitivity/alpha_0.7,EAMS-ABC,3003,0.9722994384636988,0.09926497796407914,74,1519.05,74,1523.35,2,0.7923397000413388,6000
mk06,independent,0.15,sensitivity/alpha_0.7,EAMS-ABC,3004,1.0117924783328418,0.08087270674420174,73,1515.6625,73,1529.375,2,0.8020623000338674,6000
mk06,independent,0.15,sensitivity/alpha_0.7,EAMS-ABC,3005,1.0392557860362768,0.06358457381280766,72,1519.9875,72,1525.375,2,0.7813804999459535,6000
mk06,independent,0.15,sensitivity/alpha_0.7,EAMS-ABC,3006,0.9365354211653173,0.1296708734060171,75,1518.675,75,1535.2125,3,0.7683961000293493,6000
mk06,independent,0.15,sensitivity/alpha_0.7,EAMS-ABC,3007,1.0691684759450524,0.062474181830812194,71,1521.55,71,1553.9875,3,0.7827081999275833,6000
mk06,independent,0.15,sensitivity/alpha_0.7,EAMS-ABC,3008,1.0022044701667068,0.102501533430333,73,1517.575,73,1563.05,4,0.9686464001424611,6000
mk06,independent,0.15,sensitivity/alpha_0.7,EAMS-ABC,3009,1.014979797391367,0.07336858213658141,73,1514.35,73,1518.875,3,0.6995511001441628,6000
mk06,independent,0.15,sensitivity/limit_15,EAMS-ABC,3000,1.016591686068546,0.07392275801179063,73,1513.15,73,1522.0375,2,0.7864385000430048,6000
mk06,independent,0.15,sensitivity/limit_15,EAMS-ABC,3001,0.9326336635089117,0.1250580111368604,75,1522.8,75,1528.075,2,0.9323205000255257,6000
mk06,independent,0.15,sensitivity/limit_15,EAMS-ABC,3002,0.9777509682393918,0.1099226918762225,74,1513.8375,74,1543.35,4,0.7526808001566678,6000
mk06,independent,0.15,sensitivity/limit_15,EAMS-ABC,3003,0.959779057490871,0.11940575384141043,74,1525.5875,74,1552.9625,5,0.8397158000152558,6000
mk06,independent,0.15,sensitivity/limit_15,EAMS-ABC,3004,0.9999568195013268,0.09284937216056467,73,1521.4375,73,1542.7875,2,0.7259511000011116,6000
mk06,independent,0.15,sensitivity/limit_15,EAMS-ABC,3005,0.9766405284031071,0.09912144197128113,74,1516.525,74,1526.075,2,0.8980235999915749,6000
mk06,independent,0.15,sensitivity/limit_15,EAMS-ABC,3006,1.0488648706319594,0.06301555176225462,72,1514.05,72,1546.975,2,0.8141290000639856,6000
mk06,independent,0.15,sensitivity/limit_15,EAMS-ABC,3007,1.1000375252082613,0.0605629717916386,70,1521.35,70,1548.0875,4,0.6688813001383096,6000
mk06,independent,0.15,sensitivity/limit_15,EAMS-ABC,3008,0.9053847201122159,0.1478264621427751,76,1518.0375,76,1518.9375,2,0.7627015998587012,6000
mk06,independent,0.15,sensitivity/limit_15,EAMS-ABC,3009,0.869186672365594,0.19180325353028285,77,1517.175,77,1561.4375,3,0.815089900046587,6000
mk06,independent,0.15,sensitivity/limit_30,EAMS-ABC,3000,1.017895479236772,0.07312674648297354,73,1512.2875,73,1520.925,3,0.7945931998547167,6000
mk06,independent,0.15,sensitivity/limit_30,EAMS-ABC,3001,0.9654839626043924,0.10042885245362147,74,1524.3625,74,1525.075,4,0.8068103000987321,6000
mk06,independent,0.15,sensitivity/limit_30,EAMS-ABC,3002,1.0137097134194677,0.09634963244916941,73,1511.4,73,1552.9875,5,0.804709600051865,6000
mk06,independent,0.15,sensitivity/limit_30,EAMS-ABC,3003,0.9270344023621314,0.13103481933166927,75,1526.6,75,1538.5375,3,0.6881085999775678,6000
mk06,independent,0.15,sensitivity/limit_30,EAMS-ABC,3004,0.9999318157867697,0.09125721768626083,73,1522.7125,73,1542.8875,3,0.9080037998501211,6000
mk06,independent,0.15,sensitivity/limit_30,EAMS-ABC,3005,0.9742611173256762,0.09788626112544073,74,1517.925,74,1523.05,3,0.7432164999190718,6000
mk06,independent,0.15,sensitivity/limit_30,EAMS-ABC,3006,1.049106595024261,0.06292504706303087,72,1513.8875,72,1547.0875,2,0.719738099956885,6000
mk06,independent,0.15,sensitivity/limit_30,EAMS-ABC,3007,1.1179810285952172,0.05322297388520213,70,1509.15,70,1545.125,5,0.8255604999139905,6000
mk06,independent,0.15,sensitivity/limit_30,EAMS-ABC,3008,0.8333699639933424,0.20405280404905296,78,1519.9875,78,1522.9125,2,0.8085727000143379,6000
mk06,independent,0.15,sensitivity/limit_30,EAMS-ABC,3009,0.9414056473049338,0.12264510135663147,75,1516.35,75,1522.125,2,0.7429299999494106,6000
mk06,independent,0.15,sensitivity/limit_60,EAMS-ABC,3000,1.017895479236772,0.07312674648297354,73,1512.2875,73,1520.925,3,0.657479900168255,6000
mk06,independent,0.15,sensitivity/limit_60,EAMS-ABC,3001,0.9654839626043924,0.10042885245362147,74,1524.3625,74,1525.075,4,0.7601511999964714,6000
mk06,independent,0.15,sensitivity/limit_60,EAMS-ABC,3002,1.0137097134194677,0.09634963244916941,73,1511.4,73,1552.9875,5,0.8276657999958843,6000
mk06,independent,0.15,sensitivity/limit_60,EAMS-ABC,3003,0.9270344023621314,0.13103481933166927,75,1526.6,75,1538.5375,3,0.9367340998724103,6000
mk06,independent,0.15,sensitivity/limit_60,EAMS-ABC,3004,0.9999318157867697,0.09125721768626083,73,1522.7125,73,1542.8875,3,0.8233489999547601,6000
mk06,independent,0.15,sensitivity/limit_60,EAMS-ABC,3005,0.9742611173256762,0.09788626112544073,74,1517.925,74,1523.05,3,0.8378647998906672,6000
mk06,independent,0.15,sensitivity/limit_60,EAMS-ABC,3006,1.0463680991875106,0.06390086864420073,72,1515.7375,72,1545.55,2,0.8162236998323351,6000
mk06,independent,0.15,sensitivity/limit_60,EAMS-ABC,3007,1.1179810285952172,0.05322297388520213,70,1509.15,70,1545.125,5,0.7224135999567807,6000
mk06,independent,0.15,sensitivity/limit_60,EAMS-ABC,3008,0.8332309381040252,0.20331127964109924,78,1520.2875,78,1520.925,2,0.7440696000121534,6000
mk06,independent,0.15,sensitivity/limit_60,EAMS-ABC,3009,0.9414763384350952,0.12245519403498281,75,1516.35,75,1521.7875,2,0.7568268999457359,6000
mk06,independent,0.15,sensitivity/reconstruction_0.1,EAMS-ABC,3000,1.017895479236772,0.07312674648297354,73,1512.2875,73,1520.925,3,0.7807960000354797,6000
mk06,independent,0.15,sensitivity/reconstruction_0.1,EAMS-ABC,3001,0.9654839626043924,0.10042885245362147,74,1524.3625,74,1525.075,4,0.8353470000438392,6000
mk06,independent,0.15,sensitivity/reconstruction_0.1,EAMS-ABC,3002,1.0137097134194677,0.09634963244916941,73,1511.4,73,1552.9875,5,0.7076318000908941,6000
mk06,independent,0.15,sensitivity/reconstruction_0.1,EAMS-ABC,3003,0.9270344023621314,0.13103481933166927,75,1526.6,75,1538.5375,3,0.8251150001306087,6000
mk06,independent,0.15,sensitivity/reconstruction_0.1,EAMS-ABC,3004,0.9999318157867697,0.09125721768626083,73,1522.7125,73,1542.8875,3,0.8728783999104053,6000
mk06,independent,0.15,sensitivity/reconstruction_0.1,EAMS-ABC,3005,0.9742611173256762,0.09788626112544073,74,1517.925,74,1523.05,3,0.7678888998925686,6000
mk06,independent,0.15,sensitivity/reconstruction_0.1,EAMS-ABC,3006,1.0131142715573587,0.07292096659970444,73,1515.7375,73,1515.7375,1,0.7667362000793219,6000
mk06,independent,0.15,sensitivity/reconstruction_0.1,EAMS-ABC,3007,1.1179810285952172,0.05322297388520213,70,1509.15,70,1545.125,5,0.7822210001759231,6000
mk06,independent,0.15,sensitivity/reconstruction_0.1,EAMS-ABC,3008,0.9667596756848043,0.11182198924249896,74,1519.9875,74,1543.5375,3,0.8291893000714481,6000
mk06,independent,0.15,sensitivity/reconstruction_0.1,EAMS-ABC,3009,0.9408859365887474,0.12599049784987584,75,1516.35,75,1530.25,3,0.757137699984014,6000
mk06,independent,0.15,sensitivity/reconstruction_0.2,EAMS-ABC,3000,1.017895479236772,0.07312674648297354,73,1512.2875,73,1520.925,3,0.7009045002050698,6000
mk06,independent,0.15,sensitivity/reconstruction_0.2,EAMS-ABC,3001,0.9654839626043924,0.10042885245362147,74,1524.3625,74,1525.075,4,0.8235454999376088,6000
mk06,independent,0.15,sensitivity/reconstruction_0.2,EAMS-ABC,3002,1.0137097134194677,0.09634963244916941,73,1511.4,73,1552.9875,5,0.7915610000491142,6000
mk06,independent,0.15,sensitivity/reconstruction_0.2,EAMS-ABC,3003,0.9270344023621314,0.13103481933166927,75,1526.6,75,1538.5375,3,0.7564540999010205,6000
mk06,independent,0.15,sensitivity/reconstruction_0.2,EAMS-ABC,3004,0.9999318157867697,0.09125721768626083,73,1522.7125,73,1542.8875,3,0.7841155999340117,6000
mk06,independent,0.15,sensitivity/reconstruction_0.2,EAMS-ABC,3005,0.9742611173256762,0.09788626112544073,74,1517.925,74,1523.05,3,0.8468134999275208,6000
mk06,independent,0.15,sensitivity/reconstruction_0.2,EAMS-ABC,3006,1.049106595024261,0.06292504706303087,72,1513.8875,72,1547.0875,2,0.7994518000632524,6000
mk06,independent,0.15,sensitivity/reconstruction_0.2,EAMS-ABC,3007,1.1179810285952172,0.05322297388520213,70,1509.15,70,1545.125,5,0.9468005998060107,6000
mk06,independent,0.15,sensitivity/reconstruction_0.2,EAMS-ABC,3008,0.8333699639933424,0.20405280404905296,78,1519.9875,78,1522.9125,2,0.8633636999875307,6000
mk06,independent,0.15,sensitivity/reconstruction_0.2,EAMS-ABC,3009,0.9414056473049338,0.12264510135663147,75,1516.35,75,1522.125,2,0.8112129000946879,6000
mk06,independent,0.15,sensitivity/reconstruction_0.3,EAMS-ABC,3000,1.017895479236772,0.07312674648297354,73,1512.2875,73,1520.925,3,0.7920005999039859,6000
mk06,independent,0.15,sensitivity/reconstruction_0.3,EAMS-ABC,3001,0.9654839626043924,0.10042885245362147,74,1524.3625,74,1525.075,4,0.797265499830246,6000
mk06,independent,0.15,sensitivity/reconstruction_0.3,EAMS-ABC,3002,1.0137097134194677,0.09634963244916941,73,1511.4,73,1552.9875,5,0.9019943999592215,6000
mk06,independent,0.15,sensitivity/reconstruction_0.3,EAMS-ABC,3003,0.9270344023621314,0.13103481933166927,75,1526.6,75,1538.5375,3,0.815247799968347,6000
mk06,independent,0.15,sensitivity/reconstruction_0.3,EAMS-ABC,3004,0.9999318157867697,0.09125721768626083,73,1522.7125,73,1542.8875,3,0.7266905000433326,6000
mk06,independent,0.15,sensitivity/reconstruction_0.3,EAMS-ABC,3005,0.9742611173256762,0.09788626112544073,74,1517.925,74,1523.05,3,0.7081440000329167,6000
mk06,independent,0.15,sensitivity/reconstruction_0.3,EAMS-ABC,3006,1.04599107982665,0.06589300719845168,72,1515.7375,72,1552.75,2,0.7572625000029802,6000
mk06,independent,0.15,sensitivity/reconstruction_0.3,EAMS-ABC,3007,1.1179810285952172,0.05322297388520213,70,1509.15,70,1545.125,5,0.8482568999752402,6000
mk06,independent,0.15,sensitivity/reconstruction_0.3,EAMS-ABC,3008,0.8640714490961685,0.1987988751303611,77,1520.2875,77,1583.7625,3,0.679879599949345,6000
mk06,independent,0.15,sensitivity/reconstruction_0.3,EAMS-ABC,3009,0.9408872456837506,0.12409327782636023,75,1516.35,75,1524.6,2,0.8707512,6000
mk06,independent,0.15,sensitivity/rho_0.1,EAMS-ABC,3000,0.9760169409984341,0.11171269095338439,74,1514.3625,74,1546.2625,4,0.726033000042662,6000
mk06,independent,0.15,sensitivity/rho_0.1,EAMS-ABC,3001,1.04788815485023,0.05514386983424981,72,1515.7,72,1516.3375,2,0.6844290001317859,6000
mk06,independent,0.15,sensitivity/rho_0.1,EAMS-ABC,3002,1.0438439022027493,0.06318372205850901,72,1516.9125,72,1531.0625,5,0.8628106999676675,6000
mk06,independent,0.15,sensitivity/rho_0.1,EAMS-ABC,3003,1.0913499125851815,0.12082869968899047,69,1537.1,71,1599.9625,8,0.9298734001349658,6000
mk06,independent,0.15,sensitivity/rho_0.1,EAMS-ABC,3004,1.0154375224591614,0.0748148626676627,73,1513.5625,73,1519.95,3,0.8983779998961836,6000
mk06,independent,0.15,sensitivity/rho_0.1,EAMS-ABC,3005,1.0102366189217904,0.08764704501021195,73,1515.6625,73,1546.6875,5,0.7828265998978168,6000
mk06,independent,0.15,sensitivity/rho_0.1,EAMS-ABC,3006,0.9464999250543114,0.11847283850154088,75,1513.6125,75,1513.6125,1,0.792105499887839,6000
mk06,independent,0.15,sensitivity/rho_0.1,EAMS-ABC,3007,0.8560446021758471,0.18606275452850193,77,1527.9375,77,1544.8875,2,0.8884433000348508,6000
mk06,independent,0.15,sensitivity/rho_0.1,EAMS-ABC,3008,0.8907722744151132,0.16934620099057027,76,1524.6,76,1561.425,2,0.8346621000673622,6000
mk06,independent,0.15,sensitivity/rho_0.1,EAMS-ABC,3009,1.063219490068224,0.047436769450831924,72,1505.85,72,1511.4625,2,0.7431638000998646,6000
mk06,independent,0.15,sensitivity/rho_0.2,EAMS-ABC,3000,1.017895479236772,0.07312674648297354,73,1512.2875,73,1520.925,3,0.8058201000094414,6000
mk06,independent,0.15,sensitivity/rho_0.2,EAMS-ABC,3001,0.9654839626043924,0.10042885245362147,74,1524.3625,74,1525.075,4,0.7792187000159174,6000
mk06,independent,0.15,sensitivity/rho_0.2,EAMS-ABC,3002,1.0137097134194677,0.09634963244916941,73,1511.4,73,1552.9875,5,0.7763805999420583,6000
mk06,independent,0.15,sensitivity/rho_0.2,EAMS-ABC,3003,0.9270344023621314,0.13103481933166927,75,1526.6,75,1538.5375,3,0.7950852999929339,6000
mk06,independent,0.15,sensitivity/rho_0.2,EAMS-ABC,3004,0.9999318157867697,0.09125721768626083,73,1522.7125,73,1542.8875,3,0.7442928999662399,6000
mk06,independent,0.15,sensitivity/rho_0.2,EAMS-ABC,3005,0.9742611173256762,0.09788626112544073,74,1517.925,74,1523.05,3,0.6877912001218647,6000
mk06,independent,0.15,sensitivity/rho_0.2,EAMS-ABC,3006,1.049106595024261,0.06292504706303087,72,1513.8875,72,1547.0875,2,0.8416391999926418,6000
mk06,independent,0.15,sensitivity/rho_0.2,EAMS-ABC,3007,1.1179810285952172,0.05322297388520213,70,1509.15,70,1545.125,5,0.8052789000794291,6000
mk06,independent,0.15,sensitivity/rho_0.2,EAMS-ABC,3008,0.8333699639933424,0.20405280404905296,78,1519.9875,78,1522.9125,2,0.7936843000352383,6000
mk06,independent,0.15,sensitivity/rho_0.2,EAMS-ABC,3009,0.9414056473049338,0.12264510135663147,75,1516.35,75,1522.125,2,0.8487619000952691,6000
mk06,independent,0.15,sensitivity/rho_0.4,EAMS-ABC,3000,0.7936255124288755,0.23568243131665767,79,1523.3875,79,1529.8125,2,0.6785811998415738,6000
mk06,independent,0.15,sensitivity/rho_0.4,EAMS-ABC,3001,1.0345711241133337,0.06302224338476127,72,1524,72,1524.8,2,0.8200362999923527,6000
mk06,independent,0.15,sensitivity/rho_0.4,EAMS-ABC,3002,0.9048421656882274,0.14770175118336473,76,1518.525,76,1518.6375,2,0.838107299990952,6000
mk06,independent,0.15,sensitivity/rho_0.4,EAMS-ABC,3003,0.8315631510702184,0.20468635194106177,78,1521.5375,78,1524.5375,2,0.8581675998866558,6000
mk06,independent,0.15,sensitivity/rho_0.4,EAMS-ABC,3004,0.9831748761105217,0.09564261609916357,74,1511.65,74,1521.525,3,0.8672919000964612,6000
mk06,independent,0.15,sensitivity/rho_0.4,EAMS-ABC,3005,1.081340768556586,0.060259460214033396,71,1511.9875,71,1540.8125,3,0.8834037999622524,6000
mk06,independent,0.15,sensitivity/rho_0.4,EAMS-ABC,3006,0.9254986375593759,0.1412513831194796,75,1524.2625,75,1553.1125,4,0.7847917000763118,6000
mk06,independent,0.15,sensitivity/rho_0.4,EAMS-ABC,3007,1.0335938846936035,0.07712011287887559,72,1522.75,72,1553.775,5,0.87194520002231,6000
mk06,independent,0.15,sensitivity/rho_0.4,EAMS-ABC,3008,0.9766418374981102,0.09733542323758439,74,1516.15,74,1522.8375,2,0.8130401000380516,6000
mk06,independent,0.15,sensitivity/rho_0.4,EAMS-ABC,3009,1.0182292984625338,0.07371340693347397,73,1511.9125,73,1518.725,2,0.753452500095591,6000
mk07,independent,0.15,ablation,no-adaptive,1000,1.022814543872048,0.04652680774253377,156,2275.325,157,2349.375,8,1.3532823999412358,6000
mk07,independent,0.15,ablation,no-adaptive,1001,1.019382007721869,0.0499046882698267,156,2275.0875,156,2332.55,7,1.38494380004704,6000
mk07,independent,0.15,ablation,no-adaptive,1002,1.003138524285044,0.06369412645926951,157,2275.3125,162,2331.7375,8,1.1814377999398857,6000
mk07,independent,0.15,ablation,no-adaptive,1003,1.05136136152337,0.05679398003962458,150,2295.325,158,2371.6,15,1.3068498000502586,6000
mk07,independent,0.15,ablation,no-adaptive,1004,0.9525097512421706,0.0791555644681596,162,2272.2125,162,2310.65,5,1.354004600085318,6000
mk07,independent,0.15,ablation,no-adaptive,1005,0.9621770131437214,0.06930928348054927,162,2267.75,162,2306.3875,5,1.4131223999429494,6000
mk07,independent,0.15,ablation,no-adaptive,1006,1.0175300809411545,0.05255959265759074,156,2278.0625,156,2359.75,11,1.235684699844569,6000
mk07,independent,0.15,ablation,no-adaptive,1007,1.0945201615586166,0.02854177641358845,150,2264.1375,158,2341.45,13,1.407332400092855,6000
mk07,independent,0.15,ablation,no-adaptive,1008,1.0841474294304982,0.026366514497579104,151,2269.2375,157,2330.4125,10,1.3088746999856085,6000
mk07,independent,0.15,ablation,no-adaptive,1009,1.0192443933729316,0.05044986378308742,156,2275.6625,157,2339.275,9,1.336081099929288,6000
mk07,independent,0.15,ablation,no-adaptive,1010,0.9529463767099516,0.07524515776263377,162,2275.375,162,2320.55,5,1.3119866999331862,6000
mk07,independent,0.15,ablation,no-adaptive,1011,1.012361473017517,0.05879690829837809,156,2279.2125,156,2376.5,15,1.3220619999337941,6000
mk07,independent,0.15,ablation,no-adaptive,1012,1.0848049751565856,0.033356110421995856,150,2273.425,156,2339.2,13,1.3570183000992984,6000
mk07,independent,0.15,ablation,no-adaptive,1013,1.0254003089466857,0.04710334323916682,156,2271.6875,158,2352,11,1.2306403000839055,6000
mk07,independent,0.15,ablation,no-adaptive,1014,1.09119664690343,0.03944010854967337,149,2271.1625,156,2363.35,14,1.3828219000715762,6000
mk07,independent,0.15,ablation,no-adaptive,1015,1.021141277471169,0.05327912518171553,156,2270.9375,156,2384.6,12,1.3393642001319677,6000
mk07,independent,0.15,ablation,no-adaptive,1016,1.0320441462875147,0.04904794909637783,156,2262.8,156,2361.5875,13,1.4252147001679987,6000
mk07,independent,0.15,ablation,no-adaptive,1017,0.9991672645989896,0.06628146580402892,156,2289.75,156,2363.5,14,1.4082432000432163,6000
mk07,independent,0.15,ablation,no-adaptive,1018,1.0294302379321072,0.0471692318550776,156,2266.325,158,2342.925,8,1.3148523001000285,6000
mk07,independent,0.15,ablation,no-adaptive,1019,1.03205457638518,0.050491701145721456,155,2272.475,160,2343.45,13,1.3898374000564218,6000
mk07,independent,0.15,ablation,no-adaptive,1020,1.021844994362352,0.0502184395068755,156,2274.275,157,2349.925,12,1.3812057999894023,6000
mk07,independent,0.15,ablation,no-adaptive,1021,1.089129959016909,0.03433847120145268,150,2269.2125,153,2366.675,14,1.3553862001281232,6000
mk07,independent,0.15,ablation,no-adaptive,1022,0.9553044329713367,0.07817551379514345,162,2270.3,163,2307.75,6,1.3669150997884572,6000
mk07,independent,0.15,ablation,no-adaptive,1023,1.0245005781511032,0.0451048417489579,156,2272.35,156,2365.75,6,1.3866848000325263,6000
mk07,independent,0.15,ablation,no-adaptive,1024,1.0175223482825404,0.055681414962219726,156,2275.15,156,2373.4,7,1.294790399959311,6000
mk07,independent,0.15,ablation,no-adaptive,1025,1.0314515189279299,0.04787536415289616,156,2262.825,157,2349.5,12,1.3575112000107765,6000
mk07,independent,0.15,ablation,no-adaptive,1026,1.0700797452898216,0.0395983849972308,150,2286.4625,153,2369.5,16,1.313912200042978,6000
mk07,independent,0.15,ablation,no-adaptive,1027,1.0191413062438524,0.05212009203031038,156,2276.075,156,2338.85,9,1.3937838999554515,6000
mk07,independent,0.15,ablation,no-adaptive,1028,1.0860907094804195,0.032615021623982145,150,2273.125,156,2358.7875,14,1.295543200103566,6000
mk07,independent,0.15,ablation,no-adaptive,1029,1.0705184387942084,0.039929457706063695,150,2284.4875,156,2365.8,12,1.3445327000226825,6000
mk07,independent,0.15,ablation,no-critical,1000,1.0498774103865787,0.056960622868889164,150,2298.05,156,2379.225,16,1.154748999979347,6000
mk07,independent,0.15,ablation,no-critical,1001,1.0216030340794446,0.051828843751335375,156,2272.2375,156,2367.775,8,1.1317378000821918,6000
mk07,independent,0.15,ablation,no-critical,1002,0.9596943801554801,0.0748087515712583,162,2267.3375,162,2311.75,5,1.0686365000437945,6000
mk07,independent,0.15,ablation,no-critical,1003,1.0178704977494366,0.05956898561349507,156,2273.225,157,2353.375,14,1.1065499000251293,6000
mk07,independent,0.15,ablation,no-critical,1004,1.005081534591059,0.057462885959324785,156,2288.0875,156,2372.4625,9,1.1387029001489282,6000
mk07,independent,0.15,ablation,no-critical,1005,1.0274965787481363,0.04911116209828508,156,2269.025,156,2361.025,13,1.1481233001686633,6000
mk07,independent,0.15,ablation,no-critical,1006,1.0174506413610915,0.05187928840020247,156,2273.4625,156,2356.9125,7,1.115066200029105,6000
mk07,independent,0.15,ablation,no-critical,1007,1.014466194794662,0.06255129422107529,156,2272.7625,156,2356.5,12,1.0550207998603582,6000
mk07,independent,0.15,ablation,no-critical,1008,1.0088038656099896,0.05144643995076502,157,2277.675,157,2332.5875,4,1.0862189999315888,6000
mk07,independent,0.15,ablation,no-critical,1009,1.0054037436857446,0.05890666438471063,156,2288.25,156,2356.5,12,1.1152786000166088,6000
mk07,independent,0.15,ablation,no-critical,1010,1.0929935459274962,0.02900037891231141,150,2265.475,156,2356.5,15,1.1264978998806328,6000
mk07,independent,0.15,ablation,no-critical,1011,1.0243966368329906,0.04796740611631794,156,2272,156,2358.975,8,1.137463300023228,6000
mk07,independent,0.15,ablation,no-critical,1012,1.0244526086933066,0.0510951974329686,156,2268.875,156,2360.625,9,1.225033299997449,6000
mk07,independent,0.15,ablation,no-critical,1013,1.0365418112044424,0.039988795351978544,156,2264.45,156,2330.3,8,1.192375199869275,6000
mk07,independent,0.15,ablation,no-critical,1014,1.0756810673946156,0.038546545098735105,150,2281.0625,156,2362.8,9,1.1028098000679165,6000
mk07,independent,0.15,ablation,no-critical,1015,1.0318778042126802,0.04965166740868298,156,2262.05,156,2356.5,13,1.2132623000070453,6000
mk07,independent,0.15,ablation,no-critical,1016,1.1261969076558713,0.042824337885466794,145,2268,154,2383.75,17,1.208230100106448,6000
mk07,independent,0.15,ablation,no-critical,1017,1.0832414945250979,0.03497985996932206,150,2272.3875,158,2341.8,15,1.1138434000313282,6000
mk07,independent,0.15,ablation,no-critical,1018,0.9631470122265918,0.07102529215833879,162,2266.175,162,2304.55,6,1.1339736999943852,6000
mk07,independent,0.15,ablation,no-critical,1019,1.0884128898024217,0.03290964157257263,150,2269.4625,158,2335.075,15,1.0736467000097036,6000
mk07,independent,0.15,ablation,no-critical,1020,0.9549896867913603,0.07464609889011684,162,2273.5625,162,2320.25,6,1.1893613999709487,6000
mk07,independent,0.15,ablation,no-critical,1021,1.1172407356455776,0.018126308739625535,146,2289.3,156,2330,8,1.0489182998426259,6000
mk07,independent,0.15,ablation,no-critical,1022,1.0126824233073122,0.05823313207234835,156,2278.5375,158,2347.9625,11,1.1588848000392318,6000
mk07,independent,0.15,ablation,no-critical,1023,1.0300268664929515,0.04473230651965463,156,2267.75,157,2340.25,8,1.2071793000213802,6000
mk07,independent,0.15,ablation,no-critical,1024,1.0253366943423914,0.05130082449179562,156,2270.125,156,2371.0125,12,1.2211683997884393,6000
mk07,independent,0.15,ablation,no-critical,1025,1.0586882353893212,0.04583341173491367,150,2294.7125,156,2361,9,1.1607359000481665,6000
mk07,independent,0.15,ablation,no-critical,1026,0.9530207810704517,0.07586730372470094,162,2273.375,162,2302.9,5,1.182053100084886,6000
mk07,independent,0.15,ablation,no-critical,1027,0.9429607270857046,0.08870690559571821,162,2274.925,162,2316.7,9,1.1496431999839842,6000
mk07,independent,0.15,ablation,no-critical,1028,1.0079733241260744,0.0660779965950202,156,2275.8,156,2371.3125,12,1.178631099872291,6000
mk07,independent,0.15,ablation,no-critical,1029,0.943549847774523,0.0855910986993128,162,2278.625,162,2332.7125,10,1.1490156999789178,6000
mk07,independent,0.15,ablation,no-exchange,1000,1.016279997770117,0.07953638095757612,150,2319.9,153,2403.55,13,1.500503099989146,6000
mk07,independent,0.15,ablation,no-exchange,1001,1.003549973655012,0.08510916300731132,150,2329.0625,158,2360.0875,10,1.571017000125721,6000
mk07,independent,0.15,ablation,no-exchange,1002,0.9557515784514179,0.0942793053216326,156,2317.55,163,2369.0625,9,1.492516300175339,6000
mk07,independent,0.15,ablation,no-exchange,1003,0.9975707852964394,0.08582848399502604,152,2316.3125,158,2368.85,8,1.5274608000181615,6000
mk07,independent,0.15,ablation,no-exchange,1004,0.9295508134577035,0.10667517080413984,156,2342.7,159,2355.65,8,1.5905074998736382,6000
mk07,independent,0.15,ablation,no-exchange,1005,0.9631636014767582,0.09616519024198909,156,2305.325,158,2411.1125,9,1.6666901998687536,6000
mk07,independent,0.15,ablation,no-exchange,1006,0.9738705463033394,0.10689007801790461,152,2326.4625,162,2372.1125,14,1.6157167998608202,6000
mk07,independent,0.15,ablation,no-exchange,1007,0.9557371471524932,0.10636612325754094,154,2323.3375,162,2357.4375,10,1.4986292999237776,6000
mk07,independent,0.15,ablation,no-exchange,1008,0.947536258076582,0.10487429241147546,156,2320.1875,162,2374.575,9,1.5537084999959916,6000
mk07,independent,0.15,ablation,no-exchange,1009,1.029576708872596,0.07899441141574881,149,2315.0625,156,2370.475,11,1.5512180000077933,6000
mk07,independent,0.15,ablation,no-exchange,1010,0.9654931547988339,0.1139939013459554,153,2321.0875,162,2385.3375,14,1.5661452999338508,6000
mk07,independent,0.15,ablation,no-exchange,1011,0.9539513975431726,0.10137757340461837,156,2316.575,158,2390,11,1.4642901001498103,6000
mk07,independent,0.15,ablation,no-exchange,1012,0.9445140923207508,0.09666886121103938,156,2329.5375,162,2341.875,6,1.5064900999423116,6000
mk07,independent,0.15,ablation,no-exchange,1013,0.9650791428617671,0.11305559951248174,152,2334.275,158,2380.6,12,1.6532171999569982,6000
mk07,independent,0.15,ablation,no-exchange,1014,0.9447272349631258,0.10082175016641397,156,2327.3375,156,2389.15,9,1.600034800125286,6000
mk07,independent,0.15,ablation,no-exchange,1015,0.9349231679443535,0.11295242976484955,156,2329.65,162,2362.7,11,1.6029755999334157,6000
mk07,independent,0.15,ablation,no-exchange,1016,0.9585156442473513,0.09645622322532664,156,2313.7125,158,2398.975,9,1.4955675001256168,6000
mk07,independent,0.15,ablation,no-exchange,1017,0.9395980096496384,0.1233893406727166,155,2321.2375,162,2387.65,16,1.5241164998151362,6000
mk07,independent,0.15,ablation,no-exchange,1018,0.9651542215820299,0.11115858246816998,154,2314.375,163,2354.55,15,1.5616065999493003,6000
mk07,independent,0.15,ablation,no-exchange,1019,0.9185265598840462,0.11735608938428661,156,2346.0875,162,2365.2,9,1.736787100089714,6000
mk07,independent,0.15,ablation,no-exchange,1020,0.9371533655947044,0.11133123066834683,156,2331.625,163,2363.95,15,1.5088563000317663,6000
mk07,independent,0.15,ablation,no-exchange,1021,0.9561670290226458,0.09611573088788242,155,2321.55,163,2337.375,8,1.6666221998166293,6000
mk07,independent,0.15,ablation,no-exchange,1022,0.9572562998689048,0.1036383524656265,154,2330.2625,162,2351.175,10,1.5607306000310928,6000
mk07,independent,0.15,ablation,no-exchange,1023,1.0227031396392263,0.06897574979113803,151,2306.925,162,2339.875,8,1.4653959998395294,6000
mk07,independent,0.15,ablation,no-exchange,1024,1.0134032239791544,0.08378911698282417,150,2313.7625,162,2378.35,8,1.6109875000547618,6000
mk07,independent,0.15,ablation,no-exchange,1025,0.9169947292040934,0.11495538596857521,157,2336.7375,158,2419.3125,9,1.6088690999895334,6000
mk07,independent,0.15,ablation,no-exchange,1026,1.0113630159526543,0.08131885755853198,150,2318.4,162,2358.35,12,1.5889574999455363,6000
mk07,independent,0.15,ablation,no-exchange,1027,0.9545531961955319,0.09713972827661908,155,2325.1375,156,2399.4125,9,1.5406363001093268,6000
mk07,independent,0.15,ablation,no-exchange,1028,0.9807839027627171,0.10554626984375524,153,2311.3125,161,2365,10,1.602295600110665,6000
mk07,independent,0.15,ablation,no-exchange,1029,0.9637108219456448,0.10853231302831838,153,2326.275,162,2365.075,12,1.588450500043109,6000
mk07,independent,0.15,ablation,no-gap,1000,0.9856393380124907,0.06882976297139685,158,2281.2375,162,2313.9875,11,1.2857467997819185,6000
mk07,independent,0.15,ablation,no-gap,1001,0.9981384613447989,0.0731939633768521,156,2283.9875,156,2358.3,12,1.1424965998157859,6000
mk07,independent,0.15,ablation,no-gap,1002,1.0286491944547842,0.04991270054739324,156,2265.675,157,2361.175,13,1.0799568998627365,6000
mk07,independent,0.15,ablation,no-gap,1003,1.019603422510668,0.05004748641793539,156,2278.2125,156,2330,6,1.1333808000199497,6000
mk07,independent,0.15,ablation,no-gap,1004,1.003813558407648,0.061118592148529716,156,2285.575,156,2364.9375,8,1.090712099801749,6000
mk07,independent,0.15,ablation,no-gap,1005,0.9586395016571267,0.07318588927616322,162,2269.325,162,2300.75,4,1.2616342001128942,6000
mk07,independent,0.15,ablation,no-gap,1006,1.0890269618024648,0.03810877099934564,150,2263.725,156,2342.275,14,1.2395983999595046,6000
mk07,independent,0.15,ablation,no-gap,1007,1.0233959319022516,0.05150717210193515,156,2269.8,156,2358.6,8,1.2166228999849409,6000
mk07,independent,0.15,ablation,no-gap,1008,1.0272086271294028,0.04812512274536414,156,2268.9,156,2356.8,10,1.122145300032571,6000
mk07,independent,0.15,ablation,no-gap,1009,1.1204128340553476,0.03260025845209951,146,2272.7625,156,2365.75,11,1.2157895001582801,6000
mk07,independent,0.15,ablation,no-gap,1010,1.0570129908664716,0.041526363023008585,154,2255.8875,158,2354.3,12,1.2350286999717355,6000
mk07,independent,0.15,ablation,no-gap,1011,1.0217272961050776,0.057057629020245346,156,2269.0625,156,2377.15,10,1.2713023000396788,6000
mk07,independent,0.15,ablation,no-gap,1012,1.001743408807678,0.05934209787835445,156,2289.1,156,2372.8875,8,1.1995641998946667,6000
mk07,independent,0.15,ablation,no-gap,1013,1.0192203861653744,0.05194366601741472,156,2275.4,158,2343.925,10,1.2349910999182612,6000
mk07,independent,0.15,ablation,no-gap,1014,1.0816317078565607,0.03757753269590861,150,2274.1625,156,2334.125,11,1.1870528999716043,6000
mk07,independent,0.15,ablation,no-gap,1015,1.0563808010674662,0.03415354392661282,152,2286.25,156,2330,7,1.2795702000148594,6000
mk07,independent,0.15,ablation,no-gap,1016,1.0327782543253434,0.04145389010530547,156,2267.75,156,2330,8,1.2011518001090735,6000
mk07,independent,0.15,ablation,no-gap,1017,1.0243772602291386,0.0527787229528963,156,2265.825,156,2366.05,9,1.1417690000962466,6000
mk07,independent,0.15,ablation,no-gap,1018,0.9665937998464261,0.06978326205671759,162,2262.575,162,2301.575,5,1.2610765998251736,6000
mk07,independent,0.15,ablation,no-gap,1019,0.9578567947590558,0.07582169051316377,162,2268.3875,163,2303.375,7,1.2064490001648664,6000
mk07,independent,0.15,ablation,no-gap,1020,0.9601437735014379,0.07299945310555836,162,2268.3875,162,2300.75,6,1.287173799937591,6000
mk07,independent,0.15,ablation,no-gap,1021,1.013216830940705,0.0554497242849391,156,2279.5125,156,2330,10,1.2111122000496835,6000
mk07,independent,0.15,ablation,no-gap,1022,1.055424109350582,0.040369394821992685,153,2271.425,156,2349.9,11,1.2666225000284612,6000
mk07,independent,0.15,ablation,no-gap,1023,1.033178824024471,0.044675627816094306,156,2264.4375,156,2345.675,12,1.20327079994604,6000
mk07,independent,0.15,ablation,no-gap,1024,1.0257755676760483,0.04547694204467231,156,2273.225,157,2347.25,11,1.2055321000516415,6000
mk07,independent,0.15,ablation,no-gap,1025,1.022573078119633,0.050481898637869074,156,2271.4625,159,2339.05,13,1.191714599961415,6000
mk07,independent,0.15,ablation,no-gap,1026,1.0086481784194088,0.06198687163599626,156,2280.725,156,2356.5,12,1.271419399883598,6000
mk07,independent,0.15,ablation,no-gap,1027,0.9503838545684726,0.0789090395899684,162,2274.9875,163,2312,6,1.2121023000217974,6000
mk07,independent,0.15,ablation,no-gap,1028,0.9904189752249216,0.0651387121693451,156,2298.8875,157,2372.1,7,1.2916492000222206,6000
mk07,independent,0.15,ablation,no-gap,1029,1.0113140574338724,0.05201427986595269,156,2285.5,156,2332.2875,7,1.2474007999990135,6000
mk07,independent,0.15,ablation,no-rebuild,1000,0.9590175926974931,0.07351559738898714,162,2268.7625,162,2306.35,6,1.2291928001213819,6000
mk07,independent,0.15,ablation,no-rebuild,1001,0.9614626413682849,0.07119757919647553,162,2267.75,162,2313.35,5,1.3063274000305682,6000
mk07,independent,0.15,ablation,no-rebuild,1002,0.9622308720101135,0.07513585873178216,162,2263.025,162,2305.75,6,1.2530209000688046,6000
mk07,independent,0.15,ablation,no-rebuild,1003,0.9609257610824281,0.07365540370258193,162,2266.2125,162,2308.525,4,1.2985753000248224,6000
mk07,independent,0.15,ablation,no-rebuild,1004,0.986239653073372,0.07196713998268005,156,2298.5375,158,2336.2625,10,1.3705542001407593,6000
mk07,independent,0.15,ablation,no-rebuild,1005,1.0313679882319724,0.04760124306479666,156,2264.3,156,2366.95,9,1.361777399899438,6000
mk07,independent,0.15,ablation,no-rebuild,1006,0.9593630447253375,0.07830649751149805,162,2264.9,162,2312.35,9,1.3110293000936508,6000
mk07,independent,0.15,ablation,no-rebuild,1007,1.026824781552394,0.05233204220673524,156,2267.25,156,2361,9,1.33526620012708,6000
mk07,independent,0.15,ablation,no-rebuild,1008,0.9638816147949136,0.07272851226474153,162,2262.175,162,2300.75,5,1.3583255999255925,6000
mk07,independent,0.15,ablation,no-rebuild,1009,0.9511528944420168,0.07987833572098922,162,2274.85,162,2323.3125,9,1.1733182000461966,6000
mk07,independent,0.15,ablation,no-rebuild,1010,1.0630695957258178,0.04889807773257059,150,2288.075,156,2372.8125,17,1.310519800055772,6000
mk07,independent,0.15,ablation,no-rebuild,1011,1.022261389037248,0.05130090124533155,156,2270.9375,156,2360.625,6,1.346131999976933,6000
mk07,independent,0.15,ablation,no-rebuild,1012,1.0155996137267278,0.05376648079675585,156,2278.25,157,2353.4125,10,1.3165806999895722,6000
mk07,independent,0.15,ablation,no-rebuild,1013,1.0164217032349485,0.05495521653548041,156,2275.9875,156,2367.55,7,1.154399299994111,6000
mk07,independent,0.15,ablation,no-rebuild,1014,1.0836394566998087,0.03434976485873572,150,2272.55,154,2380.4875,13,1.2735130002256483,6000
mk07,independent,0.15,ablation,no-rebuild,1015,0.9569561198598051,0.07246519083353693,162,2272.25,162,2300.75,4,1.2541724999900907,6000
mk07,independent,0.15,ablation,no-rebuild,1016,1.0220304882544513,0.057080569096679176,156,2268.45,157,2342.275,12,1.444322400027886,6000
mk07,independent,0.15,ablation,no-rebuild,1017,1.0281544841327646,0.04788888183238186,156,2268.35,156,2364.4375,11,1.2753176998812705,6000
mk07,independent,0.15,ablation,no-rebuild,1018,0.9655410792993131,0.07271059409283885,162,2260.275,162,2300.75,6,1.2862217999063432,6000
mk07,independent,0.15,ablation,no-rebuild,1019,1.0300825686093624,0.04380152491756367,156,2269.45,159,2334,10,1.3084025999996811,6000
mk07,independent,0.15,ablation,no-rebuild,1020,1.0217782777031488,0.05098484881856843,156,2271.95,162,2329.4,9,1.2113085999153554,6000
mk07,independent,0.15,ablation,no-rebuild,1021,1.1037133485468897,0.03574324448927145,148,2269.325,160,2334.65,16,1.3784354999661446,6000
mk07,independent,0.15,ablation,no-rebuild,1022,1.0250242859429257,0.055877309003339315,156,2265.4875,156,2356.8,10,1.2332244999706745,6000
mk07,independent,0.15,ablation,no-rebuild,1023,1.0467964404594283,0.04450924882999647,154,2268.0125,156,2369.6875,12,1.21709130005911,6000
mk07,independent,0.15,ablation,no-rebuild,1024,1.0207831924371,0.05123861236320416,156,2274.1875,156,2330,7,1.39815319981426,6000
mk07,independent,0.15,ablation,no-rebuild,1025,1.0843081967979602,0.04044994660051145,150,2266.8,158,2365.575,14,1.3227555002085865,6000
mk07,independent,0.15,ablation,no-rebuild,1026,1.010231080612067,0.05496211202100802,157,2272.475,162,2322.6625,8,1.3281307998113334,6000
mk07,independent,0.15,ablation,no-rebuild,1027,1.0236684182037574,0.05066945297483227,156,2269.6625,156,2363.1,6,1.1710332999937236,6000
mk07,independent,0.15,ablation,no-rebuild,1028,1.0223944626971153,0.04769904761384047,156,2274.25,156,2375,6,1.2486399998888373,6000
mk07,independent,0.15,ablation,no-rebuild,1029,1.0389357434052107,0.048603791126458275,154,2275.175,156,2361.525,13,1.2715904999058694,6000
mk07,independent,0.15,main,DABC,1000,0.9306021852852904,0.10486270183230527,160,2299.075,160,2391.7875,7,0.8554473000112921,6000
mk07,independent,0.15,main,DABC,1001,0.8724509740452416,0.1400015332840099,162,2323.625,162,2391.7375,9,0.859736500075087,6000
mk07,independent,0.15,main,DABC,1002,0.8900790979044493,0.11302804350315251,162,2321.0875,162,2378.7875,4,0.7651639999821782,6000
mk07,independent,0.15,main,DABC,1003,0.9411807769703444,0.10334926364441988,158,2305.75,158,2386.0375,7,0.9379840998444706,6000
mk07,independent,0.15,main,DABC,1004,0.8865745850889163,0.1221459198319335,162,2321.6125,162,2363.7,7,0.973998999921605,6000
mk07,independent,0.15,main,DABC,1005,0.8835821810772851,0.12421925629850451,162,2320.625,162,2364.575,5,1.0943004000000656,6000
mk07,independent,0.15,main,DABC,1006,0.9260712069960778,0.11152539940820794,158,2311.3375,166,2356.7875,6,0.9449911001138389,6000
mk07,independent,0.15,main,DABC,1007,0.9305305682784765,0.11738360654089243,158,2307.075,162,2382.5,15,1.0749838999472558,6000
mk07,independent,0.15,main,DABC,1008,0.9574002531996122,0.12595771428538768,152,2318.075,162,2376.525,9,0.9979236999060959,6000
mk07,independent,0.15,main,DABC,1009,0.9498726449109217,0.1061602525285187,156,2307.1375,162,2371.025,10,0.9818766999524087,6000
mk07,independent,0.15,main,DABC,1010,0.9928442876333208,0.0937993764753644,153,2302.65,163,2386.9,8,1.11109620006755,6000
mk07,independent,0.15,main,DABC,1011,0.8717526520321606,0.12748489072895816,162,2334.5375,162,2364.425,8,1.128194099990651,6000
mk07,independent,0.15,main,DABC,1012,0.8951423258758133,0.12721088839958725,162,2301.3625,162,2391.175,6,1.0592418001033366,6000
mk07,independent,0.15,main,DABC,1013,0.9378373911808129,0.1091685376832656,156,2329.9375,157,2384.2875,9,1.14939899998717,6000
mk07,independent,0.15,main,DABC,1014,0.951119536112415,0.10338111405492335,156,2319.075,158,2395.6625,9,1.0710415001958609,6000
mk07,independent,0.15,main,DABC,1015,0.9619109557386217,0.09706963143607947,155,2316.375,164,2347.95,9,1.1370097000617534,6000
mk07,independent,0.15,main,DABC,1016,0.9210791464583523,0.10756058483849071,158,2328.2125,158,2359.225,7,1.084064899943769,6000
mk07,independent,0.15,main,DABC,1017,0.9697025983531232,0.0916748091695905,156,2303.025,156,2390.2875,11,1.116769399959594,6000
mk07,independent,0.15,main,DABC,1018,0.8970296340654182,0.11821861795593662,162,2310.9875,163,2354.05,10,1.1297702000010759,6000
mk07,independent,0.15,main,DABC,1019,0.9014109494445973,0.1211912753237668,158,2332.0375,163,2352.45,7,1.0941991999279708,6000
mk07,independent,0.15,main,DABC,1020,0.8796646004283535,0.1341943637860943,161,2328.8875,165,2365.95,9,1.0935824001207948,6000
mk07,independent,0.15,main,DABC,1021,0.9637502495131121,0.08960212675075115,156,2311.3375,156,2386.5,6,1.058600999880582,6000
mk07,independent,0.15,main,DABC,1022,0.8985126860558587,0.11633595425132624,162,2310.7625,162,2362.7375,5,1.0920138999354094,6000
mk07,independent,0.15,main,DABC,1023,0.905031721883244,0.11188982347175122,160,2323.475,160,2379.25,7,1.1192151000723243,6000
mk07,independent,0.15,main,DABC,1024,0.8662846733311395,0.1355450874434845,163,2327.7875,167,2362.3875,7,1.1048177999909967,6000
mk07,independent,0.15,main,DABC,1025,0.8742563250450023,0.1272541856243447,162,2331.5375,162,2356.8625,4,1.1346001999918371,6000
mk07,independent,0.15,main,DABC,1026,0.890983549218372,0.11960834686182245,162,2317.3625,162,2366.7,6,1.0525795000139624,6000
mk07,independent,0.15,main,DABC,1027,0.9133735521495892,0.1117660693041216,161,2300.525,162,2363,8,1.0831106998957694,6000
mk07,independent,0.15,main,DABC,1028,0.9449653738740438,0.11850382101510139,156,2311.1875,166,2399.55,8,1.0261614001356065,6000
mk07,independent,0.15,main,DABC,1029,0.8911712460190294,0.12152543367670379,162,2316.175,162,2357.7125,9,1.0758682999294251,6000
mk07,independent,0.15,main,EAMS-ABC,1000,0.9590175926974931,0.07351559738898714,162,2268.7625,162,2306.35,6,1.0671461001038551,6000
mk07,independent,0.15,main,EAMS-ABC,1001,0.9614626413682849,0.07119757919647553,162,2267.75,162,2313.35,5,1.1795163000933826,6000
mk07,independent,0.15,main,EAMS-ABC,1002,0.9629566629442008,0.07333056950258472,162,2263.6625,162,2305.75,5,1.1159298999700695,6000
mk07,independent,0.15,main,EAMS-ABC,1003,0.9609257610824281,0.07365540370258193,162,2266.2125,162,2308.525,4,1.151894100010395,6000
mk07,independent,0.15,main,EAMS-ABC,1004,0.986239653073372,0.07196713998268005,156,2298.5375,158,2336.2625,10,1.071451700059697,6000
mk07,independent,0.15,main,EAMS-ABC,1005,1.0313679882319724,0.04760124306479666,156,2264.3,156,2366.95,9,1.1023512999527156,6000
mk07,independent,0.15,main,EAMS-ABC,1006,0.9593630447253375,0.07830649751149805,162,2264.9,162,2312.35,9,1.1370838000439107,6000
mk07,independent,0.15,main,EAMS-ABC,1007,1.026824781552394,0.05233204220673524,156,2267.25,156,2361,9,1.0410371001344174,6000
mk07,independent,0.15,main,EAMS-ABC,1008,0.9638816147949136,0.07272851226474153,162,2262.175,162,2300.75,5,1.1207867998164147,6000
mk07,independent,0.15,main,EAMS-ABC,1009,0.9511528944420168,0.07987833572098922,162,2274.85,162,2323.3125,9,1.0883609999436885,6000
mk07,independent,0.15,main,EAMS-ABC,1010,1.0631437752997304,0.04866375509612427,150,2288.075,156,2372.8125,17,1.2026218001265079,6000
mk07,independent,0.15,main,EAMS-ABC,1011,1.022261389037248,0.05130090124533155,156,2270.9375,156,2360.625,6,1.35038680001162,6000
mk07,independent,0.15,main,EAMS-ABC,1012,1.0155712906166885,0.053784439109075745,156,2278.25,157,2353.4125,9,1.3239527998957783,6000
mk07,independent,0.15,main,EAMS-ABC,1013,1.0164217032349485,0.05495521653548041,156,2275.9875,156,2367.55,7,1.2341219999361783,6000
mk07,independent,0.15,main,EAMS-ABC,1014,1.0836394566998087,0.03434976485873572,150,2272.55,154,2380.4875,13,1.2748944000340998,6000
mk07,independent,0.15,main,EAMS-ABC,1015,0.9569561198598051,0.07246519083353693,162,2272.25,162,2300.75,4,1.269225199939683,6000
mk07,independent,0.15,main,EAMS-ABC,1016,1.0220304882544513,0.057080569096679176,156,2268.45,157,2342.275,12,1.2776828000787646,6000
mk07,independent,0.15,main,EAMS-ABC,1017,1.0281544841327646,0.04788888183238186,156,2268.35,156,2364.4375,11,1.2787212000694126,6000
mk07,independent,0.15,main,EAMS-ABC,1018,0.9655410792993131,0.07271059409283885,162,2260.275,162,2300.75,6,1.2419889001175761,6000
mk07,independent,0.15,main,EAMS-ABC,1019,1.0310937036377663,0.044009013162144436,156,2268.3125,156,2359.75,9,1.2770813000388443,6000
mk07,independent,0.15,main,EAMS-ABC,1020,1.0217782777031488,0.05098484881856843,156,2271.95,162,2329.4,9,1.3947728998027742,6000
mk07,independent,0.15,main,EAMS-ABC,1021,1.1037133485468897,0.03574324448927145,148,2269.325,160,2334.65,16,1.1778468999546021,6000
mk07,independent,0.15,main,EAMS-ABC,1022,1.0250674449677475,0.05575691270332023,156,2265.4875,156,2356.8,10,1.2964188000187278,6000
mk07,independent,0.15,main,EAMS-ABC,1023,1.0467964404594283,0.04450924882999647,154,2268.0125,156,2369.6875,12,1.220016999868676,6000
mk07,independent,0.15,main,EAMS-ABC,1024,1.0207831924371,0.05123861236320416,156,2274.1875,156,2330,7,1.1790002000052482,6000
mk07,independent,0.15,main,EAMS-ABC,1025,1.0843081967979602,0.04044994660051145,150,2266.8,158,2365.575,14,1.29254569998011,6000
mk07,independent,0.15,main,EAMS-ABC,1026,1.010240027118254,0.0579512414786062,157,2270.3,162,2325.175,12,1.2562523998785764,6000
mk07,independent,0.15,main,EAMS-ABC,1027,1.0236684182037574,0.05066945297483227,156,2269.6625,156,2363.1,6,1.2815749000292271,6000
mk07,independent,0.15,main,EAMS-ABC,1028,1.0223944626971153,0.04769904761384047,156,2274.25,156,2375,6,1.295198299922049,6000
mk07,independent,0.15,main,EAMS-ABC,1029,1.0389357434052107,0.048603791126458275,154,2275.175,156,2361.525,13,1.2829373001586646,6000
mk07,independent,0.15,main,MA-NSGA-II,1000,1.0265787751109094,0.046910208567384884,156,2270.65,156,2369.9125,8,1.1037175999954343,6000
mk07,independent,0.15,main,MA-NSGA-II,1001,1.0476556197546045,0.04085553562616804,154,2270.375,154,2369.9125,12,1.121967500075698,6000
mk07,independent,0.15,main,MA-NSGA-II,1002,1.0252010581154247,0.05224687270192212,156,2267.15,156,2367.9,12,1.1348963999189436,6000
mk07,independent,0.15,main,MA-NSGA-II,1003,1.022144005481196,0.04830109774502083,156,2272.7,162,2326.8875,8,1.0108845999930054,6000
mk07,independent,0.15,main,MA-NSGA-II,1004,1.032890962320373,0.04921265763830494,154,2280.375,156,2337.2875,12,1.097194999922067,6000
mk07,independent,0.15,main,MA-NSGA-II,1005,1.003557301697768,0.061638657848037785,158,2266.7375,158,2344.6,14,1.0587913000490516,6000
mk07,independent,0.15,main,MA-NSGA-II,1006,1.0235702314222876,0.05479734144026427,156,2269.025,156,2362.5,10,1.0797337999101728,6000
mk07,independent,0.15,main,MA-NSGA-II,1007,1.0294618429263258,0.04678081970362082,156,2265.35,160,2342.625,11,1.0607320999260992,6000
mk07,independent,0.15,main,MA-NSGA-II,1008,1.022462213374622,0.051795902201675695,156,2270.225,156,2365.3375,10,1.073804099811241,6000
mk07,independent,0.15,main,MA-NSGA-II,1009,1.0835475189854753,0.031670163998454216,150,2275.05,156,2361.6,14,1.2563251999672502,6000
mk07,independent,0.15,main,MA-NSGA-II,1010,1.0321461544409736,0.04429587061064596,156,2266.5,156,2330.3,6,1.2133969001006335,6000
mk07,independent,0.15,main,MA-NSGA-II,1011,0.9603942756746742,0.0724119076718052,162,2268.55,162,2311.1125,6,1.2035503999795765,6000
mk07,independent,0.15,main,MA-NSGA-II,1012,0.9963058662106196,0.06294265250685592,157,2283.3875,157,2373.4,10,1.1945525999180973,6000
mk07,independent,0.15,main,MA-NSGA-II,1013,1.062163211247242,0.03978611451902101,152,2275.25,156,2363.425,13,1.1616847000550479,6000
mk07,independent,0.15,main,MA-NSGA-II,1014,1.0487100486797836,0.03790213070437742,154,2271.575,156,2330.6375,7,1.237645799992606,6000
mk07,independent,0.15,main,MA-NSGA-II,1015,1.0274503626257232,0.048052092036320014,156,2268.6875,156,2369.5875,12,1.1540798000060022,6000
mk07,independent,0.15,main,MA-NSGA-II,1016,1.0214049970957573,0.05578621135869407,156,2267.925,160,2357.825,12,1.1805950999259949,6000
mk07,independent,0.15,main,MA-NSGA-II,1017,1.0278675665323342,0.04825646908149877,156,2267.75,159,2350.9875,14,1.152920400025323,6000
mk07,independent,0.15,main,MA-NSGA-II,1018,1.0854131577480342,0.03523390613673958,150,2270.6375,158,2349.5125,16,1.2204194001387805,6000
mk07,independent,0.15,main,MA-NSGA-II,1019,1.011772711987239,0.05124044610750842,157,2275.025,157,2350,9,1.1504618998151273,6000
mk07,independent,0.15,main,MA-NSGA-II,1020,1.0239769602739157,0.04878829468754768,156,2272.25,156,2365.3375,10,1.2012123002205044,6000
mk07,independent,0.15,main,MA-NSGA-II,1021,1.0829766509675711,0.03309403383251696,150,2273.9,156,2370.375,9,1.2649055998772383,6000
mk07,independent,0.15,main,MA-NSGA-II,1022,1.0333575743189414,0.05053871514253418,155,2269.6875,160,2335.775,13,1.1193181998096406,6000
mk07,independent,0.15,main,MA-NSGA-II,1023,1.0082292661347314,0.05878956685213342,157,2270.25,162,2327.25,11,1.188431299990043,6000
mk07,independent,0.15,main,MA-NSGA-II,1024,1.044501324442574,0.05613728358216339,151,2294.9375,157,2366.1875,15,1.1445792999584228,6000
mk07,independent,0.15,main,MA-NSGA-II,1025,1.031905632792227,0.04367216469702545,156,2267.75,156,2338.475,9,1.2248374000191689,6000
mk07,independent,0.15,main,MA-NSGA-II,1026,1.0215297086945654,0.05095628856658286,156,2274.125,158,2336.425,10,1.2669710998889059,6000
mk07,independent,0.15,main,MA-NSGA-II,1027,1.0081864667684501,0.05976420504717246,156,2282.7875,159,2352.4875,12,1.18683149991557,6000
mk07,independent,0.15,main,MA-NSGA-II,1028,1.0163662259051256,0.0552625103812654,156,2274.7875,156,2371.6,9,1.2048220001161098,6000
mk07,independent,0.15,main,MA-NSGA-II,1029,1.0540802901725104,0.04370665819648225,152,2280.95,156,2349.55,15,1.1935839999932796,6000
mk07,independent,0.15,main,MOEA-D,1000,1.0131976341661222,0.06698290237218771,150,2333.9875,156,2358.6375,6,1.8566362001001835,6000
mk07,independent,0.15,main,MOEA-D,1001,0.9785005655630546,0.07465201791181356,156,2307.0125,157,2365.975,10,1.7934045000001788,6000
mk07,independent,0.15,main,MOEA-D,1002,1.054760494386629,0.03984236759588435,151,2294.15,156,2344.025,7,1.861790700117126,6000
mk07,independent,0.15,main,MOEA-D,1003,1.02045181204964,0.04885585553646791,156,2276.0125,156,2342.225,7,1.882727799937129,6000
mk07,independent,0.15,main,MOEA-D,1004,1.0409105834920327,0.054043384530711606,150,2308.7,159,2352.65,12,1.760509300045669,6000
mk07,independent,0.15,main,MOEA-D,1005,1.0969287048875798,0.022481811120474305,150,2266.2125,156,2331.275,11,1.7178762999828905,6000
mk07,independent,0.15,main,MOEA-D,1006,1.0674358054463091,0.03425645653533918,150,2292.9625,156,2344.45,10,1.7621949999593198,6000
mk07,independent,0.15,main,MOEA-D,1007,0.9913191555936792,0.062000808570121704,156,2302.1625,156,2335.075,7,1.5936604000162333,6000
mk07,independent,0.15,main,MOEA-D,1008,1.0017568060882998,0.059555464448614315,155,2301.2,156,2334.25,6,1.7326744000893086,6000
mk07,independent,0.15,main,MOEA-D,1009,0.9609442385399303,0.0715896470747815,162,2267.825,162,2301.25,5,1.989442199934274,6000
mk07,independent,0.15,main,MOEA-D,1010,1.067073719210981,0.036511753178632374,151,2280.6875,156,2341.975,13,2.0288595999591053,6000
mk07,independent,0.15,main,MOEA-D,1011,1.1116009750343026,0.028658231284938142,147,2275.4375,156,2365.75,13,2.033371499972418,6000
mk07,independent,0.15,main,MOEA-D,1012,1.0865515219850277,0.053941198098293855,145,2308.125,156,2381,15,2.2039159000851214,6000
mk07,independent,0.15,main,MOEA-D,1013,1.0090098150815614,0.05823470209593064,155,2295,156,2330,6,2.044666200177744,6000
mk07,independent,0.15,main,MOEA-D,1014,1.0285023638557556,0.04784810109052583,155,2276.825,156,2365.75,8,1.8773318999446929,6000
mk07,independent,0.15,main,MOEA-D,1015,1.016183159708173,0.053664226831013774,156,2277.5,157,2358.75,10,2.1406940000597388,6000
mk07,independent,0.15,main,MOEA-D,1016,1.0212130743072525,0.05003422738008329,155,2283.425,157,2341.6,7,2.075250399997458,6000
mk07,independent,0.15,main,MOEA-D,1017,1.0287996216392157,0.04445708326877588,156,2269.1,157,2351.525,9,2.093610699987039,6000
mk07,independent,0.15,main,MOEA-D,1018,1.0528831667215144,0.042591100646184786,154,2263.4,158,2336.925,9,2.098463299917057,6000
mk07,independent,0.15,main,MOEA-D,1019,1.0456604140029453,0.057170415569178616,150,2301.2375,156,2374.1,16,2.07392939995043,6000
mk07,independent,0.15,main,MOEA-D,1020,1.044419951697858,0.048025682055185155,150,2309.45,153,2380.4875,16,2.1122606999706477,6000
mk07,independent,0.15,main,MOEA-D,1021,1.037820487229424,0.06129288629221657,150,2307.9375,157,2350.5,10,2.0705619000364095,6000
mk07,independent,0.15,main,MOEA-D,1022,1.0207665582296166,0.05143957313057903,156,2273,156,2364.825,9,2.0449286999646574,6000
mk07,independent,0.15,main,MOEA-D,1023,1.0418972167823863,0.051433307761568625,151,2301.05,158,2330.3,10,2.0131574999541044,6000
mk07,independent,0.15,main,MOEA-D,1024,1.083353483203047,0.028628941305595994,150,2277.875,156,2359.75,12,2.04693890013732,6000
mk07,independent,0.15,main,MOEA-D,1025,1.032812781545201,0.056583149086624776,150,2316.975,156,2365.75,5,2.1223337999545038,6000
mk07,independent,0.15,main,MOEA-D,1026,1.056787574876412,0.04647799053423025,150,2295.175,158,2354.575,11,2.2310725999996066,6000
mk07,independent,0.15,main,MOEA-D,1027,1.0796579917026772,0.03212590510330421,150,2279.625,156,2358.75,10,2.1544226000551134,6000
mk07,independent,0.15,main,MOEA-D,1028,1.0501292612793414,0.04865517891071986,150,2303.025,156,2357.325,11,2.0324224000796676,6000
mk07,independent,0.15,main,MOEA-D,1029,1.0342253854190828,0.05039418687082015,153,2288.05,156,2375,8,1.8757195000071079,6000
mk07,independent,0.15,main,NSGA-II,1000,1.1030408320340666,0.024472772523589623,150,2257.35,156,2341.825,12,0.7559976000338793,6000
mk07,independent,0.15,main,NSGA-II,1001,1.0258114436154315,0.04479704468577539,156,2273.375,156,2330.3,9,0.802097300067544,6000
mk07,independent,0.15,main,NSGA-II,1002,1.0234927699641958,0.05247036031458989,156,2269.25,156,2380.5,7,0.8748453001026064,6000
mk07,independent,0.15,main,NSGA-II,1003,1.0266746690691855,0.04905870548379006,156,2269.55,158,2346.325,12,0.8697057000827044,6000
mk07,independent,0.15,main,NSGA-II,1004,1.0261052396854424,0.046413952425687265,156,2271.875,157,2330,9,0.8551168998237699,6000
mk07,independent,0.15,main,NSGA-II,1005,1.026294330162943,0.04858476743674186,156,2269.05,157,2340.25,7,0.8810187000781298,6000
mk07,independent,0.15,main,NSGA-II,1006,0.9659952381209279,0.07197724390693395,162,2261.75,162,2305.75,6,0.7550162000115961,6000
mk07,independent,0.15,main,NSGA-II,1007,1.0291526264964046,0.046285213670562424,156,2266.7625,157,2341.075,8,0.9203325998969376,6000
mk07,independent,0.15,main,NSGA-II,1008,1.0951105860096424,0.02530676685448385,150,2266.9125,156,2362.975,17,0.8661221999209374,6000
mk07,independent,0.15,main,NSGA-II,1009,1.034661426441736,0.044016910508137254,156,2262.9,156,2368.075,10,0.9351458000019193,6000
mk07,independent,0.15,main,NSGA-II,1010,1.0288881875547353,0.045354827220284624,156,2268.1625,157,2362.7125,9,0.9416113998740911,6000
mk07,independent,0.15,main,NSGA-II,1011,1.0757535835477798,0.032146445912126176,151,2274.575,156,2360.3875,10,0.884654900059104,6000
mk07,independent,0.15,main,NSGA-II,1012,1.0470066608761643,0.04364688835053117,154,2268.75,160,2335.8875,14,1.0546969000715762,6000
mk07,independent,0.15,main,NSGA-II,1013,1.032831573703925,0.044433638913906316,156,2265.6125,160,2330.3,11,0.9165390999987721,6000
mk07,independent,0.15,main,NSGA-II,1014,1.0164449911254256,0.05165080208057705,157,2267.75,162,2302.5125,11,0.9403051000554115,6000
mk07,independent,0.15,main,NSGA-II,1015,1.0882906508560772,0.02946144644843391,150,2270.825,156,2344.25,9,0.9506790000014007,6000
mk07,independent,0.15,main,NSGA-II,1016,1.0265989159891598,0.04891548008351917,156,2270.4875,156,2362.375,11,1.0126453000120819,6000
mk07,independent,0.15,main,NSGA-II,1017,1.031938226847431,0.045831113541494016,156,2265.125,156,2363.35,10,1.0207034000195563,6000
mk07,independent,0.15,main,NSGA-II,1018,0.9645810157836148,0.06991044826256007,162,2264.7125,162,2316.5,8,0.9464745000004768,6000
mk07,independent,0.15,main,NSGA-II,1019,1.0286089576556015,0.05324601658189021,156,2261.925,156,2361.5875,8,0.9746822000015527,6000
mk07,independent,0.15,main,NSGA-II,1020,0.9683743793642315,0.06797029400287372,162,2261.75,162,2302.175,6,0.9269472998566926,6000
mk07,independent,0.15,main,NSGA-II,1021,1.0381690862694959,0.04150973083706144,156,2262.1875,157,2330.6,11,0.9186428999528289,6000
mk07,independent,0.15,main,NSGA-II,1022,0.9591153299057874,0.07423894968402721,162,2268.275,162,2321.85,4,0.9207220999523997,6000
mk07,independent,0.15,main,NSGA-II,1023,1.0367651591578955,0.04447044923476322,154,2281.3125,156,2360.3875,12,0.9688190999440849,6000
mk07,independent,0.15,main,NSGA-II,1024,1.0175333628253334,0.05293990827758584,156,2276.15,156,2349.925,11,0.9567770999856293,6000
mk07,independent,0.15,main,NSGA-II,1025,1.0293566428033227,0.04438744246997607,156,2269.85,156,2338.6,9,0.9846416998188943,6000
mk07,independent,0.15,main,NSGA-II,1026,0.9561536317420242,0.07946557183023027,162,2268.1875,162,2320.75,8,0.9937489000149071,6000
mk07,independent,0.15,main,NSGA-II,1027,1.0678106595598136,0.03702124000282557,152,2269.275,157,2365.65,13,1.0376999999862164,6000
mk07,independent,0.15,main,NSGA-II,1028,1.0239656310299001,0.04692944929262367,156,2273.9625,157,2330,9,0.9016851999331266,6000
mk07,independent,0.15,main,NSGA-II,1029,1.031596281490353,0.04396493042404991,156,2266.7625,157,2341.15,8,0.9539399000350386,6000
mk08,independent,0.15,ablation,no-adaptive,1000,1.0757880856843085,0.13600372519735623,524,10237.425,526,10263.2875,5,1.8897437998093665,6000
mk08,independent,0.15,ablation,no-adaptive,1001,1.0944297969315666,0.10405864083588841,523,10232.8875,524,10232.8875,2,1.7423338000662625,6000
mk08,independent,0.15,ablation,no-adaptive,1002,1.0931266964748936,0.1299759800014852,523,10232.125,528,10249.4,4,1.714464500080794,6000
mk08,independent,0.15,ablation,no-adaptive,1003,1.0072938552839632,0.15798000903611428,529,10248.9125,531,10263.8875,5,1.7708256000187248,6000
mk08,independent,0.15,ablation,no-adaptive,1004,1.0782212431233842,0.13843492764858922,523,10245.05,530,10247.1875,5,1.7139143999665976,6000
mk08,independent,0.15,ablation,no-adaptive,1005,1.0907276809935194,0.11094953656726869,523,10236.4625,526,10236.4625,3,1.7062374001834542,6000
mk08,independent,0.15,ablation,no-adaptive,1006,1.0341739898985127,0.17501594960628186,523,10282.6,531,10284.475,6,1.798986999783665,6000
mk08,independent,0.15,ablation,no-adaptive,1007,1.0517963121289877,0.15834794309467248,523,10271.875,525,10288.6875,6,1.8416253000032157,6000
mk08,independent,0.15,ablation,no-adaptive,1008,1.0859087952434898,0.14849885121381265,523,10235.4375,529,10265.3375,8,1.6721698001492769,6000
mk08,independent,0.15,ablation,no-adaptive,1009,1.0983920716196016,0.10584297606214171,523,10228.7625,526,10230.95,4,1.7399913999252021,6000
mk08,independent,0.15,ablation,no-adaptive,1010,1.0909874620371374,0.12531651244928554,523,10234.9375,524,10255.075,4,1.701668299967423,6000
mk08,independent,0.15,ablation,no-adaptive,1011,1.0964707197977226,0.11996947025738172,524,10217.525,530,10223.825,6,1.6951077000703663,6000
mk08,independent,0.15,ablation,no-adaptive,1012,1.093973230870589,0.1048247522436822,523,10233.6875,524,10233.6875,2,1.6663375000935048,6000
mk08,independent,0.15,ablation,no-adaptive,1013,1.0964700048535267,0.10330223699575691,523,10230.8125,525,10230.8125,3,1.65123389987275,6000
mk08,independent,0.15,ablation,no-adaptive,1014,1.1086088669807208,0.11242471150206683,523,10214.3625,529,10222.5,7,1.7553118001669645,6000
mk08,independent,0.15,ablation,no-adaptive,1015,1.1105623103543074,0.08817849951872148,524,10206.9375,527,10206.9375,2,1.7544545999262482,6000
mk08,independent,0.15,ablation,no-adaptive,1016,1.0977762618562703,0.11505239130967021,523,10229.125,525,10243.2125,5,1.750363000202924,6000
mk08,independent,0.15,ablation,no-adaptive,1017,1.0941051852879056,0.1298323365104388,523,10231.2125,528,10249.2375,7,1.8093274000566453,6000
mk08,independent,0.15,ablation,no-adaptive,1018,1.1380131458003238,0.06662053766597324,523,10191.7125,525,10191.7125,2,1.836810400011018,6000
mk08,independent,0.15,ablation,no-adaptive,1019,1.0095383483925764,0.20404314402653928,523,10305.8375,533,10305.8375,5,1.7269598999992013,6000
mk08,independent,0.15,ablation,no-adaptive,1020,1.106753586794091,0.10447975123051637,523,10220.925,526,10229.475,3,1.8276482000946999,6000
mk08,independent,0.15,ablation,no-adaptive,1021,1.1541881242103573,0.06184314157076707,523,10176.1875,524,10190.5625,3,1.7897480998653919,6000
mk08,independent,0.15,ablation,no-adaptive,1022,1.088686029693655,0.10974379907316223,523,10238.825,523,10239.125,3,1.8050189998466522,6000
mk08,independent,0.15,ablation,no-adaptive,1023,1.1300935200965418,0.1032983629811637,523,10194.65,527,10224.5125,5,1.78771680011414,6000
mk08,independent,0.15,ablation,no-adaptive,1024,1.0512610752275078,0.14350373376233516,523,10274.275,523,10274.275,1,1.848509999923408,6000
mk08,independent,0.15,ablation,no-adaptive,1025,1.0851295600287387,0.11457260031839062,523,10240.3625,526,10240.3625,3,1.7554804000537843,6000
mk08,independent,0.15,ablation,no-adaptive,1026,1.1065481684883347,0.09481052948909255,523,10221.825,525,10221.825,2,1.7418714000377804,6000
mk08,independent,0.15,ablation,no-adaptive,1027,1.0900726572155546,0.12565130741710057,523,10236.1125,523,10255.6875,3,1.837846500100568,6000
mk08,independent,0.15,ablation,no-adaptive,1028,1.1395843638197236,0.06320983504213895,523,10190.675,523,10190.675,1,1.7807716999668628,6000
mk08,independent,0.15,ablation,no-adaptive,1029,1.1501005589244868,0.06113285470742236,523,10180.2125,523,10188.5125,2,1.7934570999350399,6000
mk08,independent,0.15,ablation,no-critical,1000,1.096193685666825,0.11316681241941569,523,10228.8875,525,10241.225,4,1.4941270998679101,6000
mk08,independent,0.15,ablation,no-critical,1001,1.0153136136436178,0.18508406812658482,523,10302.8375,527,10313.075,9,1.4090132999699563,6000
mk08,independent,0.15,ablation,no-critical,1002,1.1186209589802782,0.1114715955184438,524,10193.575,526,10237.025,7,1.4348335000686347,6000
mk08,independent,0.15,ablation,no-critical,1003,1.048300221524785,0.16803369123633122,523,10274.1125,530,10282.325,7,1.447619300102815,6000
mk08,independent,0.15,ablation,no-critical,1004,1.1166943327587693,0.08801556225774382,523,10211.35,525,10214.6125,4,1.488486299989745,6000
mk08,independent,0.15,ablation,no-critical,1005,1.102674654796614,0.12426562763432819,523,10219.825,531,10219.825,6,1.5204749000258744,6000
mk08,independent,0.15,ablation,no-critical,1006,1.075642655243388,0.1203207449875496,523,10249.8625,524,10249.8625,2,1.4376038999762386,6000
mk08,independent,0.15,ablation,no-critical,1007,1.0975357977954365,0.10504117930820495,523,10229.675,525,10232.65,5,1.4038485998753458,6000
mk08,independent,0.15,ablation,no-critical,1008,1.0256041831519767,0.19405032788237087,523,10292.925,526,10324.6875,6,1.3597192999441177,6000
mk08,independent,0.15,ablation,no-critical,1009,1.1379260844826617,0.086206507910743,523,10187.6625,528,10198.1,5,1.4773502999451011,6000
mk08,independent,0.15,ablation,no-critical,1010,1.0877434229855374,0.12908241729108894,523,10238.2375,523,10260.4375,3,1.414977999869734,6000
mk08,independent,0.15,ablation,no-critical,1011,1.1354771308237257,0.09539972036487421,523,10190.225,527,10216.525,8,1.5146504000294954,6000
mk08,independent,0.15,ablation,no-critical,1012,1.1330818114689465,0.08494252102282175,523,10195.7375,528,10195.7375,2,1.3950017001479864,6000
mk08,independent,0.15,ablation,no-critical,1013,1.1312128664055268,0.09807828190286574,523,10188.3875,527,10218.2375,5,1.5060061998665333,6000
mk08,independent,0.15,ablation,no-critical,1014,1.1003090258602055,0.09891468773260986,523,10227.85,523,10227.85,1,1.3971130000427365,6000
mk08,independent,0.15,ablation,no-critical,1015,1.0604200499489682,0.13884978380738838,524,10254.2,529,10254.2,3,1.4654326001182199,6000
mk08,independent,0.15,ablation,no-critical,1016,1.0753689934907704,0.13667277866994176,523,10247.275,526,10264,4,1.4585875999182463,6000
mk08,independent,0.15,ablation,no-critical,1017,1.0793899340713529,0.1307720578183867,523,10245.8875,528,10250.3,5,1.4302973002195358,6000
mk08,independent,0.15,ablation,no-critical,1018,1.0708864687503288,0.13616804009826922,523,10254.6875,526,10263.4625,5,1.3750101998448372,6000
mk08,independent,0.15,ablation,no-critical,1019,1.0869353471917396,0.12399560699852985,523,10229.0625,530,10229.0625,4,1.4528598000761122,6000
mk08,independent,0.15,ablation,no-critical,1020,1.1170013675668404,0.10776365704103341,523,10206.8625,525,10235.525,7,1.4002992999739945,6000
mk08,independent,0.15,ablation,no-critical,1021,1.0098107691099867,0.20163733267766715,523,10309.65,530,10320.4625,7,1.5119155999273062,6000
mk08,independent,0.15,ablation,no-critical,1022,1.0422129573248466,0.17872063218448309,524,10264.55,534,10264.55,5,1.3890293000731617,6000
mk08,independent,0.15,ablation,no-critical,1023,1.0910399092641383,0.12244697840712813,523,10234.7875,529,10234.7875,4,1.3797959999646991,6000
mk08,independent,0.15,ablation,no-critical,1024,1.0840429797471156,0.11373303336417911,523,10242.9875,524,10242.9875,2,1.4623887001071125,6000
mk08,independent,0.15,ablation,no-critical,1025,1.0776241568042586,0.11278329570377615,524,10238.4375,526,10238.4375,3,1.6124133998528123,6000
mk08,independent,0.15,ablation,no-critical,1026,1.141579597704949,0.06346699470421628,523,10188.3,525,10188.3,2,1.6140328000765294,6000
mk08,independent,0.15,ablation,no-critical,1027,1.0435141962287093,0.1600408541088781,523,10280.0375,526,10288.8,4,1.3967226000968367,6000
mk08,independent,0.15,ablation,no-critical,1028,1.0646442640027216,0.1368846270642468,523,10261.25,527,10261.25,2,1.5053741000592709,6000
mk08,independent,0.15,ablation,no-critical,1029,1.1691490599293208,0.10453569644676487,523,10153.425,530,10202.5875,7,1.4780266000889242,6000
mk08,independent,0.15,ablation,no-exchange,1000,0.8939502986982887,0.2797387202254462,525,10385.3875,529,10408.8625,7,1.8474249001592398,6000
mk08,independent,0.15,ablation,no-exchange,1001,0.8780732226959447,0.3018134025304206,523,10418.7375,533,10418.7375,7,1.8159715998917818,6000
mk08,independent,0.15,ablation,no-exchange,1002,0.9350656467155872,0.2671507177164424,523,10371.275,528,10399.3375,7,1.9230440000537783,6000
mk08,independent,0.15,ablation,no-exchange,1003,0.8224965365675069,0.38224002773491933,524,10466.8875,532,10510.325,11,1.928178200032562,6000
mk08,independent,0.15,ablation,no-exchange,1004,0.9001025418829144,0.3104251647359576,524,10382.9125,532,10432.3375,8,1.8959784000180662,6000
mk08,independent,0.15,ablation,no-exchange,1005,0.9035892977440405,0.27876662945770325,528,10342.85,539,10351.4375,6,1.7885447998996824,6000
mk08,independent,0.15,ablation,no-exchange,1006,0.8597315991574984,0.34256954284278657,526,10408.325,542,10408.325,5,1.9874795998912305,6000
mk08,independent,0.15,ablation,no-exchange,1007,0.8639872842453552,0.36436091524708314,524,10403.2375,536,10474.8625,9,1.9738537999801338,6000
mk08,independent,0.15,ablation,no-exchange,1008,0.899463975310953,0.2888656201892249,523,10380.7625,537,10380.7625,7,1.8873566000256687,6000
mk08,independent,0.15,ablation,no-exchange,1009,0.8940579989710193,0.3089487650722207,524,10398.1375,534,10422.1,9,1.8363121000584215,6000
mk08,independent,0.15,ablation,no-exchange,1010,0.8904251786618568,0.35032909794017353,523,10395.625,538,10447.725,9,1.7968209001701325,6000
mk08,independent,0.15,ablation,no-exchange,1011,0.9458968084621332,0.2982580477354221,524,10301.975,543,10335.5125,8,1.8483611000701785,6000
mk08,independent,0.15,ablation,no-exchange,1012,0.919844875994952,0.26102084418049676,523,10382.0125,531,10382.0125,3,1.9470695999916643,6000
mk08,independent,0.15,ablation,no-exchange,1013,0.9375016639314435,0.2111807897128815,529,10307.15,534,10307.15,6,1.9129516000393778,6000
mk08,independent,0.15,ablation,no-exchange,1014,0.9481702500658956,0.2585117269308356,525,10338.575,530,10382.9875,7,1.8770949998870492,6000
mk08,independent,0.15,ablation,no-exchange,1015,0.8418960212141475,0.3940507848924842,525,10419.6375,534,10516.275,6,2.0383202999364585,6000
mk08,independent,0.15,ablation,no-exchange,1016,0.8931856051786784,0.32889267752547,523,10400.4375,528,10463.175,6,1.8090588001068681,6000
mk08,independent,0.15,ablation,no-exchange,1017,0.8740961904805585,0.315311593530752,525,10412.0375,530,10444.175,8,2.056689300108701,6000
mk08,independent,0.15,ablation,no-exchange,1018,0.9464781660089636,0.3046902635519072,525,10320.7375,537,10399.9375,6,1.9037454000208527,6000
mk08,independent,0.15,ablation,no-exchange,1019,0.8688269573350985,0.3424684544100088,524,10417.775,537,10444.5,10,2.099663999862969,6000
mk08,independent,0.15,ablation,no-exchange,1020,0.8970907652681723,0.3070460798197883,523,10402.7625,537,10402.7625,6,1.8605450000613928,6000
mk08,independent,0.15,ablation,no-exchange,1021,0.859985620179017,0.32272028681159914,524,10427.8625,529,10454.6,6,1.8883070000447333,6000
mk08,independent,0.15,ablation,no-exchange,1022,0.908257856359888,0.26850209268299696,525,10375.925,534,10375.925,5,1.964179900009185,6000
mk08,independent,0.15,ablation,no-exchange,1023,0.8911993418196759,0.29853743080628975,525,10394.85,533,10415.0875,6,1.9663982999045402,6000
mk08,independent,0.15,ablation,no-exchange,1024,0.9128467863798009,0.3001928899454434,525,10347.6125,538,10387.325,14,1.9388620001263916,6000
mk08,independent,0.15,ablation,no-exchange,1025,0.9397473710962363,0.25708994801359564,524,10349,536,10349,7,1.9617876000702381,6000
mk08,independent,0.15,ablation,no-exchange,1026,0.9109217519208395,0.269727722197505,523,10371.3125,535,10371.3125,7,1.9374169998336583,6000
mk08,independent,0.15,ablation,no-exchange,1027,0.9292961414866476,0.30010620405100563,523,10360.8625,541,10360.8625,8,1.8513714000582695,6000
mk08,independent,0.15,ablation,no-exchange,1028,0.8948480932438312,0.29941201029309183,523,10410.725,533,10416.0625,5,1.8731924998573959,6000
mk08,independent,0.15,ablation,no-exchange,1029,0.9971032160887806,0.18852877209710883,526,10267.525,533,10286.575,7,1.9309470001608133,6000
mk08,independent,0.15,ablation,no-gap,1000,1.0462099944881853,0.14835518888145724,523,10278.2125,525,10278.2125,2,1.5336891999468207,6000
mk08,independent,0.15,ablation,no-gap,1001,1.0596067402240823,0.14304379958433722,523,10265.625,527,10267.9375,4,1.5523185001220554,6000
mk08,independent,0.15,ablation,no-gap,1002,1.063992032553973,0.15726239162924144,523,10258.6125,525,10287.55,3,1.5850619000848383,6000
mk08,independent,0.15,ablation,no-gap,1003,1.0848427999588834,0.1144830786866437,523,10236.3875,525,10242.6125,4,1.509135400177911,6000
mk08,independent,0.15,ablation,no-gap,1004,1.0539836501705202,0.1783799310476159,523,10267.0125,533,10273.575,6,1.564267999958247,6000
mk08,independent,0.15,ablation,no-gap,1005,1.1178051267164388,0.08615266405743485,523,10211.0375,523,10214.5625,2,1.5235484999138862,6000
mk08,independent,0.15,ablation,no-gap,1006,1.1256826651392946,0.08335160009806175,524,10190.4,528,10193.6625,4,1.5294435999821872,6000
mk08,independent,0.15,ablation,no-gap,1007,1.1140851776420495,0.0895589203472901,523,10213.2125,526,10213.2125,4,1.4584193001501262,6000
mk08,independent,0.15,ablation,no-gap,1008,0.9796727956719171,0.2181187601954716,525,10318.525,530,10338.775,6,1.5170980000402778,6000
mk08,independent,0.15,ablation,no-gap,1009,1.1388619194551957,0.07141227440115779,523,10188.475,525,10196.875,5,1.567123900167644,6000
mk08,independent,0.15,ablation,no-gap,1010,0.9797891292330426,0.2073691993298703,523,10339.975,525,10339.975,3,1.4663952998816967,6000
mk08,independent,0.15,ablation,no-gap,1011,1.1106970166323,0.10118138020111059,523,10216.7125,527,10221.775,4,1.6431436999700963,6000
mk08,independent,0.15,ablation,no-gap,1012,1.129133903112382,0.07460319354669165,523,10200.3,525,10200.3,2,1.6468966000247747,6000
mk08,independent,0.15,ablation,no-gap,1013,1.0981015614651015,0.1010096765673395,523,10229.9375,523,10230.125,2,1.5992658000905067,6000
mk08,independent,0.15,ablation,no-gap,1014,1.0480460925871617,0.14887800039731539,523,10274.25,527,10274.25,3,1.6237649999093264,6000
mk08,independent,0.15,ablation,no-gap,1015,1.0712293991528041,0.11553615360167353,527,10209.6625,527,10237.825,5,1.6552517998497933,6000
mk08,independent,0.15,ablation,no-gap,1016,1.1302660644588287,0.08399328723061465,523,10197.6625,526,10207.075,5,1.5752093000337481,6000
mk08,independent,0.15,ablation,no-gap,1017,1.1274329969138688,0.08878097779368047,523,10201.2875,523,10218.15,3,1.6562087000347674,6000
mk08,independent,0.15,ablation,no-gap,1018,1.1625340724867086,0.09058539042574053,523,10164.8,528,10202.9375,5,1.6789720999076962,6000
mk08,independent,0.15,ablation,no-gap,1019,1.0864065178089903,0.12998710926519877,523,10238.775,526,10257.2625,6,1.5750102000311017,6000
mk08,independent,0.15,ablation,no-gap,1020,1.1207350489655834,0.0998871467332571,523,10206.7875,523,10228.8625,5,1.6126284000929445,6000
mk08,independent,0.15,ablation,no-gap,1021,1.0609913578085268,0.17099811346606913,523,10253.3,534,10253.65,9,1.6767892001662403,6000
mk08,independent,0.15,ablation,no-gap,1022,1.0063319315930603,0.1704559410090373,528,10261.75,533,10263.1375,4,1.5570494001731277,6000
mk08,independent,0.15,ablation,no-gap,1023,1.1080401760867082,0.10952550963718317,524,10207.0625,529,10218.8625,6,1.5088411001488566,6000
mk08,independent,0.15,ablation,no-gap,1024,1.193373352222248,0.014310754676207679,523,10139.7625,523,10139.7625,1,1.5310261000413448,6000
mk08,independent,0.15,ablation,no-gap,1025,1.0547941136081402,0.14163064947094092,523,10269.275,526,10269.275,4,1.5112923998385668,6000
mk08,independent,0.15,ablation,no-gap,1026,1.1460332413978047,0.11882319031379063,523,10174.875,532,10198.35,9,1.5819886000826955,6000
mk08,independent,0.15,ablation,no-gap,1027,1.1098003552058586,0.11273684576027652,523,10215.7,526,10238.3875,7,1.5171969002112746,6000
mk08,independent,0.15,ablation,no-gap,1028,1.0978450044151167,0.10306864840204477,523,10230.075,523,10232.175,2,1.5754076999146491,6000
mk08,independent,0.15,ablation,no-gap,1029,1.1432869923592692,0.0953018783917631,523,10182.325,527,10216.025,8,1.5779095001053065,6000
mk08,independent,0.15,ablation,no-rebuild,1000,1.0265495821893098,0.1908285765853638,523,10294.6,531,10303.0375,4,1.6572165000252426,6000
mk08,independent,0.15,ablation,no-rebuild,1001,1.077806575490149,0.12000108439093117,523,10248.425,525,10248.425,3,1.5556349998805672,6000
mk08,independent,0.15,ablation,no-rebuild,1002,1.0448164333565444,0.15675923977904554,523,10274.75,529,10274.75,5,1.6769866000395268,6000
mk08,independent,0.15,ablation,no-rebuild,1003,1.0930411594722154,0.1170258431664617,523,10229.6125,527,10239.475,4,1.7005082999821752,6000
mk08,independent,0.15,ablation,no-rebuild,1004,1.0872137572529736,0.13037825983561538,524,10224.1,526,10257.325,6,1.6634897000622004,6000
mk08,independent,0.15,ablation,no-rebuild,1005,1.124291545609528,0.07711239705140766,523,10205.15,523,10205.15,1,1.5692319998051971,6000
mk08,independent,0.15,ablation,no-rebuild,1006,1.0463793688148897,0.1543463117784572,524,10266.7125,524,10285.35,3,1.6799973999150097,6000
mk08,independent,0.15,ablation,no-rebuild,1007,1.0755605445770406,0.12141330708094156,523,10251.275,523,10251.275,1,1.6916006000246853,6000
mk08,independent,0.15,ablation,no-rebuild,1008,1.096712236040579,0.0994749007602378,524,10219.825,527,10219.825,3,1.6487734999973327,6000
mk08,independent,0.15,ablation,no-rebuild,1009,1.1519139002148335,0.06655190335737017,523,10177.6625,526,10187.425,5,1.5913831000216305,6000
mk08,independent,0.15,ablation,no-rebuild,1010,1.0444652878405796,0.15695774843349797,524,10268.4125,529,10274.975,5,1.633598400047049,6000
mk08,independent,0.15,ablation,no-rebuild,1011,1.1683615691325397,0.05616250870410776,523,10161.45,523,10183.3375,5,1.5578043998684734,6000
mk08,independent,0.15,ablation,no-rebuild,1012,1.1171519375122578,0.06584749589483385,526,10177.9125,526,10186.6125,4,1.6144794998690486,6000
mk08,independent,0.15,ablation,no-rebuild,1013,1.087018402124005,0.11190481907460292,523,10240.4,523,10241.375,2,1.6557067001704127,6000
mk08,independent,0.15,ablation,no-rebuild,1014,1.0856875942073876,0.13471858242358303,523,10236.2125,529,10249.375,7,1.6682901000604033,6000
mk08,independent,0.15,ablation,no-rebuild,1015,1.1007993022144653,0.08365695377109106,526,10194.0625,528,10194.0625,2,1.716331300092861,6000
mk08,independent,0.15,ablation,no-rebuild,1016,1.1617576296011716,0.04305232069536799,523,10169.6875,523,10169.6875,1,1.6412838001269847,6000
mk08,independent,0.15,ablation,no-rebuild,1017,1.192162074881367,0.027333246751477486,523,10140.3375,524,10152.9375,4,1.839242400135845,6000
mk08,independent,0.15,ablation,no-rebuild,1018,1.1531132663156343,0.08439983672293225,523,10174.675,523,10212.7375,5,1.6481590000912547,6000
mk08,independent,0.15,ablation,no-rebuild,1019,1.0728801243625197,0.14684252899888378,524,10235.525,529,10263.4375,4,1.5677174001466483,6000
mk08,independent,0.15,ablation,no-rebuild,1020,1.0405458963147456,0.1545398297708091,523,10282.975,526,10282.975,3,1.671990199945867,6000
mk08,independent,0.15,ablation,no-rebuild,1021,1.1106800063562579,0.09978331801909238,523,10217.075,527,10220.175,7,1.5997477998025715,6000
mk08,independent,0.15,ablation,no-rebuild,1022,1.094761827807444,0.13794054596562427,523,10228.8125,531,10238.45,6,1.691078000003472,6000
mk08,independent,0.15,ablation,no-rebuild,1023,1.0612322805128072,0.13451941856824373,523,10264.675,524,10264.675,2,1.5353813001420349,6000
mk08,independent,0.15,ablation,no-rebuild,1024,1.1352979496209852,0.06972504809421456,523,10191.0625,526,10191.0625,3,1.7716953000053763,6000
mk08,independent,0.15,ablation,no-rebuild,1025,1.1114663775234488,0.09873274319627902,523,10216.2625,524,10227.325,4,1.6246222001500428,6000
mk08,independent,0.15,ablation,no-rebuild,1026,1.0683221662647246,0.1284966332582833,523,10257.3625,525,10257.3625,3,1.7205912999343127,6000
mk08,independent,0.15,ablation,no-rebuild,1027,1.0953302758902201,0.10344082406896027,523,10232.5625,523,10232.5625,1,1.6676417998969555,6000
mk08,independent,0.15,ablation,no-rebuild,1028,1.107989482496412,0.09592854635041259,523,10220.4125,524,10225.5875,3,1.6505795998964459,6000
mk08,independent,0.15,ablation,no-rebuild,1029,1.0934747259133277,0.1293571754763706,523,10228.375,530,10235.9,4,1.6001226999796927,6000
mk08,independent,0.15,main,DABC,1000,0.8382336723607695,0.35464749313367927,524,10452.5125,530,10486.15,7,1.397946699988097,6000
mk08,independent,0.15,main,DABC,1001,0.8581945500748265,0.33055661773435974,526,10415.65,532,10454.3,8,1.3743574998807162,6000
mk08,independent,0.15,main,DABC,1002,0.9764652997113507,0.2705195412021402,524,10290.0125,543,10290.0125,8,1.3703617001883686,6000
mk08,independent,0.15,main,DABC,1003,0.8776621567627119,0.29377301133353284,525,10404.925,534,10404.925,3,1.362021000124514,6000
mk08,independent,0.15,main,DABC,1004,0.866181029805619,0.38729885947037646,523,10396.3875,534,10508.9,11,1.3138119999784976,6000
mk08,independent,0.15,main,DABC,1005,0.8747904012941308,0.3150438203871119,527,10374.3,536,10418.425,6,1.2620074998121709,6000
mk08,independent,0.15,main,DABC,1006,0.8424810613980593,0.37494616090220845,527,10401.9875,547,10401.9875,5,1.3645633000414819,6000
mk08,independent,0.15,main,DABC,1007,0.9262762846535469,0.2770157876797393,524,10362.325,535,10379.925,7,1.302483799867332,6000
mk08,independent,0.15,main,DABC,1008,0.8430075570950387,0.3261704718734998,528,10413.4125,538,10419.0125,6,1.422372000059113,6000
mk08,independent,0.15,main,DABC,1009,0.8151784891907178,0.40844330334769996,525,10431.075,548,10438.9875,8,1.295718900160864,6000
mk08,independent,0.15,main,DABC,1010,0.8051248899592971,0.3823117003783864,524,10481.65,536,10495.0375,9,1.3813595999963582,6000
mk08,independent,0.15,main,DABC,1011,0.9358822883502138,0.3032613530600462,524,10334.8125,532,10424.4875,9,1.3694937999825925,6000
mk08,independent,0.15,main,DABC,1012,0.9230901560817601,0.27239027910861774,524,10350.2875,538,10352.0875,8,1.3138567998539656,6000
mk08,independent,0.15,main,DABC,1013,1.007879691349148,0.2606976159958678,523,10269.475,538,10336.7,8,1.2880557000171393,6000
mk08,independent,0.15,main,DABC,1014,0.908500775512109,0.29022721773026033,524,10372.975,531,10413.9625,7,1.3772747998591512,6000
mk08,independent,0.15,main,DABC,1015,0.8742295478072392,0.4215965577690199,523,10385.2625,539,10524.575,13,1.4279587999917567,6000
mk08,independent,0.15,main,DABC,1016,0.8727467265672992,0.39555354529184195,525,10363.3125,537,10505.175,13,1.3513931999914348,6000
mk08,independent,0.15,main,DABC,1017,0.8219656702682768,0.3648173413423082,526,10443.8125,541,10444.7625,7,1.4681653999723494,6000
mk08,independent,0.15,main,DABC,1018,0.9047301058683973,0.2885076574317549,524,10377.025,533,10403.875,5,1.42969199991785,6000
mk08,independent,0.15,main,DABC,1019,0.8714937396518578,0.36565384844772814,525,10391.9875,535,10480.9625,11,1.3491690999362618,6000
mk08,independent,0.15,main,DABC,1020,0.9094026573801262,0.29315271885056476,525,10367.625,529,10424.075,7,1.2545406999997795,6000
mk08,independent,0.15,main,DABC,1021,0.866356177643938,0.3306248654635362,526,10380.0875,534,10446.3875,9,1.3337491999845952,6000
mk08,independent,0.15,main,DABC,1022,0.8789366594515757,0.330440418330185,525,10383.1875,542,10392.2625,6,1.3082576000597328,6000
mk08,independent,0.15,main,DABC,1023,0.868280443200652,0.3609449641010155,523,10398.675,540,10447.2625,9,1.2228238000534475,6000
mk08,independent,0.15,main,DABC,1024,0.8829864945692568,0.3378015036541869,523,10380.85,535,10449.775,9,1.4507299999240786,6000
mk08,independent,0.15,main,DABC,1025,0.9647249043121388,0.21680353696696666,525,10296.75,536,10296.75,6,1.4010712001472712,6000
mk08,independent,0.15,main,DABC,1026,0.8227461330287225,0.3577544065291255,526,10419.275,543,10419.275,6,1.3054446000605822,6000
mk08,independent,0.15,main,DABC,1027,0.9147060324832874,0.3141178224025779,523,10363.375,540,10388.825,9,1.4037544999737293,6000
mk08,independent,0.15,main,DABC,1028,0.9067398949382764,0.2989858863328621,523,10388.2125,533,10415.5875,8,1.3241421999409795,6000
mk08,independent,0.15,main,DABC,1029,0.889109505978957,0.3044048114570602,525,10376.1875,540,10376.1875,7,1.4018832000438124,6000
mk08,independent,0.15,main,EAMS-ABC,1000,1.0265495821893098,0.1908285765853638,523,10294.6,531,10303.0375,4,1.6586166999768466,6000
mk08,independent,0.15,main,EAMS-ABC,1001,1.077806575490149,0.12000108439093117,523,10248.425,525,10248.425,3,1.6146593000739813,6000
mk08,independent,0.15,main,EAMS-ABC,1002,1.0448164333565444,0.15675923977904554,523,10274.75,529,10274.75,5,1.6011876999400556,6000
mk08,independent,0.15,main,EAMS-ABC,1003,1.0930411594722154,0.1170258431664617,523,10229.6125,527,10239.475,4,1.7126219999045134,6000
mk08,independent,0.15,main,EAMS-ABC,1004,1.0872137572529736,0.13037825983561538,524,10224.1,526,10257.325,6,1.6552104998845607,6000
mk08,independent,0.15,main,EAMS-ABC,1005,1.124291545609528,0.07711239705140766,523,10205.15,523,10205.15,1,1.5440497999079525,6000
mk08,independent,0.15,main,EAMS-ABC,1006,1.0463793688148897,0.1543463117784572,524,10266.7125,524,10285.35,3,1.5687573999166489,6000
mk08,independent,0.15,main,EAMS-ABC,1007,1.0755605445770406,0.12141330708094156,523,10251.275,523,10251.275,1,1.7069337000139058,6000
mk08,independent,0.15,main,EAMS-ABC,1008,1.096712236040579,0.0994749007602378,524,10219.825,527,10219.825,3,1.5247230001259595,6000
mk08,independent,0.15,main,EAMS-ABC,1009,1.1519139002148335,0.06655190335737017,523,10177.6625,526,10187.425,5,1.5575466000009328,6000
mk08,independent,0.15,main,EAMS-ABC,1010,1.0444652878405796,0.15695774843349797,524,10268.4125,529,10274.975,5,1.564728599973023,6000
mk08,independent,0.15,main,EAMS-ABC,1011,1.1683615691325397,0.05616250870410776,523,10161.45,523,10183.3375,5,1.6950352999847382,6000
mk08,independent,0.15,main,EAMS-ABC,1012,1.1171519375122578,0.06584749589483385,526,10177.9125,526,10186.6125,4,1.6251810998655856,6000
mk08,independent,0.15,main,EAMS-ABC,1013,1.087018402124005,0.11190481907460292,523,10240.4,523,10241.375,2,1.6260083999950439,6000
mk08,independent,0.15,main,EAMS-ABC,1014,1.0856875942073876,0.13471858242358303,523,10236.2125,529,10249.375,7,1.6949631001334637,6000
mk08,independent,0.15,main,EAMS-ABC,1015,1.1007993022144653,0.08365695377109106,526,10194.0625,528,10194.0625,2,1.688162799924612,6000
mk08,independent,0.15,main,EAMS-ABC,1016,1.1617576296011716,0.04305232069536799,523,10169.6875,523,10169.6875,1,1.5435699000954628,6000
mk08,independent,0.15,main,EAMS-ABC,1017,1.192162074881367,0.027333246751477486,523,10140.3375,524,10152.9375,4,1.6788526999298483,6000
mk08,independent,0.15,main,EAMS-ABC,1018,1.1531132663156343,0.08439983672293225,523,10174.675,523,10212.7375,5,1.6061750000808388,6000
mk08,independent,0.15,main,EAMS-ABC,1019,1.0728801243625197,0.14684252899888378,524,10235.525,529,10263.4375,4,1.5414082000497729,6000
mk08,independent,0.15,main,EAMS-ABC,1020,1.0405458963147456,0.1545398297708091,523,10282.975,526,10282.975,3,1.6240842000115663,6000
mk08,independent,0.15,main,EAMS-ABC,1021,1.1106800063562579,0.09978331801909238,523,10217.075,527,10220.175,7,1.6093640001490712,6000
mk08,independent,0.15,main,EAMS-ABC,1022,1.094761827807444,0.13794054596562427,523,10228.8125,531,10238.45,6,1.5241396999917924,6000
mk08,independent,0.15,main,EAMS-ABC,1023,1.0612322805128072,0.13451941856824373,523,10264.675,524,10264.675,2,1.5736940000206232,6000
mk08,independent,0.15,main,EAMS-ABC,1024,1.1352979496209852,0.06972504809421456,523,10191.0625,526,10191.0625,3,1.6883757000323385,6000
mk08,independent,0.15,main,EAMS-ABC,1025,1.1114663775234488,0.09873274319627902,523,10216.2625,524,10227.325,4,1.6843656001146883,6000
mk08,independent,0.15,main,EAMS-ABC,1026,1.0683221662647246,0.1284966332582833,523,10257.3625,525,10257.3625,3,1.7438191999681294,6000
mk08,independent,0.15,main,EAMS-ABC,1027,1.0953302758902201,0.10344082406896027,523,10232.5625,523,10232.5625,1,1.7036069999448955,6000
mk08,independent,0.15,main,EAMS-ABC,1028,1.107989482496412,0.09592854635041259,523,10220.4125,524,10225.5875,3,1.7067852998152375,6000
mk08,independent,0.15,main,EAMS-ABC,1029,1.0934747259133277,0.1293571754763706,523,10228.375,530,10235.9,4,1.6509285001084208,6000
mk08,independent,0.15,main,MA-NSGA-II,1000,1.137822525490458,0.09098077697797056,523,10186.325,524,10219.225,5,1.6557030000258237,6000
mk08,independent,0.15,main,MA-NSGA-II,1001,1.1318991184063603,0.08496064928459042,523,10196.925,525,10211.3625,6,1.5554194999858737,6000
mk08,independent,0.15,main,MA-NSGA-II,1002,1.1268296784396836,0.09417755314363416,523,10200.225,528,10207.4125,6,1.6066441000439227,6000
mk08,independent,0.15,main,MA-NSGA-II,1003,1.0998961793112414,0.1261918502576641,523,10222.5375,531,10222.5375,6,1.5541116001550108,6000
mk08,independent,0.15,main,MA-NSGA-II,1004,1.1623740463925931,0.06434404912787901,523,10167.0125,527,10177.6375,5,1.5358921999577433,6000
mk08,independent,0.15,main,MA-NSGA-II,1005,1.1206947153213613,0.11002186354379283,523,10205.1625,526,10235.4625,5,1.600414999993518,6000
mk08,independent,0.15,main,MA-NSGA-II,1006,1.1142337781185523,0.1136925147911814,523,10210.4125,528,10230.7375,7,1.5844676999840885,6000
mk08,independent,0.15,main,MA-NSGA-II,1007,1.0433228609746505,0.17956489276823062,523,10275.1125,533,10275.1125,6,1.464753899956122,6000
mk08,independent,0.15,main,MA-NSGA-II,1008,1.1063004066009052,0.12732075683001218,523,10217.3625,526,10254.025,9,1.6062869001179934,6000
mk08,independent,0.15,main,MA-NSGA-II,1009,1.1261347796609433,0.11218098153893938,524,10183.85,527,10234.125,6,1.499013700056821,6000
mk08,independent,0.15,main,MA-NSGA-II,1010,1.12877467737806,0.08702748276484414,523,10198.425,528,10198.425,4,1.6555462998803705,6000
mk08,independent,0.15,main,MA-NSGA-II,1011,1.0419054773628427,0.16350414622909587,523,10277.825,528,10286.65,5,1.5724043999798596,6000
mk08,independent,0.15,main,MA-NSGA-II,1012,1.0989529251064927,0.13337358166531943,523,10222.1,530,10241.9125,8,1.6179426000453532,6000
mk08,independent,0.15,main,MA-NSGA-II,1013,1.1719428595015944,0.03771153660377165,523,10159.5375,525,10159.5375,2,1.5127206000033766,6000
mk08,independent,0.15,main,MA-NSGA-II,1014,1.039511129253008,0.16131490439310459,523,10281.6125,528,10284.25,5,1.5510289000812918,6000
mk08,independent,0.15,main,MA-NSGA-II,1015,1.1009545530209366,0.10512402346731416,523,10226.525,524,10234,4,1.6332596000283957,6000
mk08,independent,0.15,main,MA-NSGA-II,1016,1.1305493577238126,0.10804155820966857,523,10195.8,523,10241.7875,4,1.4783067000098526,6000
mk08,independent,0.15,main,MA-NSGA-II,1017,1.09341537205561,0.12521074039189223,523,10230.625,530,10230.625,4,1.6674846999812871,6000
mk08,independent,0.15,main,MA-NSGA-II,1018,1.1790785016820071,0.032566264153175074,523,10152.125,525,10153.3625,3,1.5860723000951111,6000
mk08,independent,0.15,main,MA-NSGA-II,1019,1.1043945677191085,0.09497582159365223,523,10223.2,524,10223.4,3,1.6606213999912143,6000
mk08,independent,0.15,main,MA-NSGA-II,1020,1.0393498486341728,0.1576318708492036,523,10281.0375,526,10286.25,6,1.6520891999825835,6000
mk08,independent,0.15,main,MA-NSGA-II,1021,1.1093659389254202,0.09486623546396208,523,10219.025,526,10219.025,4,1.5632963997777551,6000
mk08,independent,0.15,main,MA-NSGA-II,1022,1.0951845756590373,0.13436481983361043,523,10228.05,528,10254.35,6,1.5823566999752074,6000
mk08,independent,0.15,main,MA-NSGA-II,1023,1.109664246018502,0.10951576845825599,523,10213.075,525,10237.95,4,1.7126990999095142,6000
mk08,independent,0.15,main,MA-NSGA-II,1024,1.1335807211116011,0.09958212466699816,523,10190.925,526,10224.1625,9,1.6021958000492305,6000
mk08,independent,0.15,main,MA-NSGA-II,1025,1.0959200104246951,0.10499945908184466,523,10230.0375,526,10230.0375,3,1.636499400017783,6000
mk08,independent,0.15,main,MA-NSGA-II,1026,1.0928195807297452,0.11106845890360256,524,10220.5875,528,10227.675,5,1.62227650010027,6000
mk08,independent,0.15,main,MA-NSGA-II,1027,1.0695097695100848,0.13022481478932052,526,10216,531,10228.1125,7,1.4978734999895096,6000
mk08,independent,0.15,main,MA-NSGA-II,1028,1.0949087420948074,0.1360001920906661,523,10229.45,523,10266.4625,6,1.575684400042519,6000
mk08,independent,0.15,main,MA-NSGA-II,1029,1.1305246449357809,0.08090840349578989,523,10197.9,527,10198.275,4,1.5962899001315236,6000
mk08,independent,0.15,main,MOEA-D,1000,1.1323789943460048,0.10160788732566914,523,10194.1,526,10226.3625,8,2.275059000123292,6000
mk08,independent,0.15,main,MOEA-D,1001,1.1423522500372987,0.06496881892174125,523,10187.9,523,10192.9625,2,2.216025900095701,6000
mk08,independent,0.15,main,MOEA-D,1002,1.1031128751197534,0.10437718280497063,523,10219.775,528,10219.775,5,2.4156087001319975,6000
mk08,independent,0.15,main,MOEA-D,1003,1.1584428650322942,0.04606574303071097,523,10172.825,523,10172.825,1,2.2765776000451297,6000
mk08,independent,0.15,main,MOEA-D,1004,1.1367054049511371,0.06582707037721744,523,10193.4,523,10193.4,1,2.3764009999576956,6000
mk08,independent,0.15,main,MOEA-D,1005,1.1215011723735853,0.09697380564000502,523,10206.2125,524,10226.225,4,2.4158439999446273,6000
mk08,independent,0.15,main,MOEA-D,1006,1.1054858693303231,0.09420846639613939,523,10222.95,523,10222.95,1,2.351125900167972,6000
mk08,independent,0.15,main,MOEA-D,1007,1.0432164017371255,0.13262562041316783,525,10259.6875,526,10259.6875,2,2.2831783001311123,6000
mk08,independent,0.15,main,MOEA-D,1008,1.1671563485830478,0.0489661292142714,524,10152.0625,524,10175.1625,4,2.3759530999232084,6000
mk08,independent,0.15,main,MOEA-D,1009,1.09749609815833,0.101471894734315,523,10230.5125,523,10230.5125,1,2.2458919000346214,6000
mk08,independent,0.15,main,MOEA-D,1010,1.166430923036122,0.09085703772176501,524,10148.225,526,10214.6375,6,2.273710000095889,6000
mk08,independent,0.15,main,MOEA-D,1011,1.1315540296817854,0.07747657632578324,523,10194.15,527,10194.15,3,2.348015199881047,6000
mk08,independent,0.15,main,MOEA-D,1012,1.0212697193075126,0.17076860278051242,523,10302.6625,523,10302.6625,1,2.255356299923733,6000
mk08,independent,0.15,main,MOEA-D,1013,1.076090817337694,0.15035778315977433,523,10247.15,525,10280.3125,6,2.480121099855751,6000
mk08,independent,0.15,main,MOEA-D,1014,1.0519264184830073,0.14392229896976702,523,10273.5625,525,10273.5625,2,2.255553999915719,6000
mk08,independent,0.15,main,MOEA-D,1015,1.1296974275228702,0.0718777881634266,523,10199.2375,524,10199.2375,2,2.302070900099352,6000
mk08,independent,0.15,main,MOEA-D,1016,1.1171173908691643,0.09127908372751878,523,10211.375,523,10220.2375,5,2.2873225999064744,6000
mk08,independent,0.15,main,MOEA-D,1017,1.1331397219487602,0.06906860037937848,523,10196.775,523,10196.775,1,2.320973399793729,6000
mk08,independent,0.15,main,MOEA-D,1018,1.09260585288391,0.10642584267612565,523,10234.1125,525,10234.1125,3,2.279304499970749,6000
mk08,independent,0.15,main,MOEA-D,1019,1.096162268590775,0.10268446706845569,523,10231.775,523,10231.775,1,2.288152900058776,6000
mk08,independent,0.15,main,MOEA-D,1020,1.107849785098567,0.09205945206137234,523,10220.7125,523,10220.7125,1,2.352407000027597,6000
mk08,independent,0.15,main,MOEA-D,1021,1.2099591267752539,0.0010144788340093022,523,10124.025,523,10127.8125,2,2.326604399830103,6000
mk08,independent,0.15,main,MOEA-D,1022,1.0447885505329297,0.15165040241864142,523,10279.9125,526,10279.9125,4,2.484215799951926,6000
mk08,independent,0.15,main,MOEA-D,1023,1.084902814802744,0.11732213888209742,523,10242.25,523,10247.5375,3,2.4395479999948293,6000
mk08,independent,0.15,main,MOEA-D,1024,1.1440348644560234,0.05916392537277536,523,10186.4625,523,10186.4625,1,2.3548769999761134,6000
mk08,independent,0.15,main,MOEA-D,1025,1.1622151399280678,0.04496697220998156,523,10167.8875,525,10167.8875,2,2.3080303000751883,6000
mk08,independent,0.15,main,MOEA-D,1026,1.0035127042885583,0.18928071840237573,523,10319.2,524,10321.7625,3,2.3506704999599606,6000
mk08,independent,0.15,main,MOEA-D,1027,1.0710426773122308,0.15533321108411263,523,10246.5625,527,10281.2125,8,2.290691499831155,6000
mk08,independent,0.15,main,MOEA-D,1028,1.1350923694410726,0.07280560948053447,523,10194.5625,526,10194.5625,3,2.356916999910027,6000
mk08,independent,0.15,main,MOEA-D,1029,1.0660302035594509,0.1486703879179441,523,10256.4,528,10270.3125,8,2.25382970017381,6000
mk08,independent,0.15,main,NSGA-II,1000,1.1198426097567489,0.08138192054601442,523,10209.1875,524,10209.1875,2,1.2094793000724167,6000
mk08,independent,0.15,main,NSGA-II,1001,1.0888749098563282,0.11072916384792739,523,10236.225,526,10236.225,3,1.2215842998120934,6000
mk08,independent,0.15,main,NSGA-II,1002,1.2082303647321526,0.000804379667203443,523,10125.7,523,10125.7,1,1.258077000034973,6000
mk08,independent,0.15,main,NSGA-II,1003,1.1638946922273161,0.05659471270439659,523,10166.6125,523,10183.7875,4,1.242692300118506,6000
mk08,independent,0.15,main,NSGA-II,1004,1.176061855353029,0.07450217967047845,523,10151.8875,525,10200.225,5,1.2242229001130909,6000
mk08,independent,0.15,main,NSGA-II,1005,1.177686424396809,0.044461615168234596,523,10152.5375,526,10160.3875,4,1.1710336999967694,6000
mk08,independent,0.15,main,NSGA-II,1006,1.1547810827384686,0.06808501951776622,523,10173.775,524,10195.2625,5,1.1418987999204546,6000
mk08,independent,0.15,main,NSGA-II,1007,1.1916568791255981,0.02896203244222807,523,10140.2,524,10153.85,4,1.1441057999618351,6000
mk08,independent,0.15,main,NSGA-II,1008,1.177754033836555,0.034547945891254,523,10154.3125,525,10155.775,3,1.1836115999612957,6000
mk08,independent,0.15,main,NSGA-II,1009,1.1545076772866012,0.07671008641704449,523,10171.55,529,10172,6,1.2449100001249462,6000
mk08,independent,0.15,main,NSGA-II,1010,1.1523863839012918,0.06944869472969877,523,10176.9875,525,10194.7625,5,1.2171748001128435,6000
mk08,independent,0.15,main,NSGA-II,1011,1.173111213211737,0.03877925533769626,523,10158.3125,525,10160.7875,6,1.285080100176856,6000
mk08,independent,0.15,main,NSGA-II,1012,1.161653031916457,0.08200321815026157,523,10165.8875,524,10209.8375,6,1.2135534998960793,6000
mk08,independent,0.15,main,NSGA-II,1013,1.1661808679314616,0.05708348491065822,523,10162.5875,524,10183.7125,5,1.1251469000708312,6000
mk08,independent,0.15,main,NSGA-II,1014,1.1534682023847833,0.07730114457341766,523,10174.7,527,10193.9375,6,1.1560239000245929,6000
mk08,independent,0.15,main,NSGA-II,1015,1.1337075899824725,0.06855235671236729,523,10196.2375,523,10196.2375,1,1.2294285998214036,6000
mk08,independent,0.15,main,NSGA-II,1016,1.153066875880022,0.054576436067345996,523,10177.4375,524,10181.075,5,1.2791198999620974,6000
mk08,independent,0.15,main,NSGA-II,1017,1.137843906368749,0.0842139642114508,523,10190.1375,524,10212.15,5,1.2571062999777496,6000
mk08,independent,0.15,main,NSGA-II,1018,1.1888456106338374,0.039285415894848574,523,10143.15,523,10167.5375,4,1.3464498999528587,6000
mk08,independent,0.15,main,NSGA-II,1019,1.155836407818198,0.05854998986930429,523,10174.4375,525,10182.95,5,1.3633860000409186,6000
mk08,independent,0.15,main,NSGA-II,1020,1.1474410609448114,0.06898082105695974,523,10181.925,526,10190.2125,4,1.1946890000253916,6000
mk08,independent,0.15,main,NSGA-II,1021,1.1466973975761503,0.057178584203678426,523,10183.8125,524,10183.8125,2,1.2509671000298113,6000
mk08,independent,0.15,main,NSGA-II,1022,1.1426164151726803,0.07447318340387943,523,10186.4375,527,10190.4875,5,1.1978817998897284,6000
mk08,independent,0.15,main,NSGA-II,1023,1.169254615369466,0.044814708444299536,523,10160.8625,526,10160.8625,3,1.190192500129342,6000
mk08,independent,0.15,main,NSGA-II,1024,1.149644114269126,0.06638910616932489,523,10179.125,525,10191.4625,5,1.2188590001314878,6000
mk08,independent,0.15,main,NSGA-II,1025,1.1825831851060662,0.0328712947725953,523,10148.725,524,10158.0625,4,1.2694201001431793,6000
mk08,independent,0.15,main,NSGA-II,1026,1.1218821297135395,0.07903041083161738,524,10196.025,527,10196.025,2,1.3010160999838263,6000
mk08,independent,0.15,main,NSGA-II,1027,1.2008794569014094,0.020419245055270256,523,10132.2625,523,10146.7,3,1.3022870998829603,6000
mk08,independent,0.15,main,NSGA-II,1028,1.1544923936682372,0.05764506781084722,523,10176.1375,524,10185.1375,5,1.2283210998866707,6000
mk08,independent,0.15,main,NSGA-II,1029,1.1851385710235,0.029185775686123645,523,10147.0375,523,10155.25,3,1.2626324999146163,6000
mk09,independent,0.15,ablation,no-adaptive,1000,1.0430316185548465,0.06520658029786626,342,7614.975,388,8040.7375,37,1.8701934998389333,6000
mk09,independent,0.15,ablation,no-adaptive,1001,1.0361898162796428,0.05044242263951214,348,7630.45,376,8076.4,33,1.8387447001878172,6000
mk09,independent,0.15,ablation,no-adaptive,1002,1.0612725230115752,0.06229678354958597,334,7649.825,392,8026.175,37,1.827695099869743,6000
mk09,independent,0.15,ablation,no-adaptive,1003,1.063722992032029,0.06309602016027706,330,7565.5625,384,8083.4,30,1.867890699999407,6000
mk09,independent,0.15,ablation,no-adaptive,1004,1.037835185219652,0.05576562038655779,351,7568.15,374,8067.825,26,1.958594499854371,6000
mk09,independent,0.15,ablation,no-adaptive,1005,1.041739235070653,0.04447814284808262,354,7589.25,381,8061.5375,27,1.8285115999169648,6000
mk09,independent,0.15,ablation,no-adaptive,1006,1.0759386561364548,0.04432579718598735,338,7553.4375,378,8010.1875,34,1.8903357998933643,6000
mk09,independent,0.15,ablation,no-adaptive,1007,1.0580250966268996,0.043411889284913255,350,7548.8625,366,8130.425,33,1.8957311999984086,6000
mk09,independent,0.15,ablation,no-adaptive,1008,1.022337853962582,0.0657108064874627,353,7610.5125,381,8091.8,34,1.8890706000383943,6000
mk09,independent,0.15,ablation,no-adaptive,1009,1.0428096972253762,0.05943012954790737,345,7608.7875,390,8057.1,38,1.8701102999038994,6000
mk09,independent,0.15,ablation,no-adaptive,1010,1.049874470335697,0.05126260154229017,349,7568.55,379,8068.025,36,1.8762552000116557,6000
mk09,independent,0.15,ablation,no-adaptive,1011,1.0700440921621062,0.060950275144590275,340,7543.125,369,8229.25,42,1.8330415999516845,6000
mk09,independent,0.15,ablation,no-adaptive,1012,1.0757328134402906,0.04259322245422167,338,7584.75,382,7934.5625,38,1.8017447998281568,6000
mk09,independent,0.15,ablation,no-adaptive,1013,1.047807773993353,0.058818894128722064,341,7647.85,381,8044.6625,32,1.818255600053817,6000
mk09,independent,0.15,ablation,no-adaptive,1014,1.050302549730024,0.053651488093128676,341,7600.65,383,7992.4375,31,1.6562443999573588,6000
mk09,independent,0.15,ablation,no-adaptive,1015,1.0615616178724088,0.04968521805656022,339,7624.75,389,7953.5125,29,1.7842873998451978,6000
mk09,independent,0.15,ablation,no-adaptive,1016,1.039492576944791,0.056882302954201144,348,7594.65,386,7982.9,35,1.63698840001598,6000
mk09,independent,0.15,ablation,no-adaptive,1017,1.0350566681349405,0.05931671383766855,346,7614.1,386,8101.9375,28,1.5763288999442011,6000
mk09,independent,0.15,ablation,no-adaptive,1018,1.0440670592748384,0.04903855979113287,354,7559.6125,386,7989.0875,34,1.6566086001694202,6000
mk09,independent,0.15,ablation,no-adaptive,1019,1.0629416040582267,0.040858374219814655,348,7549.55,384,7946.2625,27,1.5927840999793261,6000
mk09,independent,0.15,ablation,no-adaptive,1020,1.0547622223463018,0.04852574668324284,347,7601.975,393,7997.55,31,1.5890728998929262,6000
mk09,independent,0.15,ablation,no-adaptive,1021,1.0048249858859581,0.07582978196695704,357,7645.9125,378,8208.3,29,1.607589399907738,6000
mk09,independent,0.15,ablation,no-adaptive,1022,1.0512189672037242,0.06625039379981022,341,7570.2125,378,8148.925,47,1.6221803999505937,6000
mk09,independent,0.15,ablation,no-adaptive,1023,1.0475768982610258,0.06401112797541901,344,7539.8375,381,8044.4,29,1.6177302000578493,6000
mk09,independent,0.15,ablation,no-adaptive,1024,1.0211043720440653,0.06723944205897849,353,7615.0875,372,8137.7875,35,1.6832320999819785,6000
mk09,independent,0.15,ablation,no-adaptive,1025,1.0364413564162536,0.05604878932619713,350,7620.5375,384,8051.5875,26,1.5876051001250744,6000
mk09,independent,0.15,ablation,no-adaptive,1026,1.0519813865262093,0.06235959078573287,343,7556.2,381,8132.0625,44,1.547874600160867,6000
mk09,independent,0.15,ablation,no-adaptive,1027,1.0825321288317296,0.04383855108989608,337,7548.7875,378,8006.1,36,1.4870629999786615,6000
mk09,independent,0.15,ablation,no-adaptive,1028,1.0575309630015655,0.06336879094081622,336,7598.925,373,8191.9125,27,1.5466573999729007,6000
mk09,independent,0.15,ablation,no-adaptive,1029,1.0617360555338418,0.05015011697879241,344,7546.175,394,7872.0125,31,1.5079114998225123,6000
mk09,independent,0.15,ablation,no-critical,1000,1.0448695924609306,0.059918568375627736,348,7559.25,394,7935.5375,30,1.660561699885875,6000
mk09,independent,0.15,ablation,no-critical,1001,1.087941547188462,0.05047099882606206,329,7574.7,387,7999.2,33,1.6841425001621246,6000
mk09,independent,0.15,ablation,no-critical,1002,1.0812561522744801,0.04514692863390447,337,7545.5375,364,8173.2375,40,1.641806700034067,6000
mk09,independent,0.15,ablation,no-critical,1003,1.0796995647912058,0.05662155063617152,330,7543.9625,401,7868.7875,35,1.601570500060916,6000
mk09,independent,0.15,ablation,no-critical,1004,1.0489658776245399,0.058500436708443,343,7581.15,372,8125.8375,25,1.5847013001330197,6000
mk09,independent,0.15,ablation,no-critical,1005,1.0068278588430415,0.06128718818842294,365,7557.1125,383,8025.55,28,1.6341313999146223,6000
mk09,independent,0.15,ablation,no-critical,1006,1.0410316226908298,0.05738347605891277,344,7645.3625,388,7954.9625,43,1.538239600136876,6000
mk09,independent,0.15,ablation,no-critical,1007,1.0630166075221117,0.06126607483877321,339,7521.425,369,8155.15,34,1.6961456998251379,6000
mk09,independent,0.15,ablation,no-critical,1008,1.0506699232361585,0.05746208804090918,344,7603.2375,385,8111.5625,32,1.5043057000730187,6000
mk09,independent,0.15,ablation,no-critical,1009,1.0534092027686277,0.04773603509973644,345,7591.5875,384,7937.875,33,1.5997678998392075,6000
mk09,independent,0.15,ablation,no-critical,1010,1.0476567770146887,0.06239424961949417,346,7573.325,397,7917.8,31,1.615397100104019,6000
mk09,independent,0.15,ablation,no-critical,1011,1.0707588468673035,0.030827790196499925,339,7590.1,376,7899.45,26,1.6561151000205427,6000
mk09,independent,0.15,ablation,no-critical,1012,1.0319635345902587,0.06147254247834778,354,7540.5375,394,7967.4375,37,1.6116901999339461,6000
mk09,independent,0.15,ablation,no-critical,1013,1.055791407392242,0.061855356105566535,344,7558.7375,385,8120.2125,32,1.5944848998915404,6000
mk09,independent,0.15,ablation,no-critical,1014,1.0450273285066418,0.06579917895480179,339,7622.9375,371,8207.8,34,1.553889200091362,6000
mk09,independent,0.15,ablation,no-critical,1015,1.0424911386567572,0.05684946642301835,350,7591.025,380,8104.05,29,1.5611819999758154,6000
mk09,independent,0.15,ablation,no-critical,1016,1.0369057833448112,0.060989803959358053,345,7600.25,371,8099.1125,35,1.4907664000056684,6000
mk09,independent,0.15,ablation,no-critical,1017,1.0415523610258066,0.04605373584304128,353,7584.3375,389,7917.05,27,1.4292939000297338,6000
mk09,independent,0.15,ablation,no-critical,1018,1.0364998702335384,0.04509985067544664,358,7568.525,381,7978.85,42,1.4427604000084102,6000
mk09,independent,0.15,ablation,no-critical,1019,1.0439483565672172,0.06600348137160386,342,7618.925,385,8096.6125,37,1.3179822000674903,6000
mk09,independent,0.15,ablation,no-critical,1020,1.0664539608239705,0.03972200005963394,344,7562.975,376,8020.1,31,1.5370161999017,6000
mk09,independent,0.15,ablation,no-critical,1021,1.0514174685303403,0.058059119055183586,347,7563.5875,382,8100.725,32,1.4196107999887317,6000
mk09,independent,0.15,ablation,no-critical,1022,1.0259427455894914,0.05576961635148991,359,7559.6,378,8069.7125,28,1.4621957999188453,6000
mk09,independent,0.15,ablation,no-critical,1023,1.0529989417053895,0.04870470311355724,353,7489.2625,381,8001.1625,40,1.424885499989614,6000
mk09,independent,0.15,ablation,no-critical,1024,1.0285891671371357,0.07128279199049117,350,7573.6,380,8165.45,37,1.3202408999204636,6000
mk09,independent,0.15,ablation,no-critical,1025,1.0256098920301688,0.0746881708194804,349,7532.525,385,8123.9125,36,1.4792498000897467,6000
mk09,independent,0.15,ablation,no-critical,1026,1.0314597486149633,0.058270602973939045,349,7632.525,388,7990.1125,35,1.3670881998259574,6000
mk09,independent,0.15,ablation,no-critical,1027,1.0508548533690685,0.05403249977953701,343,7612.175,397,7905.975,31,1.3217281000688672,6000
mk09,independent,0.15,ablation,no-critical,1028,1.0722964036595175,0.04899416859356857,328,7671.3875,380,8021.4625,32,1.357266099890694,6000
mk09,independent,0.15,ablation,no-critical,1029,1.0724114253424077,0.03039422025882906,341,7581.9375,384,7927.675,29,1.3685583998449147,6000
mk09,independent,0.15,ablation,no-exchange,1000,0.964374670413867,0.11661441260037504,343,7690.8,376,8304.8,34,2.0310595999471843,6000
mk09,independent,0.15,ablation,no-exchange,1001,0.9881385078614697,0.0978341580207996,334,7728.65,382,8214.925,21,1.9465366997756064,6000
mk09,independent,0.15,ablation,no-exchange,1002,0.979678597943176,0.10375621550759893,335,7705.475,372,8290.525,25,2.0752004999667406,6000
mk09,independent,0.15,ablation,no-exchange,1003,0.9441649217989044,0.12632778009237758,349,7651.2,391,8227,34,2.05099909985438,6000
mk09,independent,0.15,ablation,no-exchange,1004,0.953396324352047,0.12002847307397303,347,7677.6125,407,8063.7375,37,2.080264300107956,6000
mk09,independent,0.15,ablation,no-exchange,1005,0.9514989603173128,0.11802146798752701,341,7729.4,383,8259.025,32,2.0060197999700904,6000
mk09,independent,0.15,ablation,no-exchange,1006,0.9177138354830111,0.14185177961185955,351,7705.4,409,8138.6375,35,2.080680500017479,6000
mk09,independent,0.15,ablation,no-exchange,1007,0.959117040042518,0.10735638790991263,350,7632.3375,394,8085.3625,21,1.9997709000017494,6000
mk09,independent,0.15,ablation,no-exchange,1008,0.9460932798550752,0.11219433145826314,349,7705.35,407,8008.9125,29,2.0602082000114024,6000
mk09,independent,0.15,ablation,no-exchange,1009,0.9584903429970573,0.11349664763754023,341,7722.05,393,8162.325,33,2.1003162001725286,6000
mk09,independent,0.15,ablation,no-exchange,1010,0.9628728588533813,0.1128121973972157,354,7674.6625,391,8213.6375,28,2.0796507000923157,6000
mk09,independent,0.15,ablation,no-exchange,1011,0.9485101078250727,0.11004415902910143,337,7698.7625,391,8091.6625,28,2.0003565999213606,6000
mk09,independent,0.15,ablation,no-exchange,1012,0.9782010051472306,0.1053703826020936,351,7577.225,406,8062.4625,32,2.0658726999536157,6000
mk09,independent,0.15,ablation,no-exchange,1013,0.9459921007897665,0.1269983173885492,336,7686.05,395,8190.425,34,1.9633458000607789,6000
mk09,independent,0.15,ablation,no-exchange,1014,0.9663905329420696,0.10540398476319061,356,7651.25,384,8234.1125,29,1.9572900999337435,6000
mk09,independent,0.15,ablation,no-exchange,1015,0.973443040278269,0.09804301221182435,354,7708.95,397,8111.7125,27,1.7565772000234574,6000
mk09,independent,0.15,ablation,no-exchange,1016,0.9685671404435016,0.1181869161711804,342,7701.7125,374,8363.625,28,1.6845366000197828,6000
mk09,independent,0.15,ablation,no-exchange,1017,0.9445247031915316,0.11584795219675767,347,7685.75,394,8161.7375,21,1.7050854999106377,6000
mk09,independent,0.15,ablation,no-exchange,1018,0.9478324735658997,0.12180972533704604,351,7699.2875,394,8193.8125,33,1.592398399952799,6000
mk09,independent,0.15,ablation,no-exchange,1019,0.9199147341286831,0.13984184566062602,352,7697.525,411,8105.8,15,1.6822395999915898,6000
mk09,independent,0.15,ablation,no-exchange,1020,0.9615480104888526,0.1263593636748024,332,7728.8,413,8010.5125,20,1.6937743001617491,6000
mk09,independent,0.15,ablation,no-exchange,1021,0.9605738908845007,0.11666953200400632,335,7719.325,406,8034.4375,19,1.627359800040722,6000
mk09,independent,0.15,ablation,no-exchange,1022,0.9588711791273491,0.11713628193954383,342,7652.975,397,8205.8375,25,1.5955857001245022,6000
mk09,independent,0.15,ablation,no-exchange,1023,0.947826036942599,0.11825263946616905,340,7683.85,389,8170.2375,36,1.6371615000534803,6000
mk09,independent,0.15,ablation,no-exchange,1024,0.9343678227772714,0.1264193948400091,350,7727.7125,401,8132.9875,27,1.895617000060156,6000
mk09,independent,0.15,ablation,no-exchange,1025,0.9260894127111162,0.13350691056867098,349,7712,400,8196.2375,22,1.8768620998598635,6000
mk09,independent,0.15,ablation,no-exchange,1026,0.9617215511590063,0.11752725848176092,334,7721.6875,379,8254.775,30,1.620282599935308,6000
mk09,independent,0.15,ablation,no-exchange,1027,0.9660519071016893,0.11792022900582347,334,7718.775,377,8309.6875,36,1.8129512998275459,6000
mk09,independent,0.15,ablation,no-exchange,1028,0.976359409671169,0.10760406358947872,341,7719.775,376,8282.3125,24,1.8231261000037193,6000
mk09,independent,0.15,ablation,no-exchange,1029,0.9450525941918392,0.12165651820879088,346,7655.825,404,8113.0375,25,1.4716111000161618,6000
mk09,independent,0.15,ablation,no-gap,1000,1.0183524881038797,0.0628193430195706,352,7630.3125,373,8140.925,26,1.6500472000334412,6000
mk09,independent,0.15,ablation,no-gap,1001,1.0362940947470953,0.06736067254652987,341,7645.075,368,8146.65,25,1.635703899897635,6000
mk09,independent,0.15,ablation,no-gap,1002,1.0424688612191642,0.07426897815350922,343,7545.875,381,8116.5,40,1.7545203000772744,6000
mk09,independent,0.15,ablation,no-gap,1003,1.049814527019342,0.049858350753140934,343,7631.975,370,8132.6375,36,1.5622835999820381,6000
mk09,independent,0.15,ablation,no-gap,1004,1.0141371305791826,0.06837971005744674,356,7617.0125,391,7981.4375,28,1.6142389001324773,6000
mk09,independent,0.15,ablation,no-gap,1005,1.0654604046852414,0.040006675715121336,348,7545.8,385,7976.2375,21,1.6903651000466198,6000
mk09,independent,0.15,ablation,no-gap,1006,1.0334779557284401,0.06685388237644838,348,7601.075,396,7977.775,32,1.7165447000879794,6000
mk09,independent,0.15,ablation,no-gap,1007,1.038913650501178,0.061375158676280454,352,7551.3625,401,7911.1375,32,1.7003224999643862,6000
mk09,independent,0.15,ablation,no-gap,1008,1.0646916702339526,0.04753183193902279,338,7605.9125,370,8049.15,38,1.6520113998558372,6000
mk09,independent,0.15,ablation,no-gap,1009,1.021546056236959,0.06977210368842146,356,7573.4625,402,7938.4625,28,1.6322949000168592,6000
mk09,independent,0.15,ablation,no-gap,1010,1.0398562487462806,0.05225199632163467,353,7562.7,387,8003.95,30,1.668565700063482,6000
mk09,independent,0.15,ablation,no-gap,1011,1.0569877094099813,0.04529614612027122,341,7593.075,379,7989.1625,25,1.6565217000897974,6000
mk09,independent,0.15,ablation,no-gap,1012,1.0428253726003538,0.053396771073939635,348,7608.3,389,7979.15,40,1.6815706000197679,6000
mk09,independent,0.15,ablation,no-gap,1013,1.048458738918151,0.051782022786785356,349,7588.225,382,8049.9875,32,1.4776125999633223,6000
mk09,independent,0.15,ablation,no-gap,1014,1.0394391865762544,0.06991244625638215,345,7577.825,388,8070.1125,41,1.5723069000523537,6000
mk09,independent,0.15,ablation,no-gap,1015,1.0284342306348115,0.06960191850807249,346,7620.3125,386,8084.1,30,1.4952754001133144,6000
mk09,independent,0.15,ablation,no-gap,1016,1.0344829116698822,0.06521800402687399,344,7593.25,398,7979.1875,29,1.4111916001420468,6000
mk09,independent,0.15,ablation,no-gap,1017,1.0288548083902551,0.06178765999423753,347,7634.75,381,8113.375,30,1.3757809000089765,6000
mk09,independent,0.15,ablation,no-gap,1018,1.017974123223337,0.07042603533472293,352,7623,394,7948.2125,28,1.3607126001734287,6000
mk09,independent,0.15,ablation,no-gap,1019,1.0436163276194734,0.06495657806820058,340,7642.8,397,8013.7125,44,1.4157382999546826,6000
mk09,independent,0.15,ablation,no-gap,1020,1.0377114728028107,0.06565504494209032,343,7618.375,379,8055.8125,24,1.4708862998522818,6000
mk09,independent,0.15,ablation,no-gap,1021,1.0628389593039964,0.04381633896472884,342,7588.9,369,8094.8,28,1.4005093001760542,6000
mk09,independent,0.15,ablation,no-gap,1022,1.0468679261768423,0.059210905424915514,350,7530.0875,395,7954.675,38,1.2803528001531959,6000
mk09,independent,0.15,ablation,no-gap,1023,1.054162895167311,0.06075075842377532,343,7562.2125,372,8157.1625,25,1.412836799863726,6000
mk09,independent,0.15,ablation,no-gap,1024,1.0091126352207895,0.07884370230635471,356,7600.2625,380,8173.3125,25,1.3460760000161827,6000
mk09,independent,0.15,ablation,no-gap,1025,1.0458830736970104,0.059297297554513316,345,7599.6375,398,7978.825,29,1.309724499937147,6000
mk09,independent,0.15,ablation,no-gap,1026,1.010607749074057,0.06625101813377089,352,7646.225,388,8036.55,28,1.3151378999464214,6000
mk09,independent,0.15,ablation,no-gap,1027,1.064165467231642,0.05632836591329006,328,7660.1125,393,7947.4375,28,1.4616783000528812,6000
mk09,independent,0.15,ablation,no-gap,1028,1.0349170476940859,0.06504130727178976,346,7618.6875,396,7977.125,31,1.4471696999389678,6000
mk09,independent,0.15,ablation,no-gap,1029,1.0601891746853038,0.050441431214734996,346,7526.7875,396,7868.85,36,1.3826017000246793,6000
mk09,independent,0.15,ablation,no-rebuild,1000,1.0747146662985645,0.04459123062278013,339,7558.3625,375,8064.775,29,1.8995904999319464,6000
mk09,independent,0.15,ablation,no-rebuild,1001,1.0390770890332346,0.047737337844962514,348,7653.475,371,8070.5375,26,1.755822699982673,6000
mk09,independent,0.15,ablation,no-rebuild,1002,1.0691595579461544,0.054019127761107524,333,7627.2,385,7980.5875,28,1.723637199960649,6000
mk09,independent,0.15,ablation,no-rebuild,1003,1.0567910460107415,0.05826606705053466,338,7623.9375,392,7984.4625,40,1.7767050000838935,6000
mk09,independent,0.15,ablation,no-rebuild,1004,1.0416000049631797,0.04413760681503555,356,7569.825,387,8031.4375,31,1.8645413999911398,6000
mk09,independent,0.15,ablation,no-rebuild,1005,1.0442464497757264,0.05321590430456104,351,7564.7125,384,8043.3625,34,1.7501512998715043,6000
mk09,independent,0.15,ablation,no-rebuild,1006,1.046498810387935,0.047674925604282894,349,7598.05,371,8133.725,26,1.7926723000127822,6000
mk09,independent,0.15,ablation,no-rebuild,1007,1.057533087862752,0.041225193181612475,347,7584.4625,379,8043.9,24,1.7798657000530511,6000
mk09,independent,0.15,ablation,no-rebuild,1008,1.0098547908123279,0.07440158488195014,358,7598.1125,387,8112.075,32,1.7919906999450177,6000
mk09,independent,0.15,ablation,no-rebuild,1009,1.0334476932589685,0.04471911289269987,353,7644.85,391,7908.3125,27,1.831048500025645,6000
mk09,independent,0.15,ablation,no-rebuild,1010,1.0652806367759189,0.05997513952091647,338,7543.0875,370,8202.125,35,1.748353200033307,6000
mk09,independent,0.15,ablation,no-rebuild,1011,1.0414458620525642,0.06758506130426405,342,7609.2,374,8205.6625,40,1.917036399943754,6000
mk09,independent,0.15,ablation,no-rebuild,1012,1.0557185391294996,0.04744757326159555,344,7598.35,389,7894.2125,24,1.7319334000349045,6000
mk09,independent,0.15,ablation,no-rebuild,1013,1.0562037571268157,0.040498249578366965,347,7607.9,368,8103.0625,30,1.7593113000039011,6000
mk09,independent,0.15,ablation,no-rebuild,1014,1.0758489337436228,0.04156418344573398,345,7494.9875,378,8033.55,40,1.728738100035116,6000
mk09,independent,0.15,ablation,no-rebuild,1015,1.0478256776290895,0.048307098150534536,340,7676.4625,371,8048.425,26,1.591279299929738,6000
mk09,independent,0.15,ablation,no-rebuild,1016,1.0389752869855098,0.05428722062714292,350,7600.125,385,8030.5875,27,1.5240800001192838,6000
mk09,independent,0.15,ablation,no-rebuild,1017,1.0401161823430758,0.05647173977695535,342,7656.2,389,7967.075,27,1.8070909001398832,6000
mk09,independent,0.15,ablation,no-rebuild,1018,1.0290974897686123,0.0622038652579948,346,7656.9875,368,8169.1,30,1.5565545000135899,6000
mk09,independent,0.15,ablation,no-rebuild,1019,1.0738940562824544,0.03944039228373939,342,7562.8875,358,8180.5625,38,1.5602319999597967,6000
mk09,independent,0.15,ablation,no-rebuild,1020,1.0538436825964046,0.047995516077624964,345,7629.8,395,7949.7,35,1.5083431999664754,6000
mk09,independent,0.15,ablation,no-rebuild,1021,1.049313046854482,0.04253920712841761,349,7605.1875,389,7862.5,32,1.482821499928832,6000
mk09,independent,0.15,ablation,no-rebuild,1022,1.0617341684916686,0.055330951434125794,340,7586.925,392,8006.95,30,1.5932392000686377,6000
mk09,independent,0.15,ablation,no-rebuild,1023,1.0507771098165484,0.05760091104570465,347,7557.2375,370,8157.425,37,1.6427819998934865,6000
mk09,independent,0.15,ablation,no-rebuild,1024,1.0332046473971228,0.05161910274711222,355,7580.75,374,8120.675,26,1.4369171001017094,6000
mk09,independent,0.15,ablation,no-rebuild,1025,1.0344412933425153,0.06377355362838633,349,7601,394,8007.5625,35,1.4828664001543075,6000
mk09,independent,0.15,ablation,no-rebuild,1026,1.0467082953339915,0.04852598030299583,347,7604,369,8124.9875,37,1.40170479984954,6000
mk09,independent,0.15,ablation,no-rebuild,1027,1.0603784114103496,0.06352259794856525,334,7575.9625,367,8150.1125,39,1.5033502001315355,6000
mk09,independent,0.15,ablation,no-rebuild,1028,1.0385060235420145,0.05877537399054327,345,7634.1125,378,8134.0875,29,1.7092171001713723,6000
mk09,independent,0.15,ablation,no-rebuild,1029,1.0614006609300584,0.04169936899557887,347,7537.5125,365,8125.8125,33,1.4975096001289785,6000
mk09,independent,0.15,main,DABC,1000,0.9318000676233194,0.11421663332200062,352,7703.125,381,8235.0625,27,1.35433640005067,6000
mk09,independent,0.15,main,DABC,1001,0.9603789025583125,0.11159720528660312,342,7628.65,384,8167.4625,29,1.3537846999242902,6000
mk09,independent,0.15,main,DABC,1002,0.9490152871095889,0.1284266231424212,341,7703.4125,388,8248.2,30,1.4160023999866098,6000
mk09,independent,0.15,main,DABC,1003,0.9339145138875967,0.13760400008656198,343,7654.925,393,8252.825,29,1.5328975999727845,6000
mk09,independent,0.15,main,DABC,1004,0.9108401602900152,0.13637915999654954,353,7642.25,400,8220.575,35,1.4204772000666708,6000
mk09,independent,0.15,main,DABC,1005,0.91600786405438,0.13177166814197983,352,7686.0625,395,8266.675,24,1.425713200122118,6000
mk09,independent,0.15,main,DABC,1006,0.906168229034186,0.139148732511003,356,7683.575,397,8215.25,24,1.3676667001564056,6000
mk09,independent,0.15,main,DABC,1007,0.9234867653718976,0.13225965719887456,354,7689.0125,394,8220.8375,22,1.4030937999486923,6000
mk09,independent,0.15,main,DABC,1008,0.918611498859503,0.1295275454048405,345,7698.3375,391,8172.525,34,1.4045946998521686,6000
mk09,independent,0.15,main,DABC,1009,0.919794113359018,0.13441205371918058,352,7710.4875,391,8306.975,24,1.2788186001125723,6000
mk09,independent,0.15,main,DABC,1010,0.9226247541675199,0.14032169356880989,341,7685.3,398,8160.275,31,1.3620960998814553,6000
mk09,independent,0.15,main,DABC,1011,0.8965814990249422,0.14925580395291357,347,7668.075,399,8251.4625,32,1.3265456000808626,6000
mk09,independent,0.15,main,DABC,1012,0.9174379525023735,0.126571549984256,365,7635.2125,392,8228.65,30,1.3835880998522043,6000
mk09,independent,0.15,main,DABC,1013,0.9494424565876904,0.1322133291023891,344,7612.975,403,8155.825,27,1.373858500039205,6000
mk09,independent,0.15,main,DABC,1014,0.9065389914612635,0.1357336049526595,345,7671.4,399,8042.7625,28,1.4501779999118298,6000
mk09,independent,0.15,main,DABC,1015,0.9383270828292607,0.1190096705753998,348,7696.15,384,8236.4,30,1.3411526998970658,6000
mk09,independent,0.15,main,DABC,1016,0.9410452429993322,0.12708085860931936,341,7661.3125,388,8153.3125,25,1.5112745000515133,6000
mk09,independent,0.15,main,DABC,1017,0.9155763311143789,0.1378719340447935,349,7674.225,405,8075.625,30,1.3113671999890357,6000
mk09,independent,0.15,main,DABC,1018,0.9317599692696478,0.1204532618328675,354,7693.275,383,8189.4625,22,1.3869302000384778,6000
mk09,independent,0.15,main,DABC,1019,0.9109942127260057,0.1437053089731803,353,7705.25,396,8218.875,29,1.4112851000390947,6000
mk09,independent,0.15,main,DABC,1020,0.9285368055943305,0.13186617719369217,353,7685.3,394,8237.4125,25,1.4990370001178235,6000
mk09,independent,0.15,main,DABC,1021,0.9305134900250437,0.12529523743961246,349,7667.95,392,8147.0375,14,1.3679237999022007,6000
mk09,independent,0.15,main,DABC,1022,0.9254680691784488,0.1349548178025281,357,7659.95,389,8309.725,30,1.384091999847442,6000
mk09,independent,0.15,main,DABC,1023,0.9301773845492095,0.13310910914831467,352,7665.975,393,8214.4875,28,1.4420181000605226,6000
mk09,independent,0.15,main,DABC,1024,0.9124311203757127,0.14333339459550867,347,7673.1125,404,8121.3375,18,1.366771399974823,6000
mk09,independent,0.15,main,DABC,1025,0.9000656018578836,0.14401961649151943,355,7691.25,403,8129.975,19,1.3376880998257548,6000
mk09,independent,0.15,main,DABC,1026,0.9217551586046021,0.1290691081163065,347,7719.0125,393,8172,26,1.4424121000338346,6000
mk09,independent,0.15,main,DABC,1027,0.9074544757538348,0.13961451243962378,340,7709.0375,398,8148.25,27,1.407477700151503,6000
mk09,independent,0.15,main,DABC,1028,0.8982243760352883,0.1460705524265813,348,7699.3875,404,8172,21,1.440831100102514,6000
mk09,independent,0.15,main,DABC,1029,0.9207734106968924,0.12919420557385708,356,7659.3625,399,8175.0125,32,1.414488999871537,6000
mk09,independent,0.15,main,EAMS-ABC,1000,1.0747146662985645,0.04459123062278013,339,7558.3625,375,8064.775,29,1.797472600126639,6000
mk09,independent,0.15,main,EAMS-ABC,1001,1.0390770890332346,0.047737337844962514,348,7653.475,371,8070.5375,26,1.8158505000174046,6000
mk09,independent,0.15,main,EAMS-ABC,1002,1.0691595579461544,0.054019127761107524,333,7627.2,385,7980.5875,28,1.6904124999418855,6000
mk09,independent,0.15,main,EAMS-ABC,1003,1.0567910460107415,0.05826606705053466,338,7623.9375,392,7984.4625,40,1.927271299995482,6000
mk09,independent,0.15,main,EAMS-ABC,1004,1.0416000049631797,0.04413760681503555,356,7569.825,387,8031.4375,31,1.8814698001369834,6000
mk09,independent,0.15,main,EAMS-ABC,1005,1.0442464497757264,0.05321590430456104,351,7564.7125,384,8043.3625,34,1.7814927001018077,6000
mk09,independent,0.15,main,EAMS-ABC,1006,1.046498810387935,0.047674925604282894,349,7598.05,371,8133.725,26,1.746648499974981,6000
mk09,independent,0.15,main,EAMS-ABC,1007,1.057533087862752,0.041225193181612475,347,7584.4625,379,8043.9,24,1.8425292000174522,6000
mk09,independent,0.15,main,EAMS-ABC,1008,1.0098547908123279,0.07440158488195014,358,7598.1125,387,8112.075,32,1.8205969999544322,6000
mk09,independent,0.15,main,EAMS-ABC,1009,1.0334476932589685,0.04471911289269987,353,7644.85,391,7908.3125,27,1.7179711000062525,6000
mk09,independent,0.15,main,EAMS-ABC,1010,1.0652806367759189,0.05997513952091647,338,7543.0875,370,8202.125,35,1.956638399977237,6000
mk09,independent,0.15,main,EAMS-ABC,1011,1.0414458620525642,0.06758506130426405,342,7609.2,374,8205.6625,40,1.9236647998914123,6000
mk09,independent,0.15,main,EAMS-ABC,1012,1.0557185391294996,0.04744757326159555,344,7598.35,389,7894.2125,24,1.83437589998357,6000
mk09,independent,0.15,main,EAMS-ABC,1013,1.0562037571268157,0.040498249578366965,347,7607.9,368,8103.0625,30,2.072610299801454,6000
mk09,independent,0.15,main,EAMS-ABC,1014,1.0758489337436228,0.04156418344573398,345,7494.9875,378,8033.55,40,1.8028881000354886,6000
mk09,independent,0.15,main,EAMS-ABC,1015,1.0478256776290895,0.048307098150534536,340,7676.4625,371,8048.425,26,1.7756466001737863,6000
mk09,independent,0.15,main,EAMS-ABC,1016,1.0389752869855098,0.05428722062714292,350,7600.125,385,8030.5875,27,1.7892026000190526,6000
mk09,independent,0.15,main,EAMS-ABC,1017,1.0401161823430758,0.05647173977695535,342,7656.2,389,7967.075,27,1.7805772998835891,6000
mk09,independent,0.15,main,EAMS-ABC,1018,1.0290974897686123,0.0622038652579948,346,7656.9875,368,8169.1,30,1.8032366000115871,6000
mk09,independent,0.15,main,EAMS-ABC,1019,1.0738940562824544,0.03944039228373939,342,7562.8875,358,8180.5625,38,1.8707904000766575,6000
mk09,independent,0.15,main,EAMS-ABC,1020,1.0538436825964046,0.047995516077624964,345,7629.8,395,7949.7,35,1.7521420000120997,6000
mk09,independent,0.15,main,EAMS-ABC,1021,1.049313046854482,0.04253920712841761,349,7605.1875,389,7862.5,32,1.8477638999465853,6000
mk09,independent,0.15,main,EAMS-ABC,1022,1.0617341684916686,0.055330951434125794,340,7586.925,392,8006.95,30,1.7678057001903653,6000
mk09,independent,0.15,main,EAMS-ABC,1023,1.0507771098165484,0.05760091104570465,347,7557.2375,370,8157.425,37,1.7309409999288619,6000
mk09,independent,0.15,main,EAMS-ABC,1024,1.0332046473971228,0.05161910274711222,355,7580.75,374,8120.675,26,1.7162434000056237,6000
mk09,independent,0.15,main,EAMS-ABC,1025,1.0344412933425153,0.06377355362838633,349,7601,394,8007.5625,35,1.7723491000942886,6000
mk09,independent,0.15,main,EAMS-ABC,1026,1.0467082953339915,0.04852598030299583,347,7604,369,8124.9875,37,1.7840924998745322,6000
mk09,independent,0.15,main,EAMS-ABC,1027,1.0603784114103496,0.06352259794856525,334,7575.9625,367,8150.1125,39,1.849520199932158,6000
mk09,independent,0.15,main,EAMS-ABC,1028,1.0385060235420145,0.05877537399054327,345,7634.1125,378,8134.0875,29,1.8059163000434637,6000
mk09,independent,0.15,main,EAMS-ABC,1029,1.0614006609300584,0.04169936899557887,347,7537.5125,365,8125.8125,33,1.7348947999998927,6000
mk09,independent,0.15,main,MA-NSGA-II,1000,1.0768912608750503,0.039497863227771414,346,7514.7625,390,7935.6125,29,1.622286699945107,6000
mk09,independent,0.15,main,MA-NSGA-II,1001,1.0519799104973317,0.046171109622476635,354,7527.9,394,7907.7125,27,1.6271258001215756,6000
mk09,independent,0.15,main,MA-NSGA-II,1002,1.0679915796559274,0.04939300720087257,339,7598.4,395,7951.9375,30,1.7294761000666767,6000
mk09,independent,0.15,main,MA-NSGA-II,1003,1.055544721865494,0.05132160768708776,346,7584.9875,362,8179.5375,31,1.731372799957171,6000
mk09,independent,0.15,main,MA-NSGA-II,1004,1.038311355754496,0.037878409024531864,358,7581.575,369,8070.4625,26,1.6792121001053602,6000
mk09,independent,0.15,main,MA-NSGA-II,1005,1.0367791085302578,0.03832663195287013,360,7565.925,374,8036.4125,20,1.6741893999278545,6000
mk09,independent,0.15,main,MA-NSGA-II,1006,1.074029600195219,0.03591035289305533,342,7575.6375,361,8094.275,25,1.5955884999129921,6000
mk09,independent,0.15,main,MA-NSGA-II,1007,1.0644252974288662,0.041755385151806386,345,7577.4875,382,8021.375,30,1.694255500100553,6000
mk09,independent,0.15,main,MA-NSGA-II,1008,0.9772615683440147,0.07157308538139444,364,7704.9125,393,7983.925,25,1.5970719000324607,6000
mk09,independent,0.15,main,MA-NSGA-II,1009,1.052236736937015,0.03974215158992405,345,7646.8,369,8011.4875,32,1.6189133999869227,6000
mk09,independent,0.15,main,MA-NSGA-II,1010,1.0586810635059487,0.04390555385571028,346,7594.8625,394,7892.1375,29,1.695215499959886,6000
mk09,independent,0.15,main,MA-NSGA-II,1011,1.0372778356815375,0.047608451467297155,354,7595.8375,387,7914.975,29,1.6191110000945628,6000
mk09,independent,0.15,main,MA-NSGA-II,1012,1.0452372994306822,0.051998243779424816,347,7616.225,381,8051.7875,32,1.6415190999396145,6000
mk09,independent,0.15,main,MA-NSGA-II,1013,1.0424899288817757,0.050299031292095106,346,7654.6875,373,8106.7,23,1.7345356999430805,6000
mk09,independent,0.15,main,MA-NSGA-II,1014,1.0258333953730763,0.05407117415718289,355,7623,382,7987.25,33,1.801339500118047,6000
mk09,independent,0.15,main,MA-NSGA-II,1015,1.0496148288426903,0.04405552726892097,354,7526.575,372,8073.2625,26,1.6493534001056105,6000
mk09,independent,0.15,main,MA-NSGA-II,1016,1.0536528044031672,0.05732128149980902,343,7594.3125,377,8141.4125,35,1.7014411999844015,6000
mk09,independent,0.15,main,MA-NSGA-II,1017,1.0510787728952504,0.06838474135376423,340,7585.6375,388,8163.55,28,1.7606587000191212,6000
mk09,independent,0.15,main,MA-NSGA-II,1018,1.0603549733125708,0.05305267241294731,341,7590.55,363,8196.2,24,1.7217747999820858,6000
mk09,independent,0.15,main,MA-NSGA-II,1019,1.0370215443346342,0.042039647252767195,350,7679.6625,387,7869.0875,23,1.7072114998009056,6000
mk09,independent,0.15,main,MA-NSGA-II,1020,1.0498091709215593,0.06190880761675842,341,7606.4375,396,7999.075,37,1.7569939999375492,6000
mk09,independent,0.15,main,MA-NSGA-II,1021,1.0684183898205188,0.04172912822791091,346,7553.325,389,7932.45,33,1.6570735001005232,6000
mk09,independent,0.15,main,MA-NSGA-II,1022,1.0407616696755946,0.0668942676213803,340,7642.875,394,8036.525,28,1.7787512999493629,6000
mk09,independent,0.15,main,MA-NSGA-II,1023,1.0675600467159265,0.05375026689312058,339,7560.375,387,8044.375,31,1.6488139999564737,6000
mk09,independent,0.15,main,MA-NSGA-II,1024,1.0441617138272112,0.06335497713097767,347,7581.7125,384,8098.7875,34,1.6215332001447678,6000
mk09,independent,0.15,main,MA-NSGA-II,1025,1.0559141866279542,0.036304448689785156,355,7534.025,385,7906.0125,26,1.6629457999952137,6000
mk09,independent,0.15,main,MA-NSGA-II,1026,1.040693058890192,0.05309980483716522,350,7606.4,385,7992.2,32,1.616690400056541,6000
mk09,independent,0.15,main,MA-NSGA-II,1027,1.0285174621195672,0.0709799510928954,343,7661.2125,388,8063.8875,28,1.5659562998916954,6000
mk09,independent,0.15,main,MA-NSGA-II,1028,1.0608812538645591,0.03820092688437899,340,7665.35,363,8106.425,28,1.6930454999674112,6000
mk09,independent,0.15,main,MA-NSGA-II,1029,1.05773641277936,0.06588891493752046,335,7604.825,400,7947.425,35,1.702026000013575,6000
mk09,independent,0.15,main,MOEA-D,1000,1.0192576815541372,0.038238590799054194,359,7664.3375,363,8032.4875,23,2.5336289000697434,6000
mk09,independent,0.15,main,MOEA-D,1001,1.0171319311317497,0.045218658686191474,346,7787.825,357,8053.625,25,2.356521900044754,6000
mk09,independent,0.15,main,MOEA-D,1002,1.0422231993481694,0.034642010619212245,348,7697.925,365,8072.8625,31,2.691619199933484,6000
mk09,independent,0.15,main,MOEA-D,1003,1.0389793118138144,0.03187938896446083,350,7698.85,375,7927.15,33,2.415923099964857,6000
mk09,independent,0.15,main,MOEA-D,1004,1.0199909551225184,0.04430354740926323,355,7689.2,376,7996.8,30,2.546272700186819,6000
mk09,independent,0.15,main,MOEA-D,1005,1.0319603447134904,0.03570644054725889,349,7735.7125,376,7943.4875,27,2.4336967999115586,6000
mk09,independent,0.15,main,MOEA-D,1006,1.017883222075395,0.03951784827543852,355,7722.25,370,8025.5,30,2.441318300087005,6000
mk09,independent,0.15,main,MOEA-D,1007,1.0269395407197854,0.03963960333586818,349,7706.4875,360,8023.725,19,2.5047631999477744,6000
mk09,independent,0.15,main,MOEA-D,1008,1.0221089040472666,0.03553002472159128,351,7749.5,375,7899.3625,23,2.5021083001047373,6000
mk09,independent,0.15,main,MOEA-D,1009,1.0097140252212238,0.04930016914384648,352,7749.8,381,7951,28,2.385887200012803,6000
mk09,independent,0.15,main,MOEA-D,1010,1.006426435858144,0.053747359973901856,354,7714.925,375,8049.55,36,2.5266325999982655,6000
mk09,independent,0.15,main,MOEA-D,1011,1.0105863944776357,0.06188798545510454,347,7758.05,351,8186.2125,26,2.632090800208971,6000
mk09,independent,0.15,main,MOEA-D,1012,1.0566578570232095,0.03418745578677478,340,7721.9875,359,8055.725,22,2.5561050998512655,6000
mk09,independent,0.15,main,MOEA-D,1013,0.9779428112482191,0.05870900395801624,362,7776.875,389,7913.9,24,2.46471369988285,6000
mk09,independent,0.15,main,MOEA-D,1014,1.0345543375086084,0.04248209616814142,345,7746.425,360,8095.0125,26,2.365062100114301,6000
mk09,independent,0.15,main,MOEA-D,1015,1.00030378018492,0.052317865444669924,354,7749.95,364,8078.7,25,2.5014555999077857,6000
mk09,independent,0.15,main,MOEA-D,1016,1.022717123589372,0.034851658289588194,352,7750.075,374,7930.05,20,2.494158099871129,6000
mk09,independent,0.15,main,MOEA-D,1017,0.988612310546136,0.0540153796612288,360,7769.525,382,7984.7875,18,2.493624299997464,6000
mk09,independent,0.15,main,MOEA-D,1018,1.0127718297174504,0.0345814765204956,358,7727.575,371,7943.5875,21,2.560255200136453,6000
mk09,independent,0.15,main,MOEA-D,1019,1.012726584650127,0.036903112762523275,360,7677.2375,361,8025.5375,22,2.418262399965897,6000
mk09,independent,0.15,main,MOEA-D,1020,1.0215023311433304,0.05717086971207968,345,7731.4625,379,8066.7625,31,2.401033600093797,6000
mk09,independent,0.15,main,MOEA-D,1021,1.0311645299145304,0.03386797841635901,349,7747.5875,370,7975.65,20,2.5098880999721587,6000
mk09,independent,0.15,main,MOEA-D,1022,1.0262162271150903,0.040293517341692744,354,7688.15,367,8082.7625,28,2.50441600009799,6000
mk09,independent,0.15,main,MOEA-D,1023,1.040906690159049,0.02781544660325404,350,7703.1125,360,8034.9,27,2.377200899878517,6000
mk09,independent,0.15,main,MOEA-D,1024,1.0372475421921952,0.03957557442777761,347,7715.7625,376,7981.5625,32,2.407492300029844,6000
mk09,independent,0.15,main,MOEA-D,1025,1.040371837782617,0.03535726521325977,347,7713.575,366,8024.1,30,2.4935605998616666,6000
mk09,independent,0.15,main,MOEA-D,1026,1.0630929319155182,0.025831863817525846,340,7722.725,381,7880.475,24,2.4400645999703556,6000
mk09,independent,0.15,main,MOEA-D,1027,1.031635577000626,0.03531806929467072,346,7772.225,361,8022.3625,22,2.4490464001428336,6000
mk09,independent,0.15,main,MOEA-D,1028,1.017695451039269,0.04063330684643677,347,7801.3625,363,8012.225,17,2.4495898000895977,6000
mk09,independent,0.15,main,MOEA-D,1029,1.038587106900681,0.030581549483374434,353,7667.3375,378,7867.1375,27,2.6157863999251276,6000
mk09,independent,0.15,main,NSGA-II,1000,1.0705481573162428,0.03857159473052564,344,7576.725,381,7998.1875,38,1.364516400033608,6000
mk09,independent,0.15,main,NSGA-II,1001,1.105041290033729,0.021066715465081574,340,7506.325,372,8007.425,46,1.24930450017564,6000
mk09,independent,0.15,main,NSGA-II,1002,1.0500129766461725,0.050777519729068014,350,7564.6,386,8006.175,32,1.2549389998894185,6000
mk09,independent,0.15,main,NSGA-II,1003,1.0608716247795007,0.04333819585905339,349,7545.6,385,8009.6375,40,1.3017545999027789,6000
mk09,independent,0.15,main,NSGA-II,1004,1.055161861688598,0.02980412346595479,357,7535.9125,371,8043.875,30,1.316455300198868,6000
mk09,independent,0.15,main,NSGA-II,1005,1.0881068572527564,0.021345668361819004,346,7518.2625,374,7930.225,32,1.1590150999836624,6000
mk09,independent,0.15,main,NSGA-II,1006,1.070737562065593,0.034694665113902214,346,7565.0875,374,8049.625,31,1.2238906000275165,6000
mk09,independent,0.15,main,NSGA-II,1007,1.0512865439934156,0.04475179997315714,357,7493.5625,378,7991.7625,29,1.2052694999147207,6000
mk09,independent,0.15,main,NSGA-II,1008,1.0724805505406767,0.033868480546185624,343,7594.175,389,7908.6875,36,1.2370330998674035,6000
mk09,independent,0.15,main,NSGA-II,1009,1.0487058535531193,0.041886249044933196,350,7612.65,394,7870.8875,31,1.152377599850297,6000
mk09,independent,0.15,main,NSGA-II,1010,1.061847481496647,0.026602083703616015,351,7580.6125,374,7937.275,23,1.2316222998779267,6000
mk09,independent,0.15,main,NSGA-II,1011,1.0811473707557058,0.03249456568229453,349,7474.0625,355,8130.2875,45,1.3016816000454128,6000
mk09,independent,0.15,main,NSGA-II,1012,1.085164506132629,0.029711746753486343,340,7569.8875,374,8038.8875,31,1.1048962001223117,6000
mk09,independent,0.15,main,NSGA-II,1013,1.097607341679747,0.017546942037299222,342,7541.25,377,7947.4875,27,1.2136268001049757,6000
mk09,independent,0.15,main,NSGA-II,1014,1.0609269332100812,0.04173578943022772,345,7602.5875,379,8022.425,29,1.2418659999966621,6000
mk09,independent,0.15,main,NSGA-II,1015,1.0655744078823566,0.02905059798819803,349,7578.4,375,7929.8625,24,1.333295299904421,6000
mk09,independent,0.15,main,NSGA-II,1016,1.0718601376041492,0.0366602607616078,341,7620.625,378,8039.8875,41,1.2097267999779433,6000
mk09,independent,0.15,main,NSGA-II,1017,1.094638755503442,0.02426312088670556,334,7625.3625,380,7939.7,36,1.2881931001320481,6000
mk09,independent,0.15,main,NSGA-II,1018,1.0604706877725876,0.0259261751223675,352,7582.4375,378,7943.3,25,1.2465847001876682,6000
mk09,independent,0.15,main,NSGA-II,1019,1.0629128434675255,0.031248273993411797,353,7533.375,374,8029.15,39,1.342915500048548,6000
mk09,independent,0.15,main,NSGA-II,1020,1.101120533397028,0.026662335703634188,335,7577.45,362,8128.375,30,1.2443790000397712,6000
mk09,independent,0.15,main,NSGA-II,1021,1.064913795777575,0.03366461330008557,351,7532.675,380,7972.9,30,1.2501179999671876,6000
mk09,independent,0.15,main,NSGA-II,1022,1.092136087794508,0.01956899178426224,343,7542.2875,369,8014.9,28,1.1433677999302745,6000
mk09,independent,0.15,main,NSGA-II,1023,1.0621030981613493,0.03617980043104254,346,7608.3,380,8001.4125,26,1.2672542999498546,6000
mk09,independent,0.15,main,NSGA-II,1024,1.0472504322102072,0.03964980588607002,356,7558.5,386,7979.675,26,1.3299505000468343,6000
mk09,independent,0.15,main,NSGA-II,1025,1.0434230169513254,0.03432845355926856,358,7562.2,386,7871.8125,24,1.2238005998078734,6000
mk09,independent,0.15,main,NSGA-II,1026,1.04662179125281,0.04056615902358024,350,7625.4875,377,8020.1375,34,1.2243323000147939,6000
mk09,independent,0.15,main,NSGA-II,1027,1.1007894014405633,0.020741083953006216,338,7550.9875,369,8022.6375,31,1.3163096997886896,6000
mk09,independent,0.15,main,NSGA-II,1028,1.084768503870246,0.03453927744945332,340,7573.7375,363,8192.4375,34,1.2915422001387924,6000
mk09,independent,0.15,main,NSGA-II,1029,1.0693306790663437,0.035843020208657914,349,7523.0375,381,7972.5125,32,1.220162000041455,6000
mk10,independent,0.15,ablation,no-adaptive,1000,1.0666918976847122,0.09371643658453108,253,7229.4625,265,7496.175,17,1.6016639000736177,6000
mk10,independent,0.15,ablation,no-adaptive,1001,1.0023458148834024,0.11442083137479939,259,7295.425,263,7507.9375,13,1.6950224998872727,6000
mk10,independent,0.15,ablation,no-adaptive,1002,0.9794429399649992,0.13469256180049838,263,7265,273,7452.8125,13,1.616567200049758,6000
mk10,independent,0.15,ablation,no-adaptive,1003,1.0358685356803115,0.07192469486826145,255,7305.825,255,7452.6875,12,1.684194300090894,6000
mk10,independent,0.15,ablation,no-adaptive,1004,1.0551369152625312,0.09867051219856471,250,7305.1625,261,7493.7375,15,1.4553421000018716,6000
mk10,independent,0.15,ablation,no-adaptive,1005,1.0489880743743865,0.07754242113865811,253,7298.425,265,7392.5875,12,1.6892282001208514,6000
mk10,independent,0.15,ablation,no-adaptive,1006,0.9883544969224575,0.08840576923461424,265,7255.525,266,7405.1125,8,1.6412934998515993,6000
mk10,independent,0.15,ablation,no-adaptive,1007,1.0859877248008458,0.07866318474091324,253,7191.9625,255,7522.15,19,1.7105386999901384,6000
mk10,independent,0.15,ablation,no-adaptive,1008,1.0467526460406311,0.07203972028565007,254,7293.6,254,7468.6625,13,1.694601799827069,6000
mk10,independent,0.15,ablation,no-adaptive,1009,1.0532881880209162,0.0854739927517022,250,7334.1,254,7515.375,13,1.5246052998118103,6000
mk10,independent,0.15,ablation,no-adaptive,1010,1.027944215619583,0.10598447935729392,254,7313.725,266,7454.575,16,1.5488231000490487,6000
mk10,independent,0.15,ablation,no-adaptive,1011,1.0557929160069557,0.08155771915054003,253,7268.225,259,7498.85,16,1.3332396999467164,6000
mk10,independent,0.15,ablation,no-adaptive,1012,1.0372348389455845,0.06572412287904668,257,7270.0125,258,7369.925,11,1.364668200025335,6000
mk10,independent,0.15,ablation,no-adaptive,1013,1.0346032636960152,0.07586377151839195,256,7287.4125,260,7409.4375,10,1.0939448999706656,6000
mk10,independent,0.15,ablation,no-adaptive,1014,1.0265715813105092,0.09689454103807416,256,7295.6625,263,7492.575,14,1.0032272001262754,6000
mk10,independent,0.15,ablation,no-adaptive,1015,0.9482274045359005,0.15745658309983265,261,7369.75,269,7600.4875,19,1.2792173000052571,6000
mk10,independent,0.15,ablation,no-adaptive,1016,1.0103882701917757,0.11781853901472235,260,7243.6375,273,7444.125,11,1.4701386999804527,6000
mk10,independent,0.15,ablation,no-adaptive,1017,1.0771573160558552,0.0715008139175083,250,7272.225,260,7415.5125,13,1.4165791999548674,6000
mk10,independent,0.15,ablation,no-adaptive,1018,1.0948049093926935,0.08392180455851239,245,7298.025,263,7442.7375,16,1.5952310001011938,6000
mk10,independent,0.15,ablation,no-adaptive,1019,1.0186482058321487,0.07344462805512084,256,7335.3125,264,7356.1,11,1.4733593000564724,6000
mk10,independent,0.15,ablation,no-adaptive,1020,0.9422986201134845,0.10094714065984356,271,7272.65,273,7312.3,5,1.2823850000277162,6000
mk10,independent,0.15,ablation,no-adaptive,1021,1.0514622712725026,0.05939301490028327,258,7222.9375,261,7386.1,10,1.4862912001553923,6000
mk10,independent,0.15,ablation,no-adaptive,1022,0.9857340693061165,0.10261587125088102,269,7181.85,271,7430.525,13,1.4353366000577807,6000
mk10,independent,0.15,ablation,no-adaptive,1023,1.0283002529138812,0.09147879790357658,254,7307.65,265,7437.875,15,1.3084839000366628,6000
mk10,independent,0.15,ablation,no-adaptive,1024,1.002281107088006,0.11880388001269118,255,7335.7375,267,7511.975,13,1.4613256000448018,6000
mk10,independent,0.15,ablation,no-adaptive,1025,1.0313328541204168,0.1131016542054483,249,7351.1375,266,7451.575,12,1.3647092001046985,6000
mk10,independent,0.15,ablation,no-adaptive,1026,1.0334077424840524,0.07132143723209804,257,7278.8125,257,7447.45,12,1.2060771000105888,6000
mk10,independent,0.15,ablation,no-adaptive,1027,1.0442510718667932,0.053746468314507,255,7297.975,255,7396.875,8,1.3086792000103742,6000
mk10,independent,0.15,ablation,no-adaptive,1028,1.0212813423748863,0.09848826436103199,252,7368.975,264,7465.075,12,1.3941792999394238,6000
mk10,independent,0.15,ablation,no-adaptive,1029,1.0602243734413417,0.07928492822254689,253,7266.6,259,7451.6125,14,1.303701699944213,6000
mk10,independent,0.15,ablation,no-critical,1000,1.0285470231057343,0.129223280788231,255,7268.4,266,7590.0375,14,1.4962571000214666,6000
mk10,independent,0.15,ablation,no-critical,1001,1.0304842912829728,0.06632536866444763,256,7309.625,257,7420.725,9,1.2578096999786794,6000
mk10,independent,0.15,ablation,no-critical,1002,1.0495326846576563,0.08445618323172363,250,7340.875,260,7439.4125,11,1.4054428997915238,6000
mk10,independent,0.15,ablation,no-critical,1003,0.9868065293904856,0.09956071209949709,261,7319.1875,270,7390.0375,12,1.2719077998772264,6000
mk10,independent,0.15,ablation,no-critical,1004,1.0504882351095184,0.10868642713508501,251,7294.525,265,7482.2375,20,1.4193247999064624,6000
mk10,independent,0.15,ablation,no-critical,1005,1.0086272485939387,0.08585855621264632,257,7337.75,259,7453.35,11,1.396667999913916,6000
mk10,independent,0.15,ablation,no-critical,1006,1.0697137962265737,0.09318547714716945,249,7280.1875,262,7441.45,18,1.2912533001508564,6000
mk10,independent,0.15,ablation,no-critical,1007,1.0160585669171034,0.09769323003105675,258,7281.3625,260,7493.4375,14,1.3792725999373943,6000
mk10,independent,0.15,ablation,no-critical,1008,0.9641215485467723,0.12318495555574945,265,7293.2125,272,7426.35,11,1.441278399899602,6000
mk10,independent,0.15,ablation,no-critical,1009,1.0217632667374144,0.11020224385995923,252,7363.6875,264,7474.5125,10,1.5404660999774933,6000
mk10,independent,0.15,ablation,no-critical,1010,1.0191632218033966,0.07422510583615063,261,7248.4875,261,7418.2875,13,1.3910787999629974,6000
mk10,independent,0.15,ablation,no-critical,1011,1.0310110715982512,0.11177820466774877,255,7276.9125,267,7466.25,16,1.2059182999655604,6000
mk10,independent,0.15,ablation,no-critical,1012,0.9922641935991042,0.08930256999202271,261,7310.6,267,7369.45,10,1.20910260011442,6000
mk10,independent,0.15,ablation,no-critical,1013,1.0677781361812988,0.09765603674997994,248,7311.1875,261,7498.675,15,1.0956941999029368,6000
mk10,independent,0.15,ablation,no-critical,1014,1.0509377860581834,0.07199261719103422,252,7311.9375,262,7374.7625,11,1.11381799983792,6000
mk10,independent,0.15,ablation,no-critical,1015,0.9800563252123714,0.108671697744367,265,7261.7625,265,7506.2875,12,0.8732205999549478,6000
mk10,independent,0.15,ablation,no-critical,1016,1.023893292169319,0.10140506375561713,259,7244.3875,270,7425.625,13,1.1490528001450002,6000
mk10,independent,0.15,ablation,no-critical,1017,0.9837224133158329,0.10616918716219903,260,7328.8375,265,7437.8375,12,1.3595195000525564,6000
mk10,independent,0.15,ablation,no-critical,1018,1.067130667904044,0.09285186207776253,245,7344.55,264,7461.6375,15,1.4359571000095457,6000
mk10,independent,0.15,ablation,no-critical,1019,1.035817832684642,0.100631501323513,254,7277.4875,269,7409.5125,15,1.267948399996385,6000
mk10,independent,0.15,ablation,no-critical,1020,1.0442725162284723,0.07195519565290016,261,7179.325,267,7337.9375,12,1.277734800009057,6000
mk10,independent,0.15,ablation,no-critical,1021,0.9225272230980214,0.1339097217754859,268,7355.45,271,7464.0125,10,1.2546886000782251,6000
mk10,independent,0.15,ablation,no-critical,1022,1.0388054530349746,0.08227982557773414,260,7195.55,262,7444.2625,20,1.3081147000193596,6000
mk10,independent,0.15,ablation,no-critical,1023,1.046793380179415,0.07446086595423261,253,7306.3125,260,7418.3875,12,1.2397441999055445,6000
mk10,independent,0.15,ablation,no-critical,1024,1.062199073622311,0.05770633282924979,260,7156.5375,260,7407.8125,15,1.3230778998695314,6000
mk10,independent,0.15,ablation,no-critical,1025,1.027520152781905,0.104845154413386,251,7370.325,260,7516.4625,9,1.2574533999431878,6000
mk10,independent,0.15,ablation,no-critical,1026,1.092909975679737,0.05835650593471537,248,7280.2625,259,7422.5375,12,1.18064899998717,6000
mk10,independent,0.15,ablation,no-critical,1027,1.029018447771699,0.07588584739456658,255,7320.3625,260,7415.6,9,1.0726608999539167,6000
mk10,independent,0.15,ablation,no-critical,1028,1.0217011272692815,0.11427084803044367,258,7253.025,272,7411.15,15,1.2544843000359833,6000
mk10,independent,0.15,ablation,no-critical,1029,1.079938447578099,0.08020593550108737,249,7273.6375,257,7458.8875,14,1.238660499919206,6000
mk10,independent,0.15,ablation,no-exchange,1000,0.8196084089376544,0.30110972814476594,269,7432.375,297,7634.2,10,1.7283580000512302,6000
mk10,independent,0.15,ablation,no-exchange,1001,0.8244053026512168,0.2835789814798023,264,7366.3875,298,7525.4375,13,1.642522000009194,6000
mk10,independent,0.15,ablation,no-exchange,1002,0.783434276661462,0.2893704956853657,273,7443.6125,298,7555.5125,9,1.7056553999427706,6000
mk10,independent,0.15,ablation,no-exchange,1003,0.7766129087406972,0.28700730584002737,271,7459.375,300,7481.4625,3,1.9018977000378072,6000
mk10,independent,0.15,ablation,no-exchange,1004,0.7761618433376579,0.2850138884618522,275,7378.8125,302,7389.2625,4,1.6145641000475734,6000
mk10,independent,0.15,ablation,no-exchange,1005,0.7677705014577018,0.3412116310857695,270,7406.8625,306,7597.8375,11,1.7601902999449521,6000
mk10,independent,0.15,ablation,no-exchange,1006,0.8188830399377236,0.22924257797107964,271,7416.4625,290,7477.625,8,1.7504861000925303,6000
mk10,independent,0.15,ablation,no-exchange,1007,0.8409102401627996,0.27214465463181836,261,7489.3125,291,7628.3125,15,1.7848444001283497,6000
mk10,independent,0.15,ablation,no-exchange,1008,0.7814595920934243,0.29144449212492557,270,7412.1,302,7438.275,9,1.6693762999493629,6000
mk10,independent,0.15,ablation,no-exchange,1009,0.85535249862333,0.2231165225856429,263,7391.975,285,7550.85,10,1.6712209999095649,6000
mk10,independent,0.15,ablation,no-exchange,1010,0.7696101263601404,0.3378130898988011,271,7384.5375,310,7402.3625,11,1.3752071999479085,6000
mk10,independent,0.15,ablation,no-exchange,1011,0.795848868070259,0.2482011771847556,271,7447.1,294,7461.075,10,1.3442529998719692,6000
mk10,independent,0.15,ablation,no-exchange,1012,0.8240786176684994,0.23181501207311214,271,7425.7625,287,7548.9375,14,1.266170799965039,6000
mk10,independent,0.15,ablation,no-exchange,1013,0.7960071051329546,0.25468664156778004,271,7429.225,293,7516.775,12,1.2506344001740217,6000
mk10,independent,0.15,ablation,no-exchange,1014,0.8083525468672891,0.24582386446914137,270,7437.0625,289,7573.2,13,1.3801434999331832,6000
mk10,independent,0.15,ablation,no-exchange,1015,0.7973093251200991,0.28398515447278183,271,7416.65,297,7589.3625,9,1.4808080999646336,6000
mk10,independent,0.15,ablation,no-exchange,1016,0.7903295249749921,0.25870949427278045,280,7414.3125,286,7687.5375,12,1.5704674001317471,6000
mk10,independent,0.15,ablation,no-exchange,1017,0.7779848404678449,0.29562258774203043,279,7354.0625,303,7435.4875,12,1.6720211999490857,6000
mk10,independent,0.15,ablation,no-exchange,1018,0.8262219531246708,0.22181710900855517,276,7369.475,288,7497.775,9,1.6034925999119878,6000
mk10,independent,0.15,ablation,no-exchange,1019,0.8017237020072144,0.27730297889211775,269,7385.55,300,7442.85,13,1.6838682000525296,6000
mk10,independent,0.15,ablation,no-exchange,1020,0.741010490797192,0.3178753411261911,273,7449.4125,302,7578.3125,14,1.384349400177598,6000
mk10,independent,0.15,ablation,no-exchange,1021,0.8149019140985869,0.21778260190175464,271,7414.975,289,7449.325,10,1.5110981001053005,6000
mk10,independent,0.15,ablation,no-exchange,1022,0.7816426615239753,0.2991248188181516,271,7458.1,301,7526.9125,13,1.6132395998574793,6000
mk10,independent,0.15,ablation,no-exchange,1023,0.7896396910075918,0.2486536778934519,277,7453.9125,291,7538.3125,12,1.486540500074625,6000
mk10,independent,0.15,ablation,no-exchange,1024,0.8352248223131279,0.24821180921902955,269,7373.225,293,7502.975,8,1.6535918998997658,6000
mk10,independent,0.15,ablation,no-exchange,1025,0.7826788293486272,0.2640273094403452,276,7427.675,296,7483.675,10,1.360418199794367,6000
mk10,independent,0.15,ablation,no-exchange,1026,0.7738583192023293,0.2905073727304352,276,7406.3125,299,7535.4375,11,1.5000779000110924,6000
mk10,independent,0.15,ablation,no-exchange,1027,0.8344008186172349,0.24831737429585102,274,7334.5125,288,7600.2875,12,1.5090641998685896,6000
mk10,independent,0.15,ablation,no-exchange,1028,0.8418636516430192,0.22401879526919122,266,7385.225,289,7478.65,14,1.7022347999736667,6000
mk10,independent,0.15,ablation,no-exchange,1029,0.7964806219317665,0.25865248737444035,271,7407.55,296,7455.475,7,1.2771128001622856,6000
mk10,independent,0.15,ablation,no-gap,1000,1.0264343514474048,0.07384336816252975,258,7279.5,258,7441.35,8,1.3467588999774307,6000
mk10,independent,0.15,ablation,no-gap,1001,1.0535873239856635,0.07742689419069185,251,7312.775,263,7420.525,10,1.4208394000306726,6000
mk10,independent,0.15,ablation,no-gap,1002,0.9313312147625893,0.12779242591573198,273,7251.775,273,7459.0125,14,1.4777705001179129,6000
mk10,independent,0.15,ablation,no-gap,1003,1.0115627139459549,0.1265342390496117,256,7304.725,270,7473.15,13,1.377824499970302,6000
mk10,independent,0.15,ablation,no-gap,1004,1.0019324625168644,0.08227273965224276,261,7287.225,267,7350.1625,11,1.3601959000807256,6000
mk10,independent,0.15,ablation,no-gap,1005,1.0193296010099697,0.07403301061461959,260,7264.5125,262,7408.4375,10,1.396825399948284,6000
mk10,independent,0.15,ablation,no-gap,1006,1.0048812300866818,0.15029951629297547,254,7301.8875,272,7537.6,18,1.4120473999064416,6000
mk10,independent,0.15,ablation,no-gap,1007,1.0732562377175021,0.08941692532122673,249,7262.7375,265,7465.1625,12,1.4354528000112623,6000
mk10,independent,0.15,ablation,no-gap,1008,1.0945281077267313,0.056228837288777776,248,7275.9875,252,7453.775,12,1.445347299799323,6000
mk10,independent,0.15,ablation,no-gap,1009,0.9626336829953475,0.14532961161060834,264,7297.1,276,7463.675,14,1.2912118998356164,6000
mk10,independent,0.15,ablation,no-gap,1010,0.9680053511762082,0.11225131638099192,265,7294.6875,266,7535.7,11,1.262315500061959,6000
mk10,independent,0.15,ablation,no-gap,1011,1.014555720757721,0.08084658662912177,258,7308.75,261,7450.7125,9,1.43680729996413,6000
mk10,independent,0.15,ablation,no-gap,1012,0.975729810098351,0.13605620566969157,258,7330.1375,273,7450.1375,16,1.1333590999711305,6000
mk10,independent,0.15,ablation,no-gap,1013,1.1125693967491075,0.029484953487679866,249,7236.2625,251,7380.1625,14,1.1273832998704165,6000
mk10,independent,0.15,ablation,no-gap,1014,1.022039279950326,0.06639050650992535,258,7296.7875,259,7394.1875,7,1.060201199958101,6000
mk10,independent,0.15,ablation,no-gap,1015,0.9822410427439919,0.12985917787538756,258,7351.8375,262,7582.8375,15,1.3353017999324948,6000
mk10,independent,0.15,ablation,no-gap,1016,1.0447287417054352,0.11310709162627204,250,7303.8125,270,7453.4625,13,1.261049099965021,6000
mk10,independent,0.15,ablation,no-gap,1017,1.066951852997379,0.09284854897632802,250,7255.6375,263,7475.0625,16,1.3436320000328124,6000
mk10,independent,0.15,ablation,no-gap,1018,0.9766329557449893,0.09492790233195532,265,7281.1375,271,7332.9125,10,1.2258949000388384,6000
mk10,independent,0.15,ablation,no-gap,1019,0.9553895012714395,0.11238856836489704,261,7392.325,263,7510.3,8,1.400976900011301,6000
mk10,independent,0.15,ablation,no-gap,1020,0.959406240207765,0.11547153537480234,266,7295.0125,270,7428.825,13,1.2128379999194294,6000
mk10,independent,0.15,ablation,no-gap,1021,1.0079585311166512,0.11587394394010511,259,7268.9125,276,7341.7875,10,1.214477099943906,6000
mk10,independent,0.15,ablation,no-gap,1022,0.9944613546372831,0.11348215417901365,259,7298.8875,269,7436.0125,15,1.2308912998996675,6000
mk10,independent,0.15,ablation,no-gap,1023,1.0100740911673434,0.10576263043198389,256,7334.75,257,7548.9875,15,1.2726986999623477,6000
mk10,independent,0.15,ablation,no-gap,1024,1.0221578055212637,0.0857910020833135,260,7246.7625,264,7425.6375,13,1.2917102000210434,6000
mk10,independent,0.15,ablation,no-gap,1025,1.0469530692447575,0.07791808889192582,257,7235.2625,262,7418.9875,11,1.1841327999718487,6000
mk10,independent,0.15,ablation,no-gap,1026,0.9624672179176509,0.12771866237250137,264,7310.8875,266,7525.9625,17,1.1351319001987576,6000
mk10,independent,0.15,ablation,no-gap,1027,1.0124276157164147,0.09660499614783401,258,7283.1375,270,7385.85,16,1.2104100999422371,6000
mk10,independent,0.15,ablation,no-gap,1028,0.9454905122556053,0.15527842589650181,262,7364.9125,269,7584.925,17,1.3043108999263495,6000
mk10,independent,0.15,ablation,no-gap,1029,1.1036500255193369,0.0264969913801318,251,7225.675,256,7323.2125,9,1.2932262001559138,6000
mk10,independent,0.15,ablation,no-rebuild,1000,1.0496764016938784,0.06519313841215293,254,7291.9125,254,7460.325,9,1.6056633999105543,6000
mk10,independent,0.15,ablation,no-rebuild,1001,1.0400102873606918,0.09600101376008739,256,7257.875,266,7454.55,12,1.5979939000681043,6000
mk10,independent,0.15,ablation,no-rebuild,1002,0.9425617526577504,0.13661327105157936,266,7328.1625,266,7573.2875,11,1.652821500087157,6000
mk10,independent,0.15,ablation,no-rebuild,1003,1.0056636175131513,0.08983483545021233,257,7343.0125,259,7465.575,11,1.6130391999613494,6000
mk10,independent,0.15,ablation,no-rebuild,1004,1.0451159658307871,0.07495872290839098,257,7239.725,260,7394.4375,11,1.476819499861449,6000
mk10,independent,0.15,ablation,no-rebuild,1005,1.0532985628140252,0.06571619863488992,255,7262.625,257,7420.9625,17,1.4924456998705864,6000
mk10,independent,0.15,ablation,no-rebuild,1006,1.039216650816939,0.07034615099266174,251,7366.7875,255,7395.4125,6,1.5500239001121372,6000
mk10,independent,0.15,ablation,no-rebuild,1007,1.0481754915380253,0.09092835709520672,252,7263.8,269,7345.325,16,1.4254395999014378,6000
mk10,independent,0.15,ablation,no-rebuild,1008,0.9814921997012627,0.10917770607353987,265,7252.225,271,7402.5,19,1.6382605999242514,6000
mk10,independent,0.15,ablation,no-rebuild,1009,1.0736531184411058,0.07338985455257076,248,7318.8375,255,7448.5125,14,1.5754435998387635,6000
mk10,independent,0.15,ablation,no-rebuild,1010,1.0474349701878878,0.08287946200703275,255,7262.0625,266,7391.925,17,1.493049900047481,6000
mk10,independent,0.15,ablation,no-rebuild,1011,1.0035594939349228,0.08242711324289517,260,7303.3625,264,7407.3125,8,1.3802674999460578,6000
mk10,independent,0.15,ablation,no-rebuild,1012,1.0704448951724355,0.07739007606176197,252,7244,265,7410.6375,9,1.2923178998753428,6000
mk10,independent,0.15,ablation,no-rebuild,1013,0.9916376232309185,0.0953248152358324,263,7275.1,273,7311.3125,9,1.219131899997592,6000
mk10,independent,0.15,ablation,no-rebuild,1014,1.0640277772790316,0.08701113564840154,248,7336.1125,262,7467.1375,14,1.208521599881351,6000
mk10,independent,0.15,ablation,no-rebuild,1015,1.077066620535658,0.08621439961618457,247,7316.0375,248,7571.1625,17,1.1225016999524087,6000
mk10,independent,0.15,ablation,no-rebuild,1016,1.0779513507293663,0.05389154468228872,253,7239.7375,253,7469.1,12,1.3339782999828458,6000
mk10,independent,0.15,ablation,no-rebuild,1017,1.0064197439885143,0.08042411622964397,262,7261.225,262,7438.0375,14,1.2351394998840988,6000
mk10,independent,0.15,ablation,no-rebuild,1018,0.9790276125626023,0.11981383649816343,260,7337.875,263,7553.1625,10,1.3109719001222402,6000
mk10,independent,0.15,ablation,no-rebuild,1019,1.0447241358905865,0.08484755648350133,252,7322.4875,261,7462.2,12,1.5193815000820905,6000
mk10,independent,0.15,ablation,no-rebuild,1020,1.027633690021167,0.08854380540860254,255,7299.325,261,7415.175,12,1.441601799800992,6000
mk10,independent,0.15,ablation,no-rebuild,1021,0.9902486734082268,0.09241564829060218,265,7241.0375,267,7389.125,15,1.4047220000065863,6000
mk10,independent,0.15,ablation,no-rebuild,1022,1.032472621553309,0.09241926466797584,259,7226.3125,266,7438.1875,14,1.3215095999184996,6000
mk10,independent,0.15,ablation,no-rebuild,1023,1.0441140371653352,0.06509363365017229,253,7323.65,254,7433.325,10,1.2486383998766541,6000
mk10,independent,0.15,ablation,no-rebuild,1024,0.9409096000326,0.1316942144038904,263,7370.9375,272,7476.6875,9,1.36892529996112,6000
mk10,independent,0.15,ablation,no-rebuild,1025,1.0655771499748559,0.05712134097452825,254,7254.3125,257,7391.8625,18,1.357577299932018,6000
mk10,independent,0.15,ablation,no-rebuild,1026,1.0341710352950622,0.0636936340951754,256,7300.3625,257,7433.8625,8,1.339745600009337,6000
mk10,independent,0.15,ablation,no-rebuild,1027,1.0141497142755438,0.10724168014269894,258,7286.9125,260,7544.025,15,1.3857369001489133,6000
mk10,independent,0.15,ablation,no-rebuild,1028,0.9661618620731761,0.1226157556077502,263,7320.55,267,7489.0125,11,1.3714236000087112,6000
mk10,independent,0.15,ablation,no-rebuild,1029,1.060470526922393,0.06854638959582704,252,7288.3375,263,7376.1375,13,1.3679472000803798,6000
mk10,independent,0.15,main,DABC,1000,0.7217537896878777,0.33900469252564164,274,7408.075,310,7412.825,6,1.3356407000683248,6000
mk10,independent,0.15,main,DABC,1001,0.8249042373028226,0.2463422856839746,268,7332.6,294,7465.25,6,1.4546576999127865,6000
mk10,independent,0.15,main,DABC,1002,0.7070170088839146,0.34552653005034667,278,7428.5125,311,7428.5125,5,1.3211434001568705,6000
mk10,independent,0.15,main,DABC,1003,0.7581438097770368,0.26658769977123237,273,7431.6,298,7431.6,4,1.2629611999727786,6000
mk10,independent,0.15,main,DABC,1004,0.7282114075260891,0.31554468409120856,276,7455.025,305,7471.4875,7,1.1023780999239534,6000
mk10,independent,0.15,main,DABC,1005,0.7043501718281202,0.31982427719012363,282,7475.2125,305,7501.1375,9,1.220674900105223,6000
mk10,independent,0.15,main,DABC,1006,0.7568758055296948,0.3183175001303551,279,7376.3125,302,7587.275,9,1.3516597000416368,6000
mk10,independent,0.15,main,DABC,1007,0.7441284791271501,0.3051850720709939,279,7468.6625,289,7760.625,12,1.1945953001268208,6000
mk10,independent,0.15,main,DABC,1008,0.7025977295362478,0.3467950940919076,270,7477.375,309,7514.425,7,1.162874500034377,6000
mk10,independent,0.15,main,DABC,1009,0.7346850832645455,0.3416289247599485,270,7485.7875,301,7700.7875,13,1.2493277001194656,6000
mk10,independent,0.15,main,DABC,1010,0.7465188736144113,0.3426702301547471,270,7450.3875,303,7666.0125,13,1.1119935000315309,6000
mk10,independent,0.15,main,DABC,1011,0.7602705330738885,0.2937576292507513,270,7437,299,7545.9375,6,0.994304500054568,6000
mk10,independent,0.15,main,DABC,1012,0.7598640816231582,0.24288111069483026,277,7471.7625,292,7487.7125,9,1.041319299954921,6000
mk10,independent,0.15,main,DABC,1013,0.7592731555780246,0.2603959960839271,274,7468.9875,295,7492.4875,8,1.1338393001351506,6000
mk10,independent,0.15,main,DABC,1014,0.7177128194815668,0.30863893717250246,276,7466.1,303,7501.7875,9,1.270696199964732,6000
mk10,independent,0.15,main,DABC,1015,0.7286945575037548,0.3011930052949046,283,7438.675,296,7642.2375,18,1.1420486001297832,6000
mk10,independent,0.15,main,DABC,1016,0.7507261605755681,0.2822708021050925,277,7438.4,296,7567.1,11,1.1237419999670237,6000
mk10,independent,0.15,main,DABC,1017,0.7101730147025419,0.29743717397085184,286,7478.25,295,7644.475,12,1.3007791000418365,6000
mk10,independent,0.15,main,DABC,1018,0.7638444580415736,0.3263150852290917,271,7334.25,304,7576.4375,8,1.1044181000906974,6000
mk10,independent,0.15,main,DABC,1019,0.7139155749454292,0.3343677341658453,273,7531.0375,306,7544.6125,7,1.1559964001644403,6000
mk10,independent,0.15,main,DABC,1020,0.7279158156968358,0.2970009129381716,279,7432.7875,302,7472.8625,6,1.1895198000129312,6000
mk10,independent,0.15,main,DABC,1021,0.7244503537656132,0.3201172942877794,276,7414.3875,306,7466.45,6,1.1811690998729318,6000
mk10,independent,0.15,main,DABC,1022,0.7412263942230907,0.2692125313786156,282,7494.3375,293,7596.5125,10,1.2070190999656916,6000
mk10,independent,0.15,main,DABC,1023,0.6948966665922452,0.3856932321417809,272,7487.5625,315,7523.0875,7,1.0835162999574095,6000
mk10,independent,0.15,main,DABC,1024,0.7227181380267474,0.3531161592135606,276,7396.325,312,7422.85,7,1.2545793000608683,6000
mk10,independent,0.15,main,DABC,1025,0.7360946499635362,0.3096511156470535,274,7477.975,301,7564.1625,10,1.225321900099516,6000
mk10,independent,0.15,main,DABC,1026,0.7598696007945114,0.34781788286637516,267,7432.525,311,7432.525,5,1.2143312999978662,6000
mk10,independent,0.15,main,DABC,1027,0.7485672043812389,0.3205126681781675,270,7449.475,299,7659.3125,13,1.1343775000423193,6000
mk10,independent,0.15,main,DABC,1028,0.7415527123019133,0.3819040622661093,265,7443.0125,316,7456.625,10,1.222546299919486,6000
mk10,independent,0.15,main,DABC,1029,0.7150886916004148,0.3601728800582382,276,7494.4875,308,7621.2625,9,1.2165775001049042,6000
mk10,independent,0.15,main,EAMS-ABC,1000,1.0496764016938784,0.06519313841215293,254,7291.9125,254,7460.325,9,1.6668153000064194,6000
mk10,independent,0.15,main,EAMS-ABC,1001,1.0400102873606918,0.09600101376008739,256,7257.875,266,7454.55,12,1.711226899875328,6000
mk10,independent,0.15,main,EAMS-ABC,1002,0.9425617526577504,0.13661327105157936,266,7328.1625,266,7573.2875,11,1.837026100140065,6000
mk10,independent,0.15,main,EAMS-ABC,1003,1.0056636175131513,0.08983483545021233,257,7343.0125,259,7465.575,11,1.788943300023675,6000
mk10,independent,0.15,main,EAMS-ABC,1004,1.0451159658307871,0.07495872290839098,257,7239.725,260,7394.4375,11,1.3882784000597894,6000
mk10,independent,0.15,main,EAMS-ABC,1005,1.0532985628140252,0.06571619863488992,255,7262.625,257,7420.9625,17,1.6047816001810133,6000
mk10,independent,0.15,main,EAMS-ABC,1006,1.0688600655087392,0.058693614269189745,249,7328.55,254,7382.05,7,1.4443985999096185,6000
mk10,independent,0.15,main,EAMS-ABC,1007,1.0481754915380253,0.09092835709520672,252,7263.8,269,7345.325,16,1.512592500075698,6000
mk10,independent,0.15,main,EAMS-ABC,1008,0.9814921997012627,0.10917770607353987,265,7252.225,271,7402.5,19,1.5233239999506623,6000
mk10,independent,0.15,main,EAMS-ABC,1009,1.0736531184411058,0.07338985455257076,248,7318.8375,255,7448.5125,14,1.511164499912411,6000
mk10,independent,0.15,main,EAMS-ABC,1010,1.0474349701878878,0.08287946200703275,255,7262.0625,266,7391.925,17,1.489047999959439,6000
mk10,independent,0.15,main,EAMS-ABC,1011,1.0035594939349228,0.08242711324289517,260,7303.3625,264,7407.3125,8,1.583790299948305,6000
mk10,independent,0.15,main,EAMS-ABC,1012,1.0704448951724355,0.07739007606176197,252,7244,265,7410.6375,9,1.5054536999668926,6000
mk10,independent,0.15,main,EAMS-ABC,1013,0.9916376232309185,0.0953248152358324,263,7275.1,273,7311.3125,9,1.5975284001324326,6000
mk10,independent,0.15,main,EAMS-ABC,1014,1.0640277772790316,0.08701113564840154,248,7336.1125,262,7467.1375,14,1.519050900125876,6000
mk10,independent,0.15,main,EAMS-ABC,1015,1.077066620535658,0.08621439961618457,247,7316.0375,248,7571.1625,17,1.689255699981004,6000
mk10,independent,0.15,main,EAMS-ABC,1016,1.0779513507293663,0.05389154468228872,253,7239.7375,253,7469.1,12,1.643381099915132,6000
mk10,independent,0.15,main,EAMS-ABC,1017,1.0064197439885143,0.08042411622964397,262,7261.225,262,7438.0375,14,1.4974183000158519,6000
mk10,independent,0.15,main,EAMS-ABC,1018,0.9790276125626023,0.11981383649816343,260,7337.875,263,7553.1625,10,1.5944424998015165,6000
mk10,independent,0.15,main,EAMS-ABC,1019,1.0447241358905865,0.08484755648350133,252,7322.4875,261,7462.2,12,1.555388499982655,6000
mk10,independent,0.15,main,EAMS-ABC,1020,1.027633690021167,0.08854380540860254,255,7299.325,261,7415.175,12,1.6397367999888957,6000
mk10,independent,0.15,main,EAMS-ABC,1021,0.9902486734082268,0.09241564829060218,265,7241.0375,267,7389.125,15,1.576588299823925,6000
mk10,independent,0.15,main,EAMS-ABC,1022,1.032472621553309,0.09241926466797584,259,7226.3125,266,7438.1875,14,1.674715100089088,6000
mk10,independent,0.15,main,EAMS-ABC,1023,1.0441140371653352,0.06509363365017229,253,7323.65,254,7433.325,10,1.5546627000439912,6000
mk10,independent,0.15,main,EAMS-ABC,1024,0.9409096000326,0.1316942144038904,263,7370.9375,272,7476.6875,9,1.4808817999437451,6000
mk10,independent,0.15,main,EAMS-ABC,1025,1.0655771499748559,0.05712134097452825,254,7254.3125,257,7391.8625,18,1.4498725000303239,6000
mk10,independent,0.15,main,EAMS-ABC,1026,1.0341710352950622,0.0636936340951754,256,7300.3625,257,7433.8625,8,1.5065208999440074,6000
mk10,independent,0.15,main,EAMS-ABC,1027,1.0141497142755438,0.10724168014269894,258,7286.9125,260,7544.025,15,1.7131428001448512,6000
mk10,independent,0.15,main,EAMS-ABC,1028,0.9661618620731761,0.1226157556077502,263,7320.55,267,7489.0125,11,1.5811256999149919,6000
mk10,independent,0.15,main,EAMS-ABC,1029,1.060470526922393,0.06854638959582704,252,7288.3375,263,7376.1375,13,1.6671950998716056,6000
mk10,independent,0.15,main,MA-NSGA-II,1000,1.0580020521637425,0.07377637318530851,257,7204.875,266,7366.0125,13,1.6378423001151532,6000
mk10,independent,0.15,main,MA-NSGA-II,1001,1.0287699835767576,0.07002989412180305,262,7207.4875,264,7388.7375,11,1.7000879000406712,6000
mk10,independent,0.15,main,MA-NSGA-II,1002,1.0600642081815828,0.06661510029202258,254,7259.925,260,7408.5,9,1.6437188999261707,6000
mk10,independent,0.15,main,MA-NSGA-II,1003,1.06815699958173,0.049226996404513196,253,7271.1375,257,7371.05,12,1.478374999947846,6000
mk10,independent,0.15,main,MA-NSGA-II,1004,1.0446756577376832,0.061019493029919346,255,7289.25,263,7331.125,10,1.4741469000000507,6000
mk10,independent,0.15,main,MA-NSGA-II,1005,1.0164688591490298,0.06252748146307402,261,7264.55,261,7376.1,5,1.49576950003393,6000
mk10,independent,0.15,main,MA-NSGA-II,1006,1.0185820616470367,0.07158939612773357,259,7286.0875,260,7419.3,11,1.4043560000136495,6000
mk10,independent,0.15,main,MA-NSGA-II,1007,0.9739950182257561,0.12710400625324303,259,7372.1,267,7554.2125,14,1.436229799874127,6000
mk10,independent,0.15,main,MA-NSGA-II,1008,1.0745776616106277,0.05897211903333333,251,7278.2125,256,7443.675,11,1.537313099950552,6000
mk10,independent,0.15,main,MA-NSGA-II,1009,0.9538907691195572,0.13467591565187564,264,7340.8,269,7535.7875,13,1.5448551001027226,6000
mk10,independent,0.15,main,MA-NSGA-II,1010,1.0402497585069799,0.09090502553437337,257,7242.6875,268,7404.825,14,1.4143648000899702,6000
mk10,independent,0.15,main,MA-NSGA-II,1011,1.0629014135479966,0.060755467903042204,254,7258.225,264,7373.7375,14,1.385753700044006,6000
mk10,independent,0.15,main,MA-NSGA-II,1012,1.0402667375701942,0.06684357723367661,258,7247.4625,262,7429.65,11,1.4641162001062185,6000
mk10,independent,0.15,main,MA-NSGA-II,1013,1.0466184450862754,0.07829604063331297,258,7217.2875,260,7514.8875,14,1.5462523999158293,6000
mk10,independent,0.15,main,MA-NSGA-II,1014,1.045493010324676,0.07701922395775206,252,7327.8125,258,7462.8625,15,1.5339422998949885,6000
mk10,independent,0.15,main,MA-NSGA-II,1015,0.9928145260218395,0.08404862376778276,262,7297.325,262,7423.6875,10,1.4888163001742214,6000
mk10,independent,0.15,main,MA-NSGA-II,1016,0.9966680161443962,0.09748422945872774,259,7325.8,261,7493.925,7,1.5012126001529396,6000
mk10,independent,0.15,main,MA-NSGA-II,1017,1.0360668511386595,0.09185715772563185,251,7355.625,254,7478.1875,8,1.4446574999019504,6000
mk10,independent,0.15,main,MA-NSGA-II,1018,1.0254551708234279,0.07491687300574809,258,7281.425,263,7408.2125,8,1.430251399986446,6000
mk10,independent,0.15,main,MA-NSGA-II,1019,1.0196845063667195,0.12226580939767862,259,7220.85,268,7534.9875,15,1.4643476998899132,6000
mk10,independent,0.15,main,MA-NSGA-II,1020,1.0196394942846525,0.08417233831309419,256,7323.9875,266,7372.475,12,1.4876472000032663,6000
mk10,independent,0.15,main,MA-NSGA-II,1021,1.0655792889464974,0.04103102458010928,257,7213.9125,258,7309.85,10,1.5544683998450637,6000
mk10,independent,0.15,main,MA-NSGA-II,1022,1.0341356407789168,0.09303006686185403,254,7309.4125,256,7497.625,11,1.4279338999185711,6000
mk10,independent,0.15,main,MA-NSGA-II,1023,0.9936541270364926,0.09198401531339709,259,7339.95,263,7431.7,9,1.463272500084713,6000
mk10,independent,0.15,main,MA-NSGA-II,1024,1.0526104150432471,0.05697306766130089,257,7235.8875,263,7316.75,12,1.4750930001027882,6000
mk10,independent,0.15,main,MA-NSGA-II,1025,1.029462916711099,0.07296883115343776,257,7285.7,261,7395.3625,11,1.4209373998455703,6000
mk10,independent,0.15,main,MA-NSGA-II,1026,1.046000961444334,0.06629861475019753,260,7198.6875,264,7402.8875,13,1.5477199999149889,6000
mk10,independent,0.15,main,MA-NSGA-II,1027,0.9872757604395481,0.07852713888624673,264,7281.0625,268,7309.5125,5,1.4099659998901188,6000
mk10,independent,0.15,main,MA-NSGA-II,1028,1.106129608878887,0.036610905560297204,252,7193.5875,252,7423.4875,14,1.4904073001816869,6000
mk10,independent,0.15,main,MA-NSGA-II,1029,1.0236001749897388,0.10802295920553273,252,7362.725,252,7612.4375,11,1.3426191001199186,6000
mk10,independent,0.15,main,MOEA-D,1000,1.039123457227671,0.06304895253494244,261,7199.6125,261,7393.9375,13,2.3787626000121236,6000
mk10,independent,0.15,main,MOEA-D,1001,0.9687025856732306,0.10532502926583083,267,7255.675,267,7414.7125,9,2.205096200108528,6000
mk10,independent,0.15,main,MOEA-D,1002,1.0665668537147934,0.048313670385637116,257,7206.7,259,7364.7625,10,2.3488145999144763,6000
mk10,independent,0.15,main,MOEA-D,1003,1.069935015855713,0.04248518829424217,259,7169.425,259,7393.45,14,1.965034499997273,6000
mk10,independent,0.15,main,MOEA-D,1004,1.0390315126729395,0.06822036417271424,261,7196.875,265,7359.725,16,2.0820089001208544,6000
mk10,independent,0.15,main,MOEA-D,1005,1.0324657440568987,0.06985898341410855,255,7317.925,262,7382.625,14,2.0226791000459343,6000
mk10,independent,0.15,main,MOEA-D,1006,0.9363852378481825,0.1237403942407402,275,7202.075,275,7367.4,6,2.038250599987805,6000
mk10,independent,0.15,main,MOEA-D,1007,1.0331621432620754,0.05832243314306845,260,7237.7875,260,7384.4,9,2.03573719994165,6000
mk10,independent,0.15,main,MOEA-D,1008,0.969954719375508,0.103050078942672,265,7295.8875,270,7389.025,10,2.089755400083959,6000
mk10,independent,0.15,main,MOEA-D,1009,1.0113706904990787,0.06282312372897123,264,7225.375,264,7341.6125,5,2.134050899883732,6000
mk10,independent,0.15,main,MOEA-D,1010,0.9248456731960469,0.11475305491493526,276,7224.875,276,7281.5,10,2.0808351000305265,6000
mk10,independent,0.15,main,MOEA-D,1011,1.0526175501530308,0.05750247260463115,260,7184.425,260,7380.425,12,1.9894268000498414,6000
mk10,independent,0.15,main,MOEA-D,1012,1.0271393221520808,0.06232884541955038,261,7235.2375,264,7328.2125,7,2.0986481001600623,6000
mk10,independent,0.15,main,MOEA-D,1013,0.9880276870362863,0.08703012869477955,269,7189.225,269,7387.725,12,2.1751711999531835,6000
mk10,independent,0.15,main,MOEA-D,1014,0.9013593976655859,0.13751893954861188,276,7280.2375,276,7410.3125,10,2.123554800171405,6000
mk10,independent,0.15,main,MOEA-D,1015,1.0150846400446412,0.06741464807855382,260,7278.7625,260,7374.2875,8,2.119369199965149,6000
mk10,independent,0.15,main,MOEA-D,1016,1.020184135793786,0.06502777980645934,260,7269.8875,266,7308.525,9,1.8953151998575777,6000
mk10,independent,0.15,main,MOEA-D,1017,1.070557300474149,0.07072940525057651,255,7207.2875,255,7439.875,20,2.1409233999438584,6000
mk10,independent,0.15,main,MOEA-D,1018,1.0661366706078916,0.05668529883646817,255,7232.9875,255,7406.6875,9,2.1918298001401126,6000
mk10,independent,0.15,main,MOEA-D,1019,1.066694255237397,0.04659684887795669,254,7259.25,258,7340.9625,9,2.0732629999984056,6000
mk10,independent,0.15,main,MOEA-D,1020,1.0373793132089935,0.06503679848016233,262,7185.4625,262,7407.6,11,2.1191153000108898,6000
mk10,independent,0.15,main,MOEA-D,1021,0.9599636530950222,0.0912545729200912,269,7259.2375,270,7315.0375,10,2.05389739992097,6000
mk10,independent,0.15,main,MOEA-D,1022,1.0235668569935086,0.06924158843988262,261,7238.775,261,7402.9875,12,2.048331600148231,6000
mk10,independent,0.15,main,MOEA-D,1023,1.035608229076681,0.06550536877699817,256,7295.475,256,7410.7625,12,2.1098309999797493,6000
mk10,independent,0.15,main,MOEA-D,1024,1.0032399440619886,0.07852989773414289,262,7271.45,262,7409.95,10,1.9758993000723422,6000
mk10,independent,0.15,main,MOEA-D,1025,1.0600575102338865,0.04837529415617466,258,7204.5375,259,7325.4,9,2.165652599884197,6000
mk10,independent,0.15,main,MOEA-D,1026,1.0670088948433143,0.03553827493628612,258,7198.5375,262,7229.5625,10,2.130288900109008,6000
mk10,independent,0.15,main,MOEA-D,1027,1.0065217432712559,0.08091688634628917,266,7194.1125,268,7360.6625,14,1.9997439000289887,6000
mk10,independent,0.15,main,MOEA-D,1028,0.9556177389133748,0.10977535520292625,266,7316.0875,268,7442.275,8,1.969932299805805,6000
mk10,independent,0.15,main,MOEA-D,1029,0.9898406450513957,0.08158684494491497,263,7289.9375,263,7417.3625,8,1.916630099993199,6000
mk10,independent,0.15,main,NSGA-II,1000,1.0728386854723393,0.04497230960196863,254,7244.3125,258,7354.4375,13,1.1931205000728369,6000
mk10,independent,0.15,main,NSGA-II,1001,1.0870138613168852,0.023856840305501576,253,7239.475,253,7304.5125,5,1.3130982001312077,6000
mk10,independent,0.15,main,NSGA-II,1002,1.0378201521417745,0.060417278646528516,261,7206.85,261,7380.7125,11,1.055259499931708,6000
mk10,independent,0.15,main,NSGA-II,1003,1.0679716584696175,0.05106717050173244,255,7234.675,255,7378.025,12,1.1141553001943976,6000
mk10,independent,0.15,main,NSGA-II,1004,1.0871385461893754,0.034912388615206014,253,7229.9875,253,7372.3,10,1.1416184999980032,6000
mk10,independent,0.15,main,NSGA-II,1005,1.1063649816306058,0.025610183381918016,251,7218.9125,257,7307.675,8,1.0612141001038253,6000
mk10,independent,0.15,main,NSGA-II,1006,0.9990601514735411,0.10865019828084309,252,7430.0625,262,7476.7625,12,1.0618690999690443,6000
mk10,independent,0.15,main,NSGA-II,1007,1.1045476129622935,0.05776120903195574,244,7318.125,252,7432.5625,13,1.154027699958533,6000
mk10,independent,0.15,main,NSGA-II,1008,1.0259659088513928,0.0706648437786525,261,7230.9375,261,7425.1,15,1.0584823000244796,6000
mk10,independent,0.15,main,NSGA-II,1009,1.0546436871374585,0.05325364808177677,255,7270.4,255,7415.95,12,1.0656311998609453,6000
mk10,independent,0.15,main,NSGA-II,1010,1.0223214993035858,0.08862841638743589,257,7294.4,267,7378.9625,13,1.2538536998908967,6000
mk10,independent,0.15,main,NSGA-II,1011,1.0299473937879584,0.08974931381918608,257,7273.55,262,7477.05,14,1.1082170000299811,6000
mk10,independent,0.15,main,NSGA-II,1012,1.0786773442465647,0.03308770789880019,253,7253.7625,256,7330.175,6,1.1482126000337303,6000
mk10,independent,0.15,main,NSGA-II,1013,1.0996118578342644,0.03747636633248024,252,7211.95,253,7408.0375,16,1.0634185001254082,6000
mk10,independent,0.15,main,NSGA-II,1014,1.1100472525377647,0.03449959999537235,251,7201.975,255,7375.5875,15,1.0905099001247436,6000
mk10,independent,0.15,main,NSGA-II,1015,1.0484656890993793,0.0884541279541965,251,7322.6125,266,7395.85,12,0.9868939998559654,6000
mk10,independent,0.15,main,NSGA-II,1016,1.068632428964674,0.031190195100422962,256,7231.35,259,7260.0875,6,1.0509508999530226,6000
mk10,independent,0.15,main,NSGA-II,1017,1.074489425127171,0.05381503378343019,256,7194.5375,256,7425.8,14,1.1162791000679135,6000
mk10,independent,0.15,main,NSGA-II,1018,1.0289440911845174,0.05333232853744637,262,7218.35,264,7284.325,6,1.0680413998197764,6000
mk10,independent,0.15,main,NSGA-II,1019,1.050507431209033,0.08387926071775642,252,7305.3875,261,7453.925,13,1.1956080999225378,6000
mk10,independent,0.15,main,NSGA-II,1020,1.0001904418568963,0.07869507427695746,261,7299.125,261,7456.2,8,0.9440940998028964,6000
mk10,independent,0.15,main,NSGA-II,1021,1.0680658512865135,0.03745387870739812,258,7194.225,258,7341.5875,8,1.1514163000974804,6000
mk10,independent,0.15,main,NSGA-II,1022,1.061461206470561,0.06863433315383048,253,7268.05,262,7396.6125,16,1.1197262001223862,6000
mk10,independent,0.15,main,NSGA-II,1023,1.0018014778264366,0.0898678335707007,263,7249.3125,269,7375.8125,8,1.0387930001597852,6000
mk10,independent,0.15,main,NSGA-II,1024,1.0847605483698775,0.04306598165521526,254,7213.3,256,7414.65,9,1.1788516999222338,6000
mk10,independent,0.15,main,NSGA-II,1025,1.1152970305609093,0.02458526157894559,250,7215.3,252,7340.9125,11,1.145783299813047,6000
mk10,independent,0.15,main,NSGA-II,1026,1.0642490125211035,0.0738729493339121,251,7295.0625,251,7529.8625,15,1.111920400056988,6000
mk10,independent,0.15,main,NSGA-II,1027,1.0180897234590702,0.072260980308747,263,7216.2625,264,7374.75,13,1.236693900078535,6000
mk10,independent,0.15,main,NSGA-II,1028,1.1541383199579955,0.03279259308065234,242,7239.2125,248,7435.9875,11,1.0857744000386447,6000
mk10,independent,0.15,main,NSGA-II,1029,1.0472614480650666,0.05115622589396582,258,7240.9,258,7420,11,1.1362598000559956,6000
mk10,independent,0.15,timing,DABC,6000,0.7744123128575463,0.278499529395016,275,7380.575,296,7554.1,8,0.45256650005467236,6000
mk10,independent,0.15,timing,DABC,6001,0.7255412449158445,0.3727007973744644,266,7439.4625,314,7493.6875,8,0.4350749999284744,6000
mk10,independent,0.15,timing,DABC,6002,0.7046208141925301,0.33893505016423997,276,7487.4625,308,7501.7875,5,0.44833739986643195,6000
mk10,independent,0.15,timing,DABC,6003,0.7113996681002985,0.36933656308068175,275,7462.025,313,7496.9625,5,0.4423636000137776,6000
mk10,independent,0.15,timing,DABC,6004,0.7773756004538369,0.3167969803125845,271,7404.5625,307,7429.6625,10,0.43602590006776154,6000
mk10,independent,0.15,timing,DABC,6005,0.7212132777991762,0.34938454216758585,279,7430.175,304,7670.4125,16,0.44044820009730756,6000
mk10,independent,0.15,timing,DABC,6006,0.6867900031022899,0.4000614036011282,270,7508.2625,315,7604.6625,10,0.44476009998470545,6000
mk10,independent,0.15,timing,DABC,6007,0.7267292016624027,0.3014677278847149,280,7414.5375,300,7552.55,8,0.45218390016816556,6000
mk10,independent,0.15,timing,DABC,6008,0.7015899928602067,0.3545937953915162,281,7399.2125,306,7650.675,12,0.4444758000317961,6000
mk10,independent,0.15,timing,DABC,6009,0.6937972742007078,0.3236714786566977,285,7487.9125,303,7582.9,8,0.44029559986665845,6000
mk10,independent,0.15,timing,EAMS-ABC,6000,1.0419899212280759,0.11528317611965357,249,7342.85,266,7517.725,17,0.588879199931398,6000
mk10,independent,0.15,timing,EAMS-ABC,6001,0.9979273161823201,0.1292599924656166,255,7351.5125,261,7601.9,15,0.5646025999449193,6000
mk10,independent,0.15,timing,EAMS-ABC,6002,0.9638708048638033,0.19675260372352557,257,7322.325,279,7613.625,18,0.6279729001689702,6000
mk10,independent,0.15,timing,EAMS-ABC,6003,1.02066431931443,0.06606837995321581,260,7267.4875,261,7387.225,10,0.6219297999050468,6000
mk10,independent,0.15,timing,EAMS-ABC,6004,1.028746212888257,0.09791096360248515,253,7327.45,260,7517.1625,13,0.5912957000546157,6000
mk10,independent,0.15,timing,EAMS-ABC,6005,0.97861347954948,0.13027924089037432,263,7279.575,270,7508.275,18,0.5951386000961065,6000
mk10,independent,0.15,timing,EAMS-ABC,6006,0.994742684053436,0.11046535854004882,260,7295.8375,266,7484.6875,12,0.6067073000594974,6000
mk10,independent,0.15,timing,EAMS-ABC,6007,1.0627205221214164,0.10183588003244386,252,7256.0375,255,7570.8625,19,0.601808900013566,6000
mk10,independent,0.15,timing,EAMS-ABC,6008,0.9772298459300293,0.09412134041141157,264,7298.9,267,7412.6125,10,0.6014235001057386,6000
mk10,independent,0.15,timing,EAMS-ABC,6009,1.0366997759700436,0.09740188832830203,255,7284.3,255,7564.9625,9,0.6040805000811815,6000
mk10,independent,0.15,timing,MA-NSGA-II,6000,0.9981069741872964,0.08400580258667341,265,7231.0375,266,7387.0125,15,0.5575616001151502,6000
mk10,independent,0.15,timing,MA-NSGA-II,6001,1.0458200778242195,0.06773831302588379,253,7317.6,255,7436.15,9,0.6169038000516593,6000
mk10,independent,0.15,timing,MA-NSGA-II,6002,1.02148021209231,0.07875889057522273,259,7271.4,259,7453.2125,12,0.5709154000505805,6000
mk10,independent,0.15,timing,MA-NSGA-II,6003,1.0422384634876762,0.06996811717545641,255,7291.175,255,7464.2375,11,0.5623405000660568,6000
mk10,independent,0.15,timing,MA-NSGA-II,6004,1.0230104823662092,0.07284751679709535,260,7256.3375,265,7372.2625,11,0.5732352999038994,6000
mk10,independent,0.15,timing,MA-NSGA-II,6005,1.0521917074411393,0.07326269837891186,254,7274.525,255,7467.9,13,0.5734518999233842,6000
mk10,independent,0.15,timing,MA-NSGA-II,6006,1.0625875389757329,0.09824551602166827,250,7277.3,257,7533.2375,15,0.5747455998789519,6000
mk10,independent,0.15,timing,MA-NSGA-II,6007,1.0291597916423039,0.07858214743348046,254,7334.875,260,7424.6375,14,0.5625831000506878,6000
mk10,independent,0.15,timing,MA-NSGA-II,6008,0.9967587506969225,0.07703935507691531,266,7221.65,266,7347.3375,8,0.5795638000126928,6000
mk10,independent,0.15,timing,MA-NSGA-II,6009,0.9961088077699943,0.09628842248577865,257,7349.0375,264,7426.7,6,0.5647655001375824,6000
mk10,independent,0.15,timing,MOEA-D,6000,1.0633398012505026,0.04361396071302489,257,7218.3125,258,7350.975,11,0.7702323000412434,6000
mk10,independent,0.15,timing,MOEA-D,6001,0.9968362298704428,0.11066271032904779,262,7267.9875,267,7510.4,17,0.8164208999369293,6000
mk10,independent,0.15,timing,MOEA-D,6002,0.9759691719541168,0.11586346882946726,263,7303.15,264,7524.5,13,0.7584129001479596,6000
mk10,independent,0.15,timing,MOEA-D,6003,1.0694864485217448,0.06124802982751703,254,7236.825,254,7445.4,9,0.7666471998672932,6000
mk10,independent,0.15,timing,MOEA-D,6004,1.0723467219947334,0.05202486213718589,253,7258.1,256,7399.15,13,0.772591199958697,6000
mk10,independent,0.15,timing,MOEA-D,6005,0.9098342375042293,0.13533098357361434,276,7257.475,276,7414.7875,5,0.8196138998027891,6000
mk10,independent,0.15,timing,MOEA-D,6006,1.0521837916847714,0.061915196614012694,257,7228.1375,257,7373.5125,14,0.7660846000071615,6000
mk10,independent,0.15,timing,MOEA-D,6007,0.9916594188835602,0.09986200908628907,267,7199.775,267,7426,12,0.7810959999915212,6000
mk10,independent,0.15,timing,MOEA-D,6008,1.0163406613669095,0.0590922813123176,263,7231.8375,263,7324.3125,10,0.7572735999710858,6000
mk10,independent,0.15,timing,MOEA-D,6009,1.0269781966970222,0.06563338316727514,262,7212.075,266,7294.9875,10,0.7524339000228792,6000
mk10,independent,0.15,timing,NSGA-II,6000,1.0798038953327795,0.051466961318284155,249,7303.975,256,7420.875,8,0.4127926002256572,6000
mk10,independent,0.15,timing,NSGA-II,6001,1.0663982184395908,0.0352498331933118,257,7216.0625,257,7316.275,7,0.404245899990201,6000
mk10,independent,0.15,timing,NSGA-II,6002,1.0528219936870675,0.08074358965629302,254,7265.3625,266,7374.975,17,0.4051823001354933,6000
mk10,independent,0.15,timing,NSGA-II,6003,1.0999032575913592,0.03440260898937793,255,7161.2625,260,7314.9875,11,0.4216123998630792,6000
mk10,independent,0.15,timing,NSGA-II,6004,1.065234531995347,0.042307352384131074,255,7249.5625,256,7378.8375,10,0.40676179993897676,6000
mk10,independent,0.15,timing,NSGA-II,6005,1.1208877637863361,0.014135468201414172,249,7226.4125,252,7284.7,11,0.41179070016369224,6000
mk10,independent,0.15,timing,NSGA-II,6006,1.0248883589512923,0.07858608987561394,256,7316.825,262,7424.725,10,0.4161444997880608,6000
mk10,independent,0.15,timing,NSGA-II,6007,1.0855555432386879,0.04012322162859968,251,7265.775,251,7387.1375,15,0.41910489997826517,6000
mk10,independent,0.15,timing,NSGA-II,6008,1.0559805600264924,0.08822700438449756,250,7305.975,262,7467.35,12,0.41246649995446205,6000
mk10,independent,0.15,timing,NSGA-II,6009,1.1060510133807513,0.06947128833834876,246,7265.575,261,7427.25,16,0.4086531000211835,6000
mk10,independent,0.15,sensitivity/alpha_0.3,EAMS-ABC,3000,1.042482072060862,0.10603073593909902,251,7294.675,268,7454.4,18,0.9317266999278218,6000
mk10,independent,0.15,sensitivity/alpha_0.3,EAMS-ABC,3001,1.1008801509208432,0.04941419053946177,248,7263.8625,256,7389.425,15,1.0876925999764353,6000
mk10,independent,0.15,sensitivity/alpha_0.3,EAMS-ABC,3002,0.9861050013372481,0.13219108791900594,262,7264.275,262,7604.2375,13,0.8804663999471813,6000
mk10,independent,0.15,sensitivity/alpha_0.3,EAMS-ABC,3003,1.0873813741159766,0.07379172315514035,249,7256.1125,265,7398.4125,14,1.0858092000707984,6000
mk10,independent,0.15,sensitivity/alpha_0.3,EAMS-ABC,3004,1.008447715492416,0.11667011493030947,257,7305.1375,274,7387.525,7,0.9828351999167353,6000
mk10,independent,0.15,sensitivity/alpha_0.3,EAMS-ABC,3005,1.0721889220941254,0.05575484948744633,250,7305.5,253,7413.2875,11,1.0012237001210451,6000
mk10,independent,0.15,sensitivity/alpha_0.3,EAMS-ABC,3006,1.0076119006136979,0.07825095993125547,260,7288.2,265,7349.15,8,0.9861529998015612,6000
mk10,independent,0.15,sensitivity/alpha_0.3,EAMS-ABC,3007,1.0446298103637708,0.0928093837951273,252,7306.5,262,7435.1125,14,1.063370899995789,6000
mk10,independent,0.15,sensitivity/alpha_0.3,EAMS-ABC,3008,1.0718109330178693,0.07899125550902027,252,7244.8625,265,7398.9875,14,1.0039609000086784,6000
mk10,independent,0.15,sensitivity/alpha_0.3,EAMS-ABC,3009,1.012038299458216,0.08157843791807161,262,7244.3875,270,7312.8875,10,0.7188746999017894,6000
mk10,independent,0.15,sensitivity/alpha_0.5,EAMS-ABC,3000,1.029677547683065,0.11850899780123146,257,7241.1,275,7386.8625,19,1.0008371998555958,6000
mk10,independent,0.15,sensitivity/alpha_0.5,EAMS-ABC,3001,1.0068762036594532,0.06608489507586987,262,7270.4875,262,7365.5,8,1.033423300134018,6000
mk10,independent,0.15,sensitivity/alpha_0.5,EAMS-ABC,3002,1.036146703477797,0.06703615957131133,256,7293.0875,256,7446.6125,11,0.9369910999666899,6000
mk10,independent,0.15,sensitivity/alpha_0.5,EAMS-ABC,3003,1.0580918811662303,0.07365231361063619,257,7200.575,268,7337.45,15,1.1144606000743806,6000
mk10,independent,0.15,sensitivity/alpha_0.5,EAMS-ABC,3004,1.061469887260582,0.05213494621062341,253,7280.75,256,7427.65,6,0.9621449999976903,6000
mk10,independent,0.15,sensitivity/alpha_0.5,EAMS-ABC,3005,0.9998378316011051,0.13411581674556605,254,7376.4875,263,7578.9625,17,1.048089699819684,6000
mk10,independent,0.15,sensitivity/alpha_0.5,EAMS-ABC,3006,1.0248767117042508,0.10865287643209769,258,7247.55,273,7382.4625,20,1.013756699860096,6000
mk10,independent,0.15,sensitivity/alpha_0.5,EAMS-ABC,3007,1.0078050325787242,0.0962652169278796,257,7330.875,258,7491.625,11,0.9901328000705689,6000
mk10,independent,0.15,sensitivity/alpha_0.5,EAMS-ABC,3008,1.0595744773532083,0.09286970914026879,250,7298.8,264,7420.3625,14,0.9780023000203073,6000
mk10,independent,0.15,sensitivity/alpha_0.5,EAMS-ABC,3009,1.0014138165389976,0.11627832985221002,260,7281.2125,267,7513.275,15,0.7272964001167566,6000
mk10,independent,0.15,sensitivity/alpha_0.7,EAMS-ABC,3000,1.0967394531133516,0.062173527544677754,243,7332.3375,253,7461.5625,11,0.9739830999169499,6000
mk10,independent,0.15,sensitivity/alpha_0.7,EAMS-ABC,3001,1.085533934941226,0.0557982699182317,250,7260.575,253,7454.075,13,0.9905260000377893,6000
mk10,independent,0.15,sensitivity/alpha_0.7,EAMS-ABC,3002,0.9827882447739228,0.09925821177191638,263,7294.3125,265,7483.5375,8,1.0070530001539737,6000
mk10,independent,0.15,sensitivity/alpha_0.7,EAMS-ABC,3003,1.0342516917001816,0.06728258608922826,259,7247.2625,259,7465.1,8,0.9698960001114756,6000
mk10,independent,0.15,sensitivity/alpha_0.7,EAMS-ABC,3004,1.036012190264807,0.09560783177750898,254,7302.375,256,7542.75,7,0.8990869999397546,6000
mk10,independent,0.15,sensitivity/alpha_0.7,EAMS-ABC,3005,1.077302477288259,0.07521354566014919,252,7236.2125,265,7409.1125,16,1.0622023998294026,6000
mk10,independent,0.15,sensitivity/alpha_0.7,EAMS-ABC,3006,1.0365392281934578,0.10433811783333088,252,7304.8125,267,7420.2625,12,0.9430779998656362,6000
mk10,independent,0.15,sensitivity/alpha_0.7,EAMS-ABC,3007,1.0138140596635699,0.10304926015919223,256,7318.975,266,7474.3375,11,0.9102753000333905,6000
mk10,independent,0.15,sensitivity/alpha_0.7,EAMS-ABC,3008,1.00961089451638,0.08516397319419851,259,7294.1375,267,7348.225,11,0.9865856000687927,6000
mk10,independent,0.15,sensitivity/alpha_0.7,EAMS-ABC,3009,1.0730598894885477,0.0838995774017583,246,7346.4625,260,7466.05,13,0.7195011000148952,6000
mk10,independent,0.15,sensitivity/limit_15,EAMS-ABC,3000,1.0440995795905883,0.12754404057452992,254,7239.6,280,7341.5,16,1.0099951999727637,6000
mk10,independent,0.15,sensitivity/limit_15,EAMS-ABC,3001,1.0363625600649005,0.05535867127082176,257,7283.0875,258,7357.475,7,0.9937517999205738,6000
mk10,independent,0.15,sensitivity/limit_15,EAMS-ABC,3002,1.0341464293147158,0.07380663782068621,256,7292.725,262,7393.425,13,1.0726769999600947,6000
mk10,independent,0.15,sensitivity/limit_15,EAMS-ABC,3003,1.0162860629447839,0.07635394764581065,266,7164.3875,266,7353,13,1.0709676002152264,6000
mk10,independent,0.15,sensitivity/limit_15,EAMS-ABC,3004,1.076739873101214,0.07009185572824767,252,7240.25,253,7527.0625,16,0.9501535999588668,6000
mk10,independent,0.15,sensitivity/limit_15,EAMS-ABC,3005,0.983709634131243,0.13449680771610392,257,7368.25,265,7563.95,12,1.0879013000521809,6000
mk10,independent,0.15,sensitivity/limit_15,EAMS-ABC,3006,1.0311839692038047,0.10753494063600669,257,7250.075,273,7376.875,12,1.1405468001030385,6000
mk10,independent,0.15,sensitivity/limit_15,EAMS-ABC,3007,1.0035547632166204,0.10615464396272695,259,7289.3,265,7477.875,12,1.0727456999011338,6000
mk10,independent,0.15,sensitivity/limit_15,EAMS-ABC,3008,1.0631341164883963,0.10211906748718992,247,7320.825,267,7422.6375,14,0.8917960000690073,6000
mk10,independent,0.15,sensitivity/limit_15,EAMS-ABC,3009,1.0246558043337444,0.09320561284335924,258,7263.875,266,7408.8875,15,0.7280049999244511,6000
mk10,independent,0.15,sensitivity/limit_30,EAMS-ABC,3000,1.029677547683065,0.11850899780123146,257,7241.1,275,7386.8625,19,0.9068612998817116,6000
mk10,independent,0.15,sensitivity/limit_30,EAMS-ABC,3001,1.0068762036594532,0.06608489507586987,262,7270.4875,262,7365.5,8,0.9392059000674635,6000
mk10,independent,0.15,sensitivity/limit_30,EAMS-ABC,3002,1.036146703477797,0.06703615957131133,256,7293.0875,256,7446.6125,11,0.9486151000019163,6000
mk10,independent,0.15,sensitivity/limit_30,EAMS-ABC,3003,1.0580918811662303,0.07365231361063619,257,7200.575,268,7337.45,15,1.1775449998676777,6000
mk10,independent,0.15,sensitivity/limit_30,EAMS-ABC,3004,1.061469887260582,0.05213494621062341,253,7280.75,256,7427.65,6,0.9536467001307756,6000
mk10,independent,0.15,sensitivity/limit_30,EAMS-ABC,3005,0.9998378316011051,0.13411581674556605,254,7376.4875,263,7578.9625,17,1.0107833999209106,6000
mk10,independent,0.15,sensitivity/limit_30,EAMS-ABC,3006,1.0248767117042508,0.10865287643209769,258,7247.55,273,7382.4625,20,1.027106499997899,6000
mk10,independent,0.15,sensitivity/limit_30,EAMS-ABC,3007,1.0078050325787242,0.0962652169278796,257,7330.875,258,7491.625,11,1.014103600056842,6000
mk10,independent,0.15,sensitivity/limit_30,EAMS-ABC,3008,1.0595744773532083,0.09286970914026879,250,7298.8,264,7420.3625,14,0.877089399844408,6000
mk10,independent,0.15,sensitivity/limit_30,EAMS-ABC,3009,1.0014138165389976,0.11627832985221002,260,7281.2125,267,7513.275,15,0.7356563999783248,6000
mk10,independent,0.15,sensitivity/limit_60,EAMS-ABC,3000,1.029677547683065,0.11850899780123146,257,7241.1,275,7386.8625,19,1.0658936998806894,6000
mk10,independent,0.15,sensitivity/limit_60,EAMS-ABC,3001,1.0068762036594532,0.06608489507586987,262,7270.4875,262,7365.5,8,0.9007391999475658,6000
mk10,independent,0.15,sensitivity/limit_60,EAMS-ABC,3002,1.036146703477797,0.06703615957131133,256,7293.0875,256,7446.6125,11,1.0684191000182182,6000
mk10,independent,0.15,sensitivity/limit_60,EAMS-ABC,3003,1.0580918811662303,0.07365231361063619,257,7200.575,268,7337.45,15,0.9910969999618828,6000
mk10,independent,0.15,sensitivity/limit_60,EAMS-ABC,3004,1.061469887260582,0.05213494621062341,253,7280.75,256,7427.65,6,1.1192592000588775,6000
mk10,independent,0.15,sensitivity/limit_60,EAMS-ABC,3005,0.9998378316011051,0.13411581674556605,254,7376.4875,263,7578.9625,17,1.0623069000430405,6000
mk10,independent,0.15,sensitivity/limit_60,EAMS-ABC,3006,1.0248767117042508,0.10865287643209769,258,7247.55,273,7382.4625,20,1.011428999947384,6000
mk10,independent,0.15,sensitivity/limit_60,EAMS-ABC,3007,1.0078050325787242,0.0962652169278796,257,7330.875,258,7491.625,11,0.9629564001224935,6000
mk10,independent,0.15,sensitivity/limit_60,EAMS-ABC,3008,1.0595744773532083,0.09286970914026879,250,7298.8,264,7420.3625,14,0.7713187001645565,6000
mk10,independent,0.15,sensitivity/limit_60,EAMS-ABC,3009,1.0014138165389976,0.11627832985221002,260,7281.2125,267,7513.275,15,0.7456902998965234,6000
mk10,independent,0.15,sensitivity/reconstruction_0.1,EAMS-ABC,3000,1.029677547683065,0.11850899780123146,257,7241.1,275,7386.8625,19,1.0056876000016928,6000
mk10,independent,0.15,sensitivity/reconstruction_0.1,EAMS-ABC,3001,1.0068762036594532,0.06608489507586987,262,7270.4875,262,7365.5,8,0.9071796000935137,6000
mk10,independent,0.15,sensitivity/reconstruction_0.1,EAMS-ABC,3002,1.036146703477797,0.06703615957131133,256,7293.0875,256,7446.6125,11,1.0332944998517632,6000
mk10,independent,0.15,sensitivity/reconstruction_0.1,EAMS-ABC,3003,1.0580918811662303,0.07365231361063619,257,7200.575,268,7337.45,15,1.1236325001809746,6000
mk10,independent,0.15,sensitivity/reconstruction_0.1,EAMS-ABC,3004,1.061469887260582,0.05213494621062341,253,7280.75,256,7427.65,6,1.0164796998724341,6000
mk10,independent,0.15,sensitivity/reconstruction_0.1,EAMS-ABC,3005,0.9998378316011051,0.13411581674556605,254,7376.4875,263,7578.9625,17,1.0593268999364227,6000
mk10,independent,0.15,sensitivity/reconstruction_0.1,EAMS-ABC,3006,1.0248767117042508,0.10865287643209769,258,7247.55,273,7382.4625,20,0.9874259000644088,6000
mk10,independent,0.15,sensitivity/reconstruction_0.1,EAMS-ABC,3007,1.0078050325787242,0.0962652169278796,257,7330.875,258,7491.625,11,1.0573185000102967,6000
mk10,independent,0.15,sensitivity/reconstruction_0.1,EAMS-ABC,3008,1.0595744773532083,0.09286970914026879,250,7298.8,264,7420.3625,14,0.7530898998957127,6000
mk10,independent,0.15,sensitivity/reconstruction_0.1,EAMS-ABC,3009,1.0014138165389976,0.11627832985221002,260,7281.2125,267,7513.275,15,0.7375960999634117,6000
mk10,independent,0.15,sensitivity/reconstruction_0.2,EAMS-ABC,3000,1.029677547683065,0.11850899780123146,257,7241.1,275,7386.8625,19,1.0393336000852287,6000
mk10,independent,0.15,sensitivity/reconstruction_0.2,EAMS-ABC,3001,1.0068762036594532,0.06608489507586987,262,7270.4875,262,7365.5,8,1.0128178000450134,6000
mk10,independent,0.15,sensitivity/reconstruction_0.2,EAMS-ABC,3002,1.036146703477797,0.06703615957131133,256,7293.0875,256,7446.6125,11,0.9827307001687586,6000
mk10,independent,0.15,sensitivity/reconstruction_0.2,EAMS-ABC,3003,1.0580918811662303,0.07365231361063619,257,7200.575,268,7337.45,15,0.9399834999348968,6000
mk10,independent,0.15,sensitivity/reconstruction_0.2,EAMS-ABC,3004,1.061469887260582,0.05213494621062341,253,7280.75,256,7427.65,6,0.9607115001417696,6000
mk10,independent,0.15,sensitivity/reconstruction_0.2,EAMS-ABC,3005,0.9998378316011051,0.13411581674556605,254,7376.4875,263,7578.9625,17,0.9894151000771672,6000
mk10,independent,0.15,sensitivity/reconstruction_0.2,EAMS-ABC,3006,1.0248767117042508,0.10865287643209769,258,7247.55,273,7382.4625,20,1.0169698998797685,6000
mk10,independent,0.15,sensitivity/reconstruction_0.2,EAMS-ABC,3007,1.0078050325787242,0.0962652169278796,257,7330.875,258,7491.625,11,1.1106286998838186,6000
mk10,independent,0.15,sensitivity/reconstruction_0.2,EAMS-ABC,3008,1.0595744773532083,0.09286970914026879,250,7298.8,264,7420.3625,14,0.7245499999262393,6000
mk10,independent,0.15,sensitivity/reconstruction_0.2,EAMS-ABC,3009,1.0014138165389976,0.11627832985221002,260,7281.2125,267,7513.275,15,0.684002700028941,6000
mk10,independent,0.15,sensitivity/reconstruction_0.3,EAMS-ABC,3000,1.029677547683065,0.11850899780123146,257,7241.1,275,7386.8625,19,0.9593277000822127,6000
mk10,independent,0.15,sensitivity/reconstruction_0.3,EAMS-ABC,3001,1.0068762036594532,0.06608489507586987,262,7270.4875,262,7365.5,8,1.0119096001144499,6000
mk10,independent,0.15,sensitivity/reconstruction_0.3,EAMS-ABC,3002,1.036146703477797,0.06703615957131133,256,7293.0875,256,7446.6125,11,1.0097282000351697,6000
mk10,independent,0.15,sensitivity/reconstruction_0.3,EAMS-ABC,3003,1.0580918811662303,0.07365231361063619,257,7200.575,268,7337.45,15,0.9791060998104513,6000
mk10,independent,0.15,sensitivity/reconstruction_0.3,EAMS-ABC,3004,1.061469887260582,0.05213494621062341,253,7280.75,256,7427.65,6,1.0722274000290781,6000
mk10,independent,0.15,sensitivity/reconstruction_0.3,EAMS-ABC,3005,0.9998378316011051,0.13411581674556605,254,7376.4875,263,7578.9625,17,0.9444450999144465,6000
mk10,independent,0.15,sensitivity/reconstruction_0.3,EAMS-ABC,3006,1.0248767117042508,0.10865287643209769,258,7247.55,273,7382.4625,20,1.0051611999515444,6000
mk10,independent,0.15,sensitivity/reconstruction_0.3,EAMS-ABC,3007,1.0078050325787242,0.0962652169278796,257,7330.875,258,7491.625,11,1.0292842998169363,6000
mk10,independent,0.15,sensitivity/reconstruction_0.3,EAMS-ABC,3008,1.0595744773532083,0.09286970914026879,250,7298.8,264,7420.3625,14,0.7158119000960141,6000
mk10,independent,0.15,sensitivity/reconstruction_0.3,EAMS-ABC,3009,1.0014138165389976,0.11627832985221002,260,7281.2125,267,7513.275,15,0.6835957998409867,6000
mk10,independent,0.15,sensitivity/rho_0.1,EAMS-ABC,3000,1.082019565501479,0.0320666693925591,254,7229.2875,258,7292.9625,8,0.9979936999734491,6000
mk10,independent,0.15,sensitivity/rho_0.1,EAMS-ABC,3001,1.0453580443366668,0.11574712550996713,252,7274.7875,259,7602.225,16,0.9402527001220733,6000
mk10,independent,0.15,sensitivity/rho_0.1,EAMS-ABC,3002,1.0467355732998262,0.09135904035098463,253,7293.125,259,7529.3,17,1.0494559998624027,6000
mk10,independent,0.15,sensitivity/rho_0.1,EAMS-ABC,3003,0.9884957158896089,0.1362673141735201,262,7255.8875,270,7516.1125,15,1.0984181000385433,6000
mk10,independent,0.15,sensitivity/rho_0.1,EAMS-ABC,3004,0.982615073942064,0.1303321493094458,260,7323.5625,273,7454.2625,20,0.9983073000330478,6000
mk10,independent,0.15,sensitivity/rho_0.1,EAMS-ABC,3005,1.0120582605913837,0.09122483492192021,253,7391.175,255,7459.0625,10,0.9831660999916494,6000
mk10,independent,0.15,sensitivity/rho_0.1,EAMS-ABC,3006,1.0823671796191292,0.03646255957291169,256,7187.9875,258,7305.225,13,1.08909559994936,6000
mk10,independent,0.15,sensitivity/rho_0.1,EAMS-ABC,3007,1.0069432768140005,0.061953659331841326,262,7271.625,262,7326.975,5,1.0472957000602037,6000
mk10,independent,0.15,sensitivity/rho_0.1,EAMS-ABC,3008,1.0477424512646243,0.11602799074900487,251,7292.575,264,7568.875,15,0.8193359998986125,6000
mk10,independent,0.15,sensitivity/rho_0.1,EAMS-ABC,3009,1.043944426081902,0.09818645879916887,252,7306.425,259,7486.225,16,0.7488679001107812,6000
mk10,independent,0.15,sensitivity/rho_0.2,EAMS-ABC,3000,1.029677547683065,0.11850899780123146,257,7241.1,275,7386.8625,19,0.9527724999934435,6000
mk10,independent,0.15,sensitivity/rho_0.2,EAMS-ABC,3001,1.0068762036594532,0.06608489507586987,262,7270.4875,262,7365.5,8,0.9596033999696374,6000
mk10,independent,0.15,sensitivity/rho_0.2,EAMS-ABC,3002,1.036146703477797,0.06703615957131133,256,7293.0875,256,7446.6125,11,1.0659256998915225,6000
mk10,independent,0.15,sensitivity/rho_0.2,EAMS-ABC,3003,1.0580918811662303,0.07365231361063619,257,7200.575,268,7337.45,15,1.0948857001494616,6000
mk10,independent,0.15,sensitivity/rho_0.2,EAMS-ABC,3004,1.061469887260582,0.05213494621062341,253,7280.75,256,7427.65,6,0.9908511000685394,6000
mk10,independent,0.15,sensitivity/rho_0.2,EAMS-ABC,3005,0.9998378316011051,0.13411581674556605,254,7376.4875,263,7578.9625,17,1.023844099836424,6000
mk10,independent,0.15,sensitivity/rho_0.2,EAMS-ABC,3006,1.0248767117042508,0.10865287643209769,258,7247.55,273,7382.4625,20,1.0216036001220345,6000
mk10,independent,0.15,sensitivity/rho_0.2,EAMS-ABC,3007,1.0078050325787242,0.0962652169278796,257,7330.875,258,7491.625,11,0.9987820000387728,6000
mk10,independent,0.15,sensitivity/rho_0.2,EAMS-ABC,3008,1.0595744773532083,0.09286970914026879,250,7298.8,264,7420.3625,14,0.8533709000330418,6000
mk10,independent,0.15,sensitivity/rho_0.2,EAMS-ABC,3009,1.0014138165389976,0.11627832985221002,260,7281.2125,267,7513.275,15,0.7174665001221001,6000
mk10,independent,0.15,sensitivity/rho_0.4,EAMS-ABC,3000,1.0076816591924966,0.12354858749913114,250,7377.8625,263,7602.95,13,1.0343261000234634,6000
mk10,independent,0.15,sensitivity/rho_0.4,EAMS-ABC,3001,1.0382933098431577,0.0585805002177705,256,7291.45,260,7352.5375,7,1.008727400097996,6000
mk10,independent,0.15,sensitivity/rho_0.4,EAMS-ABC,3002,1.0427300132225923,0.08035960052676208,253,7313.7625,254,7504.2125,11,1.0100507999304682,6000
mk10,independent,0.15,sensitivity/rho_0.4,EAMS-ABC,3003,1.0106137443448013,0.10536071762548073,260,7252.25,264,7502.6625,17,1.1236881001386791,6000
mk10,independent,0.15,sensitivity/rho_0.4,EAMS-ABC,3004,1.0039538375571262,0.07080346636774495,264,7238.025,264,7351.6,10,1.0316488000098616,6000
mk10,independent,0.15,sensitivity/rho_0.4,EAMS-ABC,3005,1.048373947512759,0.06751125333118053,252,7327.875,255,7451.9625,10,0.9826013999991119,6000
mk10,independent,0.15,sensitivity/rho_0.4,EAMS-ABC,3006,1.0284566788765,0.09036212713645471,251,7375.5,256,7485.725,12,0.9302368001081049,6000
mk10,independent,0.15,sensitivity/rho_0.4,EAMS-ABC,3007,1.019091964383156,0.06876004864003761,260,7268.6,260,7394.35,12,0.91275759995915,6000
mk10,independent,0.15,sensitivity/rho_0.4,EAMS-ABC,3008,1.0817449262265562,0.02401899423715347,258,7166.4125,259,7248.4,11,0.8672301000915468,6000
mk10,independent,0.15,sensitivity/rho_0.4,EAMS-ABC,3009,1.0088733942685244,0.0844518304034567,259,7304.8375,260,7472.2375,8,0.7187234999146312,6000
mk11,independent,0.15,heldout,DABC,5000,0.8789076895645497,0.14994041472928163,658,10051.0375,722,10352,23,1.2210176000371575,6000
mk11,independent,0.15,heldout,DABC,5001,0.8718689740289228,0.11616492000677298,669,10122.275,702,10383.85,19,1.251789800124243,6000
mk11,independent,0.15,heldout,DABC,5002,0.8707934949853158,0.128427283501736,646,10121.2875,749,10143.8625,20,1.2293794001452625,6000
mk11,independent,0.15,heldout,DABC,5003,0.8582782631378416,0.12247788963844403,658,10126.7125,705,10272.4625,16,1.2189354000147432,6000
mk11,independent,0.15,heldout,DABC,5004,0.8608943277316045,0.1228375822219697,660,10132,706,10278.975,18,1.3742086000274867,6000
mk11,independent,0.15,heldout,DABC,5005,0.8664433712560116,0.13241536917328905,661,10084.6875,727,10212.475,22,1.1880024001002312,6000
mk11,independent,0.15,heldout,DABC,5006,0.908089395710156,0.1149562987239716,667,9983.975,701,10386.275,24,1.1720330000389367,6000
mk11,independent,0.15,heldout,DABC,5007,0.8653648314152693,0.14329361335163399,651,10100.075,745,10123.175,18,1.2750012998003513,6000
mk11,independent,0.15,heldout,DABC,5008,0.8519964493898262,0.15051381041690562,661,10073.6,739,10293.5625,23,1.299523200141266,6000
mk11,independent,0.15,heldout,DABC,5009,0.8684499546202628,0.12602822296963062,658,10090.6125,702,10314.975,20,1.1958528999239206,6000
mk11,independent,0.15,heldout,EAMS-ABC,5000,0.9830312801070115,0.0491479985498687,641,10056.9125,695,10220.475,19,1.586299299960956,6000
mk11,independent,0.15,heldout,EAMS-ABC,5001,1.0045180182843303,0.025445170396548984,648,10017.375,697,10109.75,16,1.6078631000127643,6000
mk11,independent,0.15,heldout,EAMS-ABC,5002,1.002531385674589,0.03849364132050453,654,9956.6,704,10181.3,24,1.5836171000264585,6000
mk11,independent,0.15,heldout,EAMS-ABC,5003,1.0357508667591835,0.02745874926159428,641,9951.425,707,10126.6125,24,1.5923123999964446,6000
mk11,independent,0.15,heldout,EAMS-ABC,5004,1.0121831947788276,0.03287578328816049,659,9925.925,706,10106.4875,26,1.6173113000113517,6000
mk11,independent,0.15,heldout,EAMS-ABC,5005,1.0442681995275513,0.01945301118909002,648,9915.9625,708,10080.4375,31,1.571420099819079,6000
mk11,independent,0.15,heldout,EAMS-ABC,5006,1.0241854524159542,0.02620417082882327,656,9916.875,690,10200.625,22,1.554911700077355,6000
mk11,independent,0.15,heldout,EAMS-ABC,5007,1.0028073810866416,0.04418698247567254,640,10025.8875,702,10203.075,23,1.6313568002078682,6000
mk11,independent,0.15,heldout,EAMS-ABC,5008,1.0113517138476151,0.0336651099918849,650,9968.025,711,10089.5875,23,1.5754398999270052,6000
mk11,independent,0.15,heldout,EAMS-ABC,5009,1.0112771005051644,0.03410920238937284,636,10023.925,698,10175.625,20,1.4974003999959677,6000
mk11,independent,0.15,heldout,MA-NSGA-II,5000,0.9940398602139076,0.05199478964213093,662,9922.9125,690,10282.025,27,1.4602678001392633,6000
mk11,independent,0.15,heldout,MA-NSGA-II,5001,0.9986376562946255,0.038987912929494384,644,10026.3125,708,10112.1125,34,1.3151577999815345,6000
mk11,independent,0.15,heldout,MA-NSGA-II,5002,1.0215628900405638,0.04761863189458618,638,9972.8625,693,10266.9375,41,1.4701940999366343,6000
mk11,independent,0.15,heldout,MA-NSGA-II,5003,1.0014161739787875,0.02639448354984577,653,9999.4,701,10126.1,17,1.3821119999047369,6000
mk11,independent,0.15,heldout,MA-NSGA-II,5004,1.0006383916554125,0.04518468770253146,650,9979.3625,689,10232.0875,30,1.5116703999228776,6000
mk11,independent,0.15,heldout,MA-NSGA-II,5005,1.004730446582699,0.0320923817773676,658,9953.1875,699,10156.525,19,1.4867803000379354,6000
mk11,independent,0.15,heldout,MA-NSGA-II,5006,1.0370026130914312,0.035745585431526936,664,9808.025,707,10143.8375,31,1.5270551999565214,6000
mk11,independent,0.15,heldout,MA-NSGA-II,5007,0.994254650370401,0.048176826832714535,643,10018.3875,706,10181.5125,23,1.518580700038001,6000
mk11,independent,0.15,heldout,MA-NSGA-II,5008,1.0133927974399082,0.04221678520680285,652,9936.4125,713,10133.7875,30,1.4367611000780016,6000
mk11,independent,0.15,heldout,MA-NSGA-II,5009,0.9858411495875253,0.03537332161054226,653,10021.5,706,10105.5875,25,1.4252243000082672,6000
mk11,independent,0.15,heldout,MOEA-D,5000,1.002183158015063,0.035192791852639786,652,9986.6125,693,10179.9375,28,2.5298768000211567,6000
mk11,independent,0.15,heldout,MOEA-D,5001,1.0033743873436207,0.0218876730238999,660,9966.825,687,10173,21,2.3350712000392377,6000
mk11,independent,0.15,heldout,MOEA-D,5002,1.0326842878809666,0.017778781179720746,651,9937.8625,687,10175.1,26,2.3059189000632614,6000
mk11,independent,0.15,heldout,MOEA-D,5003,0.9860835360790825,0.038119242951071795,648,10047.2125,687,10220.775,37,2.3003460997715592,6000
mk11,independent,0.15,heldout,MOEA-D,5004,1.0178399283465684,0.02048529953694195,659,9935.025,709,10063.475,28,2.4139912000391632,6000
mk11,independent,0.15,heldout,MOEA-D,5005,1.011338645611802,0.0210722485654386,653,9981.725,690,10154.6625,20,2.2373673000838608,6000
mk11,independent,0.15,heldout,MOEA-D,5006,0.9876849271857306,0.03206175836432313,665,9965.7625,697,10146.25,21,2.3859467001166195,6000
mk11,independent,0.15,heldout,MOEA-D,5007,0.9882843047922977,0.028175067493319834,666,9965.7375,704,10106.1375,16,2.3207631001714617,6000
mk11,independent,0.15,heldout,MOEA-D,5008,1.0076724753842017,0.025950368450638427,663,9931.2875,685,10197.05,26,2.420234999852255,6000
mk11,independent,0.15,heldout,MOEA-D,5009,0.9684770101859994,0.04203863016510353,666,9994.5625,690,10207.575,21,2.240539399906993,6000
mk11,independent,0.15,heldout,NSGA-II,5000,1.0181059761679325,0.017995517444782352,655,9957.5875,687,10181.175,23,1.0514700999483466,6000
mk11,independent,0.15,heldout,NSGA-II,5001,1.0164934554728184,0.03163798766977729,642,10001.45,708,10086.6125,25,1.1109315999783576,6000
mk11,independent,0.15,heldout,NSGA-II,5002,1.0458363429390636,0.03688109102231681,634,9931.85,711,10162.2375,40,1.1168694999068975,6000
mk11,independent,0.15,heldout,NSGA-II,5003,1.0442823685388705,0.0164924344686736,651,9910.175,690,10139.725,30,1.0721042999066412,6000
mk11,independent,0.15,heldout,NSGA-II,5004,1.0505635517455751,0.021137606548745462,638,9943.6,690,10191.5125,31,1.1123281999025494,6000
mk11,independent,0.15,heldout,NSGA-II,5005,1.0828274399950173,0.009949655940215931,641,9869.125,706,10097.7125,34,1.1561640999279916,6000
mk11,independent,0.15,heldout,NSGA-II,5006,1.0531171671005854,0.017049857544213474,648,9898.575,704,10121.375,29,1.2444573999382555,6000
mk11,independent,0.15,heldout,NSGA-II,5007,1.0033331200180027,0.028353351680527196,644,10036.9875,688,10181.325,27,1.170973900007084,6000
mk11,independent,0.15,heldout,NSGA-II,5008,1.0540923088537535,0.022504548179526598,642,9914.65,712,10071.875,35,1.090618500020355,6000
mk11,independent,0.15,heldout,NSGA-II,5009,0.9968174566665295,0.02931166760827028,663,9957.1125,690,10193.9625,28,1.111142700072378,6000
mk12,independent,0.15,heldout,DABC,5000,0.7582517308129227,0.21937961331149,529,13088.225,572,13278.05,13,1.2029617000371218,6000
mk12,independent,0.15,heldout,DABC,5001,0.7346669765098485,0.22427308791380218,537,13044.8875,547,13565.3875,14,1.3166058000642806,6000
mk12,independent,0.15,heldout,DABC,5002,0.8262203953832928,0.15535274924962955,528,13106.8625,572,13147.4625,7,1.2078148000873625,6000
mk12,independent,0.15,heldout,DABC,5003,0.8220969652471375,0.1607565991146245,518,13153.3375,556,13433.15,11,1.2858537000138313,6000
mk12,independent,0.15,heldout,DABC,5004,0.703579123499101,0.2810055338998531,534,13112.6125,582,13500.075,12,1.2446433999575675,6000
mk12,independent,0.15,heldout,DABC,5005,0.754810082570781,0.2212386605434185,520,13124.2375,530,13655.175,13,1.2039573001675308,6000
mk12,independent,0.15,heldout,DABC,5006,0.7648358818707426,0.21863903345577776,524,13114.2375,531,13708.9875,9,1.2326716999523342,6000
mk12,independent,0.15,heldout,DABC,5007,0.7608664354097793,0.24916159396005558,522,13129.1375,582,13230.2,15,1.2720002001151443,6000
mk12,independent,0.15,heldout,DABC,5008,0.7922076470135833,0.2025226564893949,527,13103.3125,569,13269.9875,13,1.3545226999558508,6000
mk12,independent,0.15,heldout,DABC,5009,0.7265839590609766,0.24709550191208648,526,13129.75,576,13456.6125,12,1.3152324999682605,6000
mk12,independent,0.15,heldout,EAMS-ABC,5000,0.9686298112174491,0.05711373201349506,524,12946.75,540,13281.5375,8,1.6985391001217067,6000
mk12,independent,0.15,heldout,EAMS-ABC,5001,0.9474700818712057,0.0622000952663096,524,13041.1,540,13263.325,8,1.7400877999607474,6000
mk12,independent,0.15,heldout,EAMS-ABC,5002,0.9884057784870631,0.03673818970389556,524,12976.1125,540,13212.0375,5,1.5677700999658555,6000
mk12,independent,0.15,heldout,EAMS-ABC,5003,1.0355793863361586,0.03514714901772393,511,12971.45,540,13263.9875,10,1.7718116999603808,6000
mk12,independent,0.15,heldout,EAMS-ABC,5004,0.986639368908583,0.042654766809087204,524,12942.35,540,13237.4625,8,1.5308274000417441,6000
mk12,independent,0.15,heldout,EAMS-ABC,5005,0.9581793457961353,0.04892744634899516,524,13031.325,540,13218.825,8,1.6763163998257369,6000
mk12,independent,0.15,heldout,EAMS-ABC,5006,1.013093273280252,0.05154027232887371,510,12978.2875,540,13284.3,11,1.720279400004074,6000
mk12,independent,0.15,heldout,EAMS-ABC,5007,0.9677645233750091,0.04456168489929481,524,13030.9,540,13215.5625,4,1.5688163999002427,6000
mk12,independent,0.15,heldout,EAMS-ABC,5008,0.993759924940269,0.034749999194997556,524,12939.05,540,13224.2125,8,1.7111171998549253,6000
mk12,independent,0.15,heldout,EAMS-ABC,5009,0.9041273186239476,0.08016570218613281,524,13130.6625,540,13322.7,8,1.7071781000122428,6000
mk12,independent,0.15,heldout,MA-NSGA-II,5000,0.9859712585139295,0.03801680427010148,524,12973.5875,540,13217.55,9,1.4562337999232113,6000
mk12,independent,0.15,heldout,MA-NSGA-II,5001,0.9562551732942544,0.05517333791556656,524,13024.125,540,13289.4,9,1.5448493999429047,6000
mk12,independent,0.15,heldout,MA-NSGA-II,5002,0.9792691397404888,0.049156381813304374,524,12939.75,540,13263.1,9,1.507818599930033,6000
mk12,independent,0.15,heldout,MA-NSGA-II,5003,0.9670430235133238,0.07024505710968902,516,12999.575,540,13316.8875,10,1.4872195001225919,6000
mk12,independent,0.15,heldout,MA-NSGA-II,5004,0.9515043658868396,0.055563379459431905,524,13048.575,541,13237.6875,8,1.4993514998350292,6000
mk12,independent,0.15,heldout,MA-NSGA-II,5005,0.9672088359595524,0.0506965136540125,524,13001.9,541,13239.825,13,1.4775698999874294,6000
mk12,independent,0.15,heldout,MA-NSGA-II,5006,0.9785221506427102,0.06544964477669855,511,13079.3,540,13273.175,14,1.4681971000973135,6000
mk12,independent,0.15,heldout,MA-NSGA-II,5007,0.9545200569943734,0.05795251062405593,524,13018.5625,540,13276.975,9,1.427443399792537,6000
mk12,independent,0.15,heldout,MA-NSGA-II,5008,0.9776716046268591,0.05401245264275357,518,13017.85,541,13269.125,15,1.4597197999246418,6000
mk12,independent,0.15,heldout,MA-NSGA-II,5009,0.9012531479482438,0.08355499886090996,529,13081.8375,540,13330.85,9,1.4765143999829888,6000
mk12,independent,0.15,heldout,MOEA-D,5000,0.9530275022236879,0.05838120174787976,524,13036.1875,540,13288.525,6,2.212868200149387,6000
mk12,independent,0.15,heldout,MOEA-D,5001,0.9898193442116099,0.038156759484099995,523,12976.875,540,13236.2125,9,2.245194499846548,6000
mk12,independent,0.15,heldout,MOEA-D,5002,0.999814247467821,0.03136813128659885,524,12945.2,540,13226.8625,7,2.2181547000072896,6000
mk12,independent,0.15,heldout,MOEA-D,5003,1.0067427790704466,0.026744761865923502,524,12940.4625,540,13207.5625,8,2.273348300019279,6000
mk12,independent,0.15,heldout,MOEA-D,5004,0.9999295945368736,0.02665290893752614,524,12963.7125,540,13192.275,7,2.2184482999145985,6000
mk12,independent,0.15,heldout,MOEA-D,5005,0.9781604407276505,0.03911733755144852,523,13013.3375,540,13214.5625,8,2.1815416999161243,6000
mk12,independent,0.15,heldout,MOEA-D,5006,0.9549701516631618,0.05533450761264078,524,13023.1,529,13352.9375,9,2.2741797000635415,6000
mk12,independent,0.15,heldout,MOEA-D,5007,0.9463349391552078,0.06175945064848179,524,13044.925,540,13275.225,9,2.197740799980238,6000
mk12,independent,0.15,heldout,MOEA-D,5008,0.9998640121668622,0.04945887685300567,508,13092.975,540,13247.0625,12,2.377226500073448,6000
mk12,independent,0.15,heldout,MOEA-D,5009,0.9542590295618869,0.052663415018560915,524,13035.7375,540,13251.4875,6,2.1867273999378085,6000
mk12,independent,0.15,heldout,NSGA-II,5000,0.9664162807143916,0.05024535262563395,524,13014.4125,540,13268.4,8,1.2335135000757873,6000
mk12,independent,0.15,heldout,NSGA-II,5001,0.9792695590439396,0.04374629935614678,524,12982.725,540,13253.7,9,1.155407499987632,6000
mk12,independent,0.15,heldout,NSGA-II,5002,0.9761060303670592,0.050715172347027646,524,12950.8875,540,13264,13,1.1688922001048923,6000
mk12,independent,0.15,heldout,NSGA-II,5003,0.969935273891773,0.04881546467132861,524,12982.2125,540,13240,8,1.0423904000781476,6000
mk12,independent,0.15,heldout,NSGA-II,5004,0.9942960209536968,0.034584106873508304,524,12961.1375,541,13202.25,12,1.1858896999619901,6000
mk12,independent,0.15,heldout,NSGA-II,5005,0.9897303691227594,0.03826749871784141,524,12963.7125,540,13232.5875,6,1.0841033000033349,6000
mk12,independent,0.15,heldout,NSGA-II,5006,0.9928709464528532,0.036900426993579365,524,12938.425,540,13227.725,8,1.0934321000240743,6000
mk12,independent,0.15,heldout,NSGA-II,5007,1.0171697028098519,0.020450537746142975,524,12905.375,540,13223.1125,7,1.1722265998832881,6000
mk12,independent,0.15,heldout,NSGA-II,5008,0.9826383257257346,0.07116529804822241,508,13092.7125,540,13312.6375,14,1.0886981999501586,6000
mk12,independent,0.15,heldout,NSGA-II,5009,1.0022040674862285,0.05220021265157577,511,13033.975,540,13269.7,8,1.1524966999422759,6000
mk13,independent,0.15,heldout,DABC,5000,0.9000234323973789,0.20274285623707125,483,12488.8625,622,13426.1,22,1.350855799857527,6000
mk13,independent,0.15,heldout,DABC,5001,0.9413234260665904,0.162575581517738,494,12451.9,564,13281.3375,19,1.3273428999818861,6000
mk13,independent,0.15,heldout,DABC,5002,0.9269188526084354,0.16691241874918203,497,12580.2375,603,13262.575,25,1.2532455001492053,6000
mk13,independent,0.15,heldout,DABC,5003,0.8885364576445036,0.19192892366985434,487,12585.025,631,13333.2375,20,1.3957938998937607,6000
mk13,independent,0.15,heldout,DABC,5004,0.9618398742221198,0.1876215218828023,485,12144.5375,589,13450.825,22,1.415498899994418,6000
mk13,independent,0.15,heldout,DABC,5005,0.9254331124228855,0.17462636096583245,490,12414.6125,592,13310.5875,21,1.2868411999661475,6000
mk13,independent,0.15,heldout,DABC,5006,0.9068577155539074,0.1973819351757232,496,12546.0125,641,13380.3875,18,1.417046899907291,6000
mk13,independent,0.15,heldout,DABC,5007,0.9032022444955538,0.19340734016281388,510,12480.8375,610,13409.3,9,1.3235999997705221,6000
mk13,independent,0.15,heldout,DABC,5008,0.93880112053257,0.16395154958932132,501,12299.3125,578,13264,22,1.4528057998977602,6000
mk13,independent,0.15,heldout,DABC,5009,0.9356513710142589,0.1723092792548524,500,12403.9125,607,13305.575,24,1.3498462000861764,6000
mk13,independent,0.15,heldout,EAMS-ABC,5000,1.0882541751930541,0.042575886801679515,473,12370.75,581,12611.15,21,1.7668822999112308,6000
mk13,independent,0.15,heldout,EAMS-ABC,5001,1.1016385350123337,0.060234594873186165,488,12160.2125,666,12489.075,46,1.7311744999606162,6000
mk13,independent,0.15,heldout,EAMS-ABC,5002,1.1363675016890227,0.05115961661342476,475,12049.625,634,12544.9125,47,1.8473610999062657,6000
mk13,independent,0.15,heldout,EAMS-ABC,5003,1.1339864796962547,0.03447717906464545,479,12138.9,601,12583.175,34,1.6458835999947041,6000
mk13,independent,0.15,heldout,EAMS-ABC,5004,1.1103180521474623,0.06679810660768408,479,12040.975,587,12790.4125,40,1.8771013000514358,6000
mk13,independent,0.15,heldout,EAMS-ABC,5005,1.1385398202132446,0.04534568426419058,485,12006.8375,631,12470.3625,38,1.788595600053668,6000
mk13,independent,0.15,heldout,EAMS-ABC,5006,1.1116105024046605,0.0626888865834522,491,12089.575,638,12620.325,50,1.8279905000235885,6000
mk13,independent,0.15,heldout,EAMS-ABC,5007,1.1002202534469403,0.05140128054812184,504,12170.7625,605,12675.2875,27,1.82817959995009,6000
mk13,independent,0.15,heldout,EAMS-ABC,5008,1.125712139903553,0.04088953739256152,489,12121.1,617,12583.3125,41,1.750413600122556,6000
mk13,independent,0.15,heldout,EAMS-ABC,5009,1.1107964809085602,0.04023848057250738,481,12168.175,605,12505.7375,31,1.7976271000225097,6000
mk13,independent,0.15,heldout,MA-NSGA-II,5000,1.1011288577896745,0.033204433035359006,500,12242.15,594,12524.925,34,1.597881100140512,6000
mk13,independent,0.15,heldout,MA-NSGA-II,5001,1.0550498254877705,0.05115834201342968,493,12462.2625,598,12534.1625,27,1.7102096998132765,6000
mk13,independent,0.15,heldout,MA-NSGA-II,5002,1.1120307948752075,0.03798376230321739,506,12170.35,617,12521.4125,31,1.6873391000553966,6000
mk13,independent,0.15,heldout,MA-NSGA-II,5003,1.082725973842099,0.03852733746398163,502,12342.4,588,12542.3125,26,1.6961904999334365,6000
mk13,independent,0.15,heldout,MA-NSGA-II,5004,1.1155258098140457,0.03903627708617377,499,12167.5,617,12534.025,23,1.665797800058499,6000
mk13,independent,0.15,heldout,MA-NSGA-II,5005,1.0475118416059663,0.056258386017886484,506,12482.6875,574,12689.95,25,1.6408404000103474,6000
mk13,independent,0.15,heldout,MA-NSGA-II,5006,1.0711738000262137,0.035936378314532474,484,12473.325,571,12513.8375,29,1.5821318998932838,6000
mk13,independent,0.15,heldout,MA-NSGA-II,5007,1.0605099035494014,0.047556550448524575,491,12475.0875,588,12526.3875,19,1.6497557000257075,6000
mk13,independent,0.15,heldout,MA-NSGA-II,5008,1.110595060178744,0.036473329655851504,491,12227.9,596,12534.9,25,1.6366785999853164,6000
mk13,independent,0.15,heldout,MA-NSGA-II,5009,1.0736627380019161,0.050391412914396166,494,12386.1875,637,12434.2125,26,1.6647122001741081,6000
mk13,independent,0.15,heldout,MOEA-D,5000,1.0683634870872483,0.029465478300821704,519,12381.075,582,12433.9125,21,2.4138868001755327,6000
mk13,independent,0.15,heldout,MOEA-D,5001,1.063385831632155,0.030032383112527494,515,12424.9875,583,12449.2125,17,2.298111899988726,6000
mk13,independent,0.15,heldout,MOEA-D,5002,1.02579502849512,0.04872281426990666,508,12614.65,555,12614.65,15,2.4844551000278443,6000
mk13,independent,0.15,heldout,MOEA-D,5003,1.037230202516109,0.046295016935107666,507,12550.2625,563,12565.85,16,2.4464511000551283,6000
mk13,independent,0.15,heldout,MOEA-D,5004,1.0567012347284575,0.033709164470436793,512,12462.3625,567,12502.4875,20,2.327620199881494,6000
mk13,independent,0.15,heldout,MOEA-D,5005,1.0703929817762772,0.03447429072900771,526,12333.35,605,12387.075,28,2.401405200129375,6000
mk13,independent,0.15,heldout,MOEA-D,5006,1.0491852162015096,0.041645440336278934,500,12531.4375,582,12531.4375,27,2.44354290002957,6000
mk13,independent,0.15,heldout,MOEA-D,5007,1.0160670508715943,0.05537121957065006,513,12631.85,563,12638.45,15,2.4973889000248164,6000
mk13,independent,0.15,heldout,MOEA-D,5008,1.0750464345089283,0.022782125886590503,525,12336.925,569,12399.7,17,2.381256600143388,6000
mk13,independent,0.15,heldout,MOEA-D,5009,1.0729886659383787,0.029863520964685725,496,12440.1625,571,12450.3,23,2.4086166000925004,6000
mk13,independent,0.15,heldout,NSGA-II,5000,1.1086012127466713,0.02389335179912458,486,12284.325,579,12334.2125,20,1.1492079999297857,6000
mk13,independent,0.15,heldout,NSGA-II,5001,1.1424822131562438,0.024050731787661105,489,12097.4625,598,12433.7125,32,1.1850439000409096,6000
mk13,independent,0.15,heldout,NSGA-II,5002,1.1375828656938736,0.014938561213587389,482,12184.6625,583,12438.45,23,1.2273438998963684,6000
mk13,independent,0.15,heldout,NSGA-II,5003,1.09689837157538,0.026236480875703926,492,12338.025,591,12427.95,27,1.3178811001125723,6000
mk13,independent,0.15,heldout,NSGA-II,5004,1.146607487117609,0.021900141234496875,480,12105.45,607,12386.525,29,1.3336714999750257,6000
mk13,independent,0.15,heldout,NSGA-II,5005,1.1262978814629638,0.02131355494114683,493,12186.075,599,12405.175,35,1.300398400053382,6000
mk13,independent,0.15,heldout,NSGA-II,5006,1.057931633295469,0.04454797526969687,491,12503,583,12584.35,29,1.2562284998130053,6000
mk13,independent,0.15,heldout,NSGA-II,5007,1.1454263636456543,0.012902754464777986,482,12146.3,594,12328.275,31,1.2141541000455618,6000
mk13,independent,0.15,heldout,NSGA-II,5008,1.1137650513644037,0.03292463128230774,484,12248.0625,616,12381.7375,37,1.3363683999050409,6000
mk13,independent,0.15,heldout,NSGA-II,5009,1.137018301321015,0.017918478313278398,486,12138.125,584,12422.8625,41,1.188378700055182,6000
mk14,independent,0.15,heldout,DABC,5000,0.7789275641250611,0.39526828707478695,694,20447.5125,719,21857.075,7,1.4906126998830587,6000
mk14,independent,0.15,heldout,DABC,5001,0.7835997958398564,0.4014117781173327,696,20412.475,744,21848.85,14,1.5650605000555515,6000
mk14,independent,0.15,heldout,DABC,5002,0.8170116337143215,0.3794066317762541,699,20306.0375,732,21779.1125,13,1.6125897001475096,6000
mk14,independent,0.15,heldout,DABC,5003,0.7777601453501461,0.38304006756699105,694,20453.95,732,21871.4875,9,1.6089509997982532,6000
mk14,independent,0.15,heldout,DABC,5004,0.7081616608273174,0.41585562923105435,696,21024.1625,722,21809.775,11,1.4461414001416415,6000
mk14,independent,0.15,heldout,DABC,5005,0.7290662358801151,0.405955310594969,694,20714.3875,747,21649.1875,6,1.3974550000857562,6000
mk14,independent,0.15,heldout,DABC,5006,0.71721634676994,0.4460038052969758,694,20615.775,694,21911.35,6,1.3977756998501718,6000
mk14,independent,0.15,heldout,DABC,5007,0.8015121885507588,0.36910255685129323,694,20484.3625,722,21729.775,10,1.4640875000040978,6000
mk14,independent,0.15,heldout,DABC,5008,0.8218062648418204,0.3514517224600963,694,20402.9125,744,21718.1375,7,1.3713614998850971,6000
mk14,independent,0.15,heldout,DABC,5009,0.7956223187860278,0.36515546173116936,696,20482.0125,704,21821.925,9,1.3431128999218345,6000
mk14,independent,0.15,heldout,EAMS-ABC,5000,1.0792406830330936,0.1005795339158641,694,20247.25,748,20865.0875,17,2.2852129999082536,6000
mk14,independent,0.15,heldout,EAMS-ABC,5001,1.100037294287589,0.06685220040645773,694,20282.0625,809,20639.375,14,2.103559099836275,6000
mk14,independent,0.15,heldout,EAMS-ABC,5002,1.1128711214855656,0.055239609065793664,694,20217.325,798,20657.9375,20,2.180677899857983,6000
mk14,independent,0.15,heldout,EAMS-ABC,5003,1.120761059569002,0.05998301273922318,694,20198.0625,770,20780.3,16,2.1843471000902355,6000
mk14,independent,0.15,heldout,EAMS-ABC,5004,1.0917617700298319,0.07750420626755561,694,20252.1625,807,20659.3,26,1.9894065998960286,6000
mk14,independent,0.15,heldout,EAMS-ABC,5005,1.1045737954219983,0.08788037530182283,694,20175.0625,861,20553.9375,28,2.04501869995147,6000
mk14,independent,0.15,heldout,EAMS-ABC,5006,1.1215724264795672,0.03821537221404951,694,20254.575,757,20532.6125,20,2.080464099999517,6000
mk14,independent,0.15,heldout,EAMS-ABC,5007,1.089026473457071,0.07014870660369406,694,20311.75,792,20696.15,20,2.0535423001274467,6000
mk14,independent,0.15,heldout,EAMS-ABC,5008,1.082453518543816,0.0751035019160281,694,20318.1,819,20610.7,16,2.022760699968785,6000
mk14,independent,0.15,heldout,EAMS-ABC,5009,1.0600367204435135,0.10019160621073167,694,20346.225,798,20750.6625,18,2.06442330009304,6000
mk14,independent,0.15,heldout,MA-NSGA-II,5000,1.0853173970898207,0.06710108494716033,694,20355.3,790,20642,20,1.8982864001300186,6000
mk14,independent,0.15,heldout,MA-NSGA-II,5001,1.0990763974096478,0.05894572879769867,694,20309.025,820,20516.2375,21,1.8916878001764417,6000
mk14,independent,0.15,heldout,MA-NSGA-II,5002,1.0774681789379132,0.07375796048372292,694,20359.7375,770,20730.2,20,1.7946675000712276,6000
mk14,independent,0.15,heldout,MA-NSGA-II,5003,1.0342989350579064,0.10552872297579002,694,20479.625,833,20615.4875,14,1.8939956000540406,6000
mk14,independent,0.15,heldout,MA-NSGA-II,5004,1.1072654670378461,0.0724008412417037,694,20197.5875,796,20681.6625,20,1.7628390998579562,6000
mk14,independent,0.15,heldout,MA-NSGA-II,5005,1.0495351776230228,0.09467917093714821,694,20461.0375,757,20804.7625,16,1.8305430999025702,6000
mk14,independent,0.15,heldout,MA-NSGA-II,5006,1.1074084364264463,0.05443289852692625,694,20233.4375,786,20631.95,23,1.8312362001743168,6000
mk14,independent,0.15,heldout,MA-NSGA-II,5007,1.0727447508845709,0.09607304797234609,694,20278.7625,832,20581.3375,20,1.81842750008218,6000
mk14,independent,0.15,heldout,MA-NSGA-II,5008,1.1211112084272812,0.06521811505540434,694,20134,796,20666.775,24,1.8945247998926789,6000
mk14,independent,0.15,heldout,MA-NSGA-II,5009,1.0408170842125952,0.0993832287258208,694,20467.7125,797,20735.8375,23,1.7641618000343442,6000
mk14,independent,0.15,heldout,MOEA-D,5000,1.0267476806567226,0.09525466745755518,694,20568.6625,782,20641.65,10,2.495973100187257,6000
mk14,independent,0.15,heldout,MOEA-D,5001,1.007266288487309,0.1068479835932719,694,20635.4875,757,20722.5375,9,2.6090595999266952,6000
mk14,independent,0.15,heldout,MOEA-D,5002,1.046718580964438,0.06882542208905792,694,20543.5125,744,20545.1375,5,2.4718363999854773,6000
mk14,independent,0.15,heldout,MOEA-D,5003,0.9875355082547106,0.12151286897180844,694,20691.725,770,20691.725,12,2.4943561998661608,6000
mk14,independent,0.15,heldout,MOEA-D,5004,0.9149889125323571,0.18939939806843056,694,20871.8125,808,20871.8125,10,2.449983899947256,6000
mk14,independent,0.15,heldout,MOEA-D,5005,1.0045939199009934,0.10699635060793274,694,20647.4875,770,20647.4875,8,2.474362100008875,6000
mk14,independent,0.15,heldout,MOEA-D,5006,1.0774494178033742,0.06106943437441495,694,20424.225,795,20564.425,14,2.5505570000968874,6000
mk14,independent,0.15,heldout,MOEA-D,5007,0.9156882848272251,0.18278640315078268,694,20877.7875,769,20878.925,8,2.4658902999944985,6000
mk14,independent,0.15,heldout,MOEA-D,5008,0.9558218880394128,0.14878794681823496,694,20791.375,732,20801.9875,7,2.4826974000316113,6000
mk14,independent,0.15,heldout,MOEA-D,5009,0.9458675524356909,0.15817475887324625,694,20789.5,782,20817.8625,10,2.437821599887684,6000
mk14,independent,0.15,heldout,NSGA-II,5000,1.136014236524798,0.03386263896534857,694,20192.125,757,20651.2875,17,1.373849700205028,6000
mk14,independent,0.15,heldout,NSGA-II,5001,1.1138360457381131,0.022112709156013016,694,20345.575,745,20515.25,20,1.47207359992899,6000
mk14,independent,0.15,heldout,NSGA-II,5002,1.0970850551840179,0.06093698821426074,694,20315.725,796,20598.35,25,1.255780499894172,6000
mk14,independent,0.15,heldout,NSGA-II,5003,1.1048191079115302,0.04857727835516679,694,20317.1875,808,20498.8375,18,1.3626092998310924,6000
mk14,independent,0.15,heldout,NSGA-II,5004,1.0603289120141481,0.07007954238859007,694,20478.8375,782,20586.1625,15,1.4612112999893725,6000
mk14,independent,0.15,heldout,NSGA-II,5005,1.1002751242194437,0.058768568647715076,694,20298.425,795,20637.525,17,1.4547110998537391,6000
mk14,independent,0.15,heldout,NSGA-II,5006,1.0965972484720536,0.03584126921241129,694,20395.3375,757,20535.2625,10,1.3882353999651968,6000
mk14,independent,0.15,heldout,NSGA-II,5007,1.1086445746475122,0.03501287810409123,694,20340.95,771,20540.5875,15,1.3556667999364436,6000
mk14,independent,0.15,heldout,NSGA-II,5008,1.0994140923228908,0.047449555655318575,694,20347.325,769,20614.7375,13,1.4356794999912381,6000
mk14,independent,0.15,heldout,NSGA-II,5009,1.0433346415931646,0.08084026341639712,694,20523.5625,795,20552.475,12,1.3232054999098182,6000
mk15,independent,0.15,heldout,DABC,5000,0.798031386078381,0.3669335531720056,433,17758.525,617,18334.775,12,1.4307645000517368,6000
mk15,independent,0.15,heldout,DABC,5001,0.8358548339228009,0.3145410916059635,447,17771.9,596,18217.0875,16,1.4314564999658614,6000
mk15,independent,0.15,heldout,DABC,5002,0.7427151978000867,0.39196996701170045,446,17879.875,619,18461.6375,13,1.4849884000141174,6000
mk15,independent,0.15,heldout,DABC,5003,0.9144329349089694,0.20171954090606684,448,17600.725,542,17946.5625,11,1.4178690998815,6000
mk15,independent,0.15,heldout,DABC,5004,0.8341634858601633,0.3372884171363826,438,17629.425,639,17629.425,9,1.4793284998741,6000
mk15,independent,0.15,heldout,DABC,5005,0.8150359268477105,0.27426462718874106,445,17778.525,587,17839.225,6,1.4831699999049306,6000
mk15,independent,0.15,heldout,DABC,5006,0.8442013599833508,0.29897242380349054,439,17878.1125,565,18415.1125,7,1.5837769000791013,6000
mk15,independent,0.15,heldout,DABC,5007,0.8558702043146087,0.24803620107687802,426,17812.1125,573,17906.1375,12,1.5056941001676023,6000
mk15,independent,0.15,heldout,DABC,5008,0.7976879190105808,0.36370389938974795,442,17939.5875,587,18643.2625,12,1.5581815000623465,6000
mk15,independent,0.15,heldout,DABC,5009,0.8151745251418666,0.34832140940361167,435,17746.6125,623,18167.4,10,1.4880828000605106,6000
mk15,independent,0.15,heldout,EAMS-ABC,5000,1.0735631477577248,0.043717114888840905,443,17560.5375,476,17690.0375,16,2.0322958999313414,6000
mk15,independent,0.15,heldout,EAMS-ABC,5001,1.0807984706883478,0.03686525126531135,425,17661.4875,459,17731.7375,18,2.1422115999739617,6000
mk15,independent,0.15,heldout,EAMS-ABC,5002,1.035015167197845,0.05611729323231785,430,17754.475,458,17821.975,15,1.9912025998346508,6000
mk15,independent,0.15,heldout,EAMS-ABC,5003,1.039601861441421,0.09169677299614179,433,17672.275,498,17835.625,22,2.08577200002037,6000
mk15,independent,0.15,heldout,EAMS-ABC,5004,1.0316011961351277,0.10492406468779451,436,17659.3125,492,17999.05,21,2.00488070002757,6000
mk15,independent,0.15,heldout,EAMS-ABC,5005,1.088371292633788,0.042782314058218876,435,17541.725,473,17670.375,16,2.1499842000193894,6000
mk15,independent,0.15,heldout,EAMS-ABC,5006,1.04667477082184,0.07620333892773294,430,17703.25,456,18025.375,16,1.897241000086069,6000
mk15,independent,0.15,heldout,EAMS-ABC,5007,1.0452241337164057,0.10331320245698736,427,17630.925,506,17911.4625,18,1.9131704000756145,6000
mk15,independent,0.15,heldout,EAMS-ABC,5008,1.0204327431061826,0.0658365166387019,445,17736.0875,462,17909.65,12,2.031432199990377,6000
mk15,independent,0.15,heldout,EAMS-ABC,5009,1.0552227760112904,0.09016279382565483,415,17685.225,482,17977.275,22,2.10396709991619,6000
mk15,independent,0.15,heldout,MA-NSGA-II,5000,1.0497893032540593,0.06143273030753327,442,17641.375,471,17897.6875,13,1.807795399799943,6000
mk15,independent,0.15,heldout,MA-NSGA-II,5001,0.999686927362469,0.0774817616452739,436,17862.8625,477,17866.8625,17,1.8367215998005122,6000
mk15,independent,0.15,heldout,MA-NSGA-II,5002,0.9874423606458861,0.0913232080101589,433,17892.375,484,17892.375,12,1.8328315000981092,6000
mk15,independent,0.15,heldout,MA-NSGA-II,5003,1.0534862172919295,0.06182130239173065,443,17617.5,471,17847.6625,14,1.8889711999800056,6000
mk15,independent,0.15,heldout,MA-NSGA-II,5004,1.0750139080110146,0.055255666295484604,439,17536.55,478,17696.75,16,1.7857542999554425,6000
mk15,independent,0.15,heldout,MA-NSGA-II,5005,1.0942467137994558,0.030628382777531077,434,17560.275,468,17677.5375,16,1.8746742999646813,6000
mk15,independent,0.15,heldout,MA-NSGA-II,5006,1.0299313558455827,0.06584496391691877,433,17755.925,465,17862.075,16,1.88859420013614,6000
mk15,independent,0.15,heldout,MA-NSGA-II,5007,1.0525089636245866,0.056282095042403266,437,17662.575,466,17848.0625,14,1.7876758000347763,6000
mk15,independent,0.15,heldout,MA-NSGA-II,5008,1.0311075671894703,0.06474553727020098,438,17730.825,474,17804.4375,15,1.7791341999545693,6000
mk15,independent,0.15,heldout,MA-NSGA-II,5009,1.0408010460178911,0.07592074815410253,420,17784.4125,467,17921.475,23,1.768900000024587,6000
mk15,independent,0.15,heldout,MOEA-D,5000,0.9460039906062818,0.10219491718644384,438,18043.675,449,18052.825,5,2.7885467999149114,6000
mk15,independent,0.15,heldout,MOEA-D,5001,0.9873237246192268,0.07754780593091087,436,17922.8875,444,17968.925,6,2.3871448000427336,6000
mk15,independent,0.15,heldout,MOEA-D,5002,0.9949455917377642,0.07819833674620957,447,17796.95,487,17796.95,11,2.6857175999321043,6000
mk15,independent,0.15,heldout,MOEA-D,5003,0.9687943224528096,0.09926085328337693,427,18026.025,447,18064.9625,11,2.4755750000476837,6000
mk15,independent,0.15,heldout,MOEA-D,5004,1.0156030427372322,0.07700667544041358,415,17936.25,442,18031.85,19,2.658629400189966,6000
mk15,independent,0.15,heldout,MOEA-D,5005,0.9962534342858413,0.078224840530679,430,17918.925,460,17918.925,11,2.4826124000828713,6000
mk15,independent,0.15,heldout,MOEA-D,5006,0.9780122535195658,0.08731217645728336,426,18015.825,433,18015.975,6,2.404435900039971,6000
mk15,independent,0.15,heldout,MOEA-D,5007,0.962809582935155,0.10621219784504042,426,18047.7125,449,18139.825,17,2.4490549000911415,6000
mk15,independent,0.15,heldout,MOEA-D,5008,0.9726851959036104,0.11667091011952001,406,18108.6625,464,18122.4125,18,2.443698699818924,6000
mk15,independent,0.15,heldout,MOEA-D,5009,1.0196474754073728,0.08118118590492061,410,17952.525,453,18016.5625,12,2.3781305998563766,6000
mk15,independent,0.15,heldout,NSGA-II,5000,1.0764678146920321,0.04125427050466377,431,17628.2375,466,17766.6625,14,1.3353345999494195,6000
mk15,independent,0.15,heldout,NSGA-II,5001,1.1141603579046149,0.02537701444574492,443,17430.25,472,17556.95,15,1.3233980999793857,6000
mk15,independent,0.15,heldout,NSGA-II,5002,1.1082972484458744,0.022410604299723514,438,17494.4875,468,17683.4625,18,1.3095521999057382,6000
mk15,independent,0.15,heldout,NSGA-II,5003,1.092884447595662,0.032032213594236046,439,17532.55,466,17788.8,23,1.3702565000858158,6000
mk15,independent,0.15,heldout,NSGA-II,5004,1.0745608947676941,0.051976144039733226,424,17658.8125,474,17767.675,18,1.3240506001748145,6000
mk15,independent,0.15,heldout,NSGA-II,5005,1.0557307670756817,0.0552441491519922,423,17751.525,459,17915.7875,16,1.317639800021425,6000
mk15,independent,0.15,heldout,NSGA-II,5006,1.1056093756157397,0.038002052369655516,420,17569.35,469,17729.225,25,1.4218280999921262,6000
mk15,independent,0.15,heldout,NSGA-II,5007,1.1029150914003387,0.016494125926707657,426,17607.0875,452,17733.175,14,1.4130999001208693,6000
mk15,independent,0.15,heldout,NSGA-II,5008,1.1232174393989396,0.02320961822801827,422,17522.3375,481,17558.5,16,1.3547469999175519,6000
mk15,independent,0.15,heldout,NSGA-II,5009,1.0650076967410158,0.03454504689669381,437,17654.6,465,17685.6,9,1.3688203999772668,6000
mk01,independent,0.05,idle,DABC,4000,0.9964854502022314,0.0403241565468195,46,467.6,47,498.2,9,0.7696270998567343,6000
mk01,independent,0.05,idle,DABC,4001,1.04009107196178,0.054941127816755704,42,465.575,49,498.0875,14,0.5735077001154423,6000
mk01,independent,0.05,idle,DABC,4002,1.0364013681153128,0.05905031764504885,42,464.1,50,495.35,10,0.5191604001447558,6000
mk01,independent,0.05,idle,DABC,4003,1.0466099785553356,0.041752113219460006,42,462.75,48,505.3,11,0.609443899942562,6000
mk01,independent,0.05,idle,DABC,4004,1.027684044083716,0.04585182268709908,43,464.15,47,500.925,10,0.47568239993415773,6000
mk01,independent,0.05,idle,DABC,4005,1.0359494014495512,0.05190799854484506,42,466.925,46,517.925,13,0.5949547998607159,6000
mk01,independent,0.05,idle,DABC,4006,0.9861238090067593,0.055803904472612416,45,464.975,49,504.4,11,0.4773070001974702,6000
mk01,independent,0.05,idle,DABC,4007,1.0523559271424305,0.030293195558810923,43,466.7375,47,496.6625,13,0.5299796999897808,6000
mk01,independent,0.05,idle,DABC,4008,1.0200613480279053,0.034921446126283416,45,468.3,46,495.6,8,0.5768514999654144,6000
mk01,independent,0.05,idle,DABC,4009,1.0121641466923643,0.048907081916998635,43,463.8,48,495.325,9,0.5978804000187665,6000
mk01,independent,0.05,idle,EAMS-ABC,4000,1.037101373544342,0.020385742952180614,45,461.775,46,494.025,7,0.9236576999537647,6000
mk01,independent,0.05,idle,EAMS-ABC,4001,1.0617997231195202,0.014197432904509597,44,461.4875,46,494.6,11,0.6727305001113564,6000
mk01,independent,0.05,idle,EAMS-ABC,4002,1.1063903743315513,0.010879460939180206,42,459.9375,46,494.9125,18,0.7027384000830352,6000
mk01,independent,0.05,idle,EAMS-ABC,4003,1.0876782078775213,0.008039661145065696,43,461.0875,46,495.625,11,0.6357013999950141,6000
mk01,independent,0.05,idle,EAMS-ABC,4004,1.0989363174896172,0.015382161881116758,42,461.4875,46,494.825,11,0.6753231000620872,6000
mk01,independent,0.05,idle,EAMS-ABC,4005,1.1033063465349224,0.012474387693030494,42,460.9,46,493.375,17,0.6725912999827415,6000
mk01,independent,0.05,idle,EAMS-ABC,4006,1.1049309834686067,0.007729058042584496,42,460.6625,46,495.15,11,0.6252210999373347,6000
mk01,independent,0.05,idle,EAMS-ABC,4007,1.1034169630011668,0.012616628975078545,42,460.6125,46,493.85,15,0.5560182998888195,6000
mk01,independent,0.05,idle,EAMS-ABC,4008,1.0127223187382939,0.027394410605816967,46,460.775,46,494.6,10,0.6610445000696927,6000
mk01,independent,0.05,idle,EAMS-ABC,4009,1.108904014766959,0.007254801036526925,42,462.2625,46,493.425,12,0.6582599999383092,6000
mk01,independent,0.05,idle,MA-NSGA-II,4000,1.039963489779853,0.01734183254786418,45,460.025,46,494,10,0.8218489000573754,6000
mk01,independent,0.05,idle,MA-NSGA-II,4001,1.0618655500963654,0.016655112579269,44,461.3375,46,496.875,12,0.6466991999186575,6000
mk01,independent,0.05,idle,MA-NSGA-II,4002,1.103666359021689,0.010085726456284774,42,462.2375,46,494.775,13,0.6074604000896215,6000
mk01,independent,0.05,idle,MA-NSGA-II,4003,1.1023776432585035,0.015006045015002922,42,462.1,46,496.0375,12,0.5414189000148326,6000
mk01,independent,0.05,idle,MA-NSGA-II,4004,1.082786992046473,0.014384838810040311,43,462.3375,46,494.775,12,0.5300023001618683,6000
mk01,independent,0.05,idle,MA-NSGA-II,4005,1.0570123374684441,0.020713792736101556,44,462.95,46,497.1,15,0.5528581000398844,6000
mk01,independent,0.05,idle,MA-NSGA-II,4006,1.0568810228290675,0.019944054615911106,44,461.9,46,495.4125,10,0.6403616000898182,6000
mk01,independent,0.05,idle,MA-NSGA-II,4007,1.0988599717690493,0.011118547024787685,42,461.925,46,494.825,10,0.5568809998221695,6000
mk01,independent,0.05,idle,MA-NSGA-II,4008,1.0376853334781078,0.02023487858811835,45,460.9875,46,494.575,10,0.5944553001318127,6000
mk01,independent,0.05,idle,MA-NSGA-II,4009,1.10067564266131,0.015361019989267212,42,462.825,46,495.5125,16,0.6834110000636429,6000
mk01,independent,0.05,idle,MOEA-D,4000,1.0629204782974568,0.012710975199777782,44,461.5,46,493.775,10,1.7195584999863058,6000
mk01,independent,0.05,idle,MOEA-D,4001,1.0617664703167842,0.014263990712184196,44,463.2875,46,493.8,11,1.1359914001077414,6000
mk01,independent,0.05,idle,MOEA-D,4002,1.1053038898992917,0.00846615313620384,42,461.7,46,494.6125,16,1.1064428000245243,6000
mk01,independent,0.05,idle,MOEA-D,4003,1.0687125736312062,0.008074114598450201,44,459.6875,46,491.3,8,0.9412018000148237,6000
mk01,independent,0.05,idle,MOEA-D,4004,1.104529235321263,0.010151762241938356,42,461.3125,46,494.5,16,1.0742323000449687,6000
mk01,independent,0.05,idle,MOEA-D,4005,1.0383992507939959,0.019400687398597165,45,462.15,46,493.525,8,1.082530900137499,6000
mk01,independent,0.05,idle,MOEA-D,4006,1.0377793235429846,0.019995270480489918,45,462.0375,46,493.4625,8,1.026728600030765,6000
mk01,independent,0.05,idle,MOEA-D,4007,1.0626290073020443,0.012955020494584498,44,461.0875,46,494.025,11,1.1055642000865191,6000
mk01,independent,0.05,idle,MOEA-D,4008,1.0177713157251824,0.02352962057351425,46,459.525,46,491.3,6,1.1227988000027835,6000
mk01,independent,0.05,idle,MOEA-D,4009,1.039091451993811,0.019578174885729327,45,461.0875,46,493.75,12,1.1530208999756724,6000
mk01,independent,0.05,idle,NSGA-II,4000,1.0399197182333944,0.017630249714453917,45,459.55,46,494.1375,9,0.5937741999514401,6000
mk01,independent,0.05,idle,NSGA-II,4001,1.0862045658134045,0.009264324806277592,43,460.8875,46,493.525,14,0.6175705001223832,6000
mk01,independent,0.05,idle,NSGA-II,4002,1.0987232281006545,0.013058119843727472,42,462.725,46,495.4625,14,0.4983624001033604,6000
mk01,independent,0.05,idle,NSGA-II,4003,1.1094995113873884,0.005147137126832554,42,459.575,46,494.4125,14,0.5173462000675499,6000
mk01,independent,0.05,idle,NSGA-II,4004,1.105450812997096,0.00974850023073366,42,461.275,46,495.075,15,0.47750540007837117,6000
mk01,independent,0.05,idle,NSGA-II,4005,1.0682273541627083,0.010221713192749284,44,459.25,46,494.275,15,0.5037991001736373,6000
mk01,independent,0.05,idle,NSGA-II,4006,1.0394714840250823,0.01877060681927802,45,460.2125,46,494.375,13,0.4865659000352025,6000
mk01,independent,0.05,idle,NSGA-II,4007,1.0624020060262225,0.013926764486633082,44,461.9875,46,494.5,11,0.3895216998644173,6000
mk01,independent,0.05,idle,NSGA-II,4008,1.0655481283422463,0.013453564301249417,44,459.475,46,492.225,10,0.4304054998792708,6000
mk01,independent,0.05,idle,NSGA-II,4009,1.0137935340264395,0.027141490936653613,46,460.7,46,493.8375,10,0.4812311001587659,6000
mk01,independent,0.3,idle,DABC,4000,0.9756954225352116,0.10231573505610306,43,506.7,47,524.025,7,0.7330992999486625,6000
mk01,independent,0.3,idle,DABC,4001,0.9642904929577468,0.16130262740813375,43,501.05,49,554.05,10,0.5923017000313848,6000
mk01,independent,0.3,idle,DABC,4002,1.0560176056338026,0.06012122541368442,42,490.35,46,514.9,7,0.5687957000918686,6000
mk01,independent,0.3,idle,DABC,4003,0.9524759389671363,0.16135461736092,42,514.1,50,525.55,8,0.5924229000229388,6000
mk01,independent,0.3,idle,DABC,4004,1.0080199530516434,0.1092506613819522,42,505.8,45,537.925,7,0.7174537000246346,6000
mk01,independent,0.3,idle,DABC,4005,1.058785211267606,0.05929424938657154,42,487.2,46,514.9,8,0.5364058001432568,6000
mk01,independent,0.3,idle,DABC,4006,0.9893456572769953,0.10671965273401,42,502.95,48,518.55,7,0.5671292999759316,6000
mk01,independent,0.3,idle,DABC,4007,1.042731220657277,0.07944394603037573,42,496.975,48,505,9,0.44654209981672466,6000
mk01,independent,0.3,idle,DABC,4008,1.0241836854460094,0.08552496131816553,42,491.725,48,516.2,10,0.48156989994458854,6000
mk01,independent,0.3,idle,DABC,4009,0.9893685446009391,0.11017363375980656,42,511.35,47,529.275,7,0.5020542999263853,6000
mk01,independent,0.3,idle,EAMS-ABC,4000,1.110592723004695,0.020665892081872285,43,480.2,46,500.2,7,0.9297875999473035,6000
mk01,independent,0.3,idle,EAMS-ABC,4001,1.0771872065727701,0.047396302475694395,43,486.9,46,513.45,9,0.6295120001304895,6000
mk01,independent,0.3,idle,EAMS-ABC,4002,1.1011085680751174,0.04705703476462576,42,480.1,46,517.625,14,0.7059140999335796,6000
mk01,independent,0.3,idle,EAMS-ABC,4003,1.1165193661971833,0.03737136258629457,42,483.475,46,519.375,9,0.5914360999595374,6000
mk01,independent,0.3,idle,EAMS-ABC,4004,1.1015909624413145,0.044564404568539266,42,485.3,46,519.75,10,0.6959578001406044,6000
mk01,independent,0.3,idle,EAMS-ABC,4005,1.1284025821596244,0.02382342809117969,42,480.125,46,495.4,7,0.6692632001359016,6000
mk01,independent,0.3,idle,EAMS-ABC,4006,1.1167699530516433,0.02782746478873241,42,486.55,46,502.3,8,0.5644823000766337,6000
mk01,independent,0.3,idle,EAMS-ABC,4007,1.1235915492957746,0.03206914287119879,42,472.825,47,503.125,11,0.6560486999806017,6000
mk01,independent,0.3,idle,EAMS-ABC,4008,1.0525950704225353,0.05229582642877999,44,486.9,46,513.9,7,0.6135994999203831,6000
mk01,independent,0.3,idle,EAMS-ABC,4009,1.1161379107981222,0.030937488069840903,42,484.85,47,499.525,9,0.6749940000008792,6000
mk01,independent,0.3,idle,MA-NSGA-II,4000,1.0667218309859157,0.04025411890551868,44,484.225,46,507.25,10,0.6869694001507014,6000
mk01,independent,0.3,idle,MA-NSGA-II,4001,1.084430164319249,0.05431054184764479,42,492.1,46,515.55,11,0.561449799919501,6000
mk01,independent,0.3,idle,MA-NSGA-II,4002,1.1040146713615024,0.038115396570792215,42,489.55,46,505.3,8,0.5514332000166178,6000
mk01,independent,0.3,idle,MA-NSGA-II,4003,1.0541079812206575,0.07247124122646252,42,503.575,46,519.75,8,0.6533818000461906,6000
mk01,independent,0.3,idle,MA-NSGA-II,4004,1.1142306338028172,0.039103471882590043,42,479.35,47,510.475,12,0.6093641999177635,6000
mk01,independent,0.3,idle,MA-NSGA-II,4005,1.0734976525821598,0.04325416935055418,43,490.825,47,502.675,8,0.5860484999138862,6000
mk01,independent,0.3,idle,MA-NSGA-II,4006,1.1035469483568077,0.04097948019131137,42,486.85,46,503.8,10,0.671951700001955,6000
mk01,independent,0.3,idle,MA-NSGA-II,4007,1.060567488262911,0.043566759997921534,44,487.525,46,511.225,8,0.5142931998707354,6000
mk01,independent,0.3,idle,MA-NSGA-II,4008,1.0478644366197183,0.04889606561321805,45,480.8,47,514,8,0.5993737999815494,6000
mk01,independent,0.3,idle,MA-NSGA-II,4009,1.0824061032863852,0.05201905487110832,42,494.325,48,501.825,7,0.5794832999818027,6000
mk01,independent,0.3,idle,MOEA-D,4000,1.044761737089202,0.041806713065452396,45,484.225,47,499.825,7,1.3262529999483377,6000
mk01,independent,0.3,idle,MOEA-D,4001,1.0189583333333336,0.06489743680350421,44,499.95,46,512.4,6,1.1054471998941153,6000
mk01,independent,0.3,idle,MOEA-D,4002,1.0923151408450706,0.04357409536342272,42,492.825,46,514.05,8,1.0089485000353307,6000
mk01,independent,0.3,idle,MOEA-D,4003,1.0970088028169016,0.027957159624413152,43,485.875,46,503.95,7,1.134358299896121,6000
mk01,independent,0.3,idle,MOEA-D,4004,1.1084419014084508,0.0367335678219288,42,487.45,47,504.475,10,1.122790499823168,6000
mk01,independent,0.3,idle,MOEA-D,4005,1.0979483568075117,0.032959563200884376,43,481.225,46,510.4,11,1.090234300121665,6000
mk01,independent,0.3,idle,MOEA-D,4006,1.0336514084507045,0.05193673200476302,45,486.525,46,517.2,8,1.0902033001184464,6000
mk01,independent,0.3,idle,MOEA-D,4007,1.0742640845070424,0.024126173708920215,44,486.55,46,495.55,4,1.0911383000202477,6000
mk01,independent,0.3,idle,MOEA-D,4008,1.0060897887323945,0.07828442607281413,45,484.9,49,511.85,10,1.0706990000326186,6000
mk01,independent,0.3,idle,MOEA-D,4009,1.0621079812206575,0.02707932943607863,45,479.15,46,494.05,5,0.9157180998008698,6000
mk01,independent,0.3,idle,NSGA-II,4000,1.0280000000000002,0.05872409825335212,45,486.4,46,516.9,8,0.6095207000616938,6000
mk01,independent,0.3,idle,NSGA-II,4001,1.0567159624413145,0.049699752571786666,44,485.475,46,514.05,9,0.4971929001621902,6000
mk01,independent,0.3,idle,NSGA-II,4002,1.0852147887323949,0.04264959905808581,43,481.55,47,507.1,13,0.45405589998699725,6000
mk01,independent,0.3,idle,NSGA-II,4003,1.0912529342723005,0.03247231865842953,43,486.7,47,494.65,7,0.4437885999213904,6000
mk01,independent,0.3,idle,NSGA-II,4004,1.064286971830986,0.05247031431584638,43,492.825,46,517.2,9,0.5191226000897586,6000
mk01,independent,0.3,idle,NSGA-II,4005,1.0683703051643192,0.03535981828118355,44,485.875,46,505.15,7,0.4130615999456495,6000
mk01,independent,0.3,idle,NSGA-II,4006,1.106134976525822,0.04617050562952836,42,483.225,46,520.2,12,0.4438261000905186,6000
mk01,independent,0.3,idle,NSGA-II,4007,1.111274647887324,0.03391564476724442,42,487.525,47,500.5,9,0.4795174999162555,6000
mk01,independent,0.3,idle,NSGA-II,4008,1.088973591549296,0.04107504807662147,43,482.05,48,501.025,9,0.502269399818033,6000
mk01,independent,0.3,idle,NSGA-II,4009,1.07131279342723,0.05146973879722042,43,488.4,46,519.6,11,0.4970929999835789,6000
mk06,independent,0.05,idle,DABC,4000,0.9062339908339765,0.14428058102569177,76,1465.3,76,1500.05,4,0.6365614999085665,6000
mk06,independent,0.05,idle,DABC,4001,0.7022673580792828,0.323590817081245,79,1467.4,82,1488.7625,6,0.62441819999367,6000
mk06,independent,0.05,idle,DABC,4002,0.7894366162081431,0.22162297753109575,79,1466.75,79,1476.275,3,0.6618308001197875,6000
mk06,independent,0.05,idle,DABC,4003,1.0035170276378131,0.10346089381010645,73,1468.4625,73,1513.9125,4,0.6121106001082808,6000
mk06,independent,0.05,idle,DABC,4004,0.9367771075490191,0.13248134590891983,75,1466.175,75,1494.75,5,0.647914599860087,6000
mk06,independent,0.05,idle,DABC,4005,0.8270821105886355,0.193933429871392,78,1468.6875,78,1474.175,2,0.6411772000137717,6000
mk06,independent,0.05,idle,DABC,4006,0.7105409004207399,0.28287471195342345,81,1463.9625,81,1473.975,4,0.6912338000256568,6000
mk06,independent,0.05,idle,DABC,4007,0.822044980983483,0.20664965071704142,78,1467.1375,78,1497.125,6,0.7074438000563532,6000
mk06,independent,0.05,idle,DABC,4008,0.8271387195515432,0.24163397809608375,76,1465.5375,79,1506.7375,7,0.607611499959603,6000
mk06,independent,0.05,idle,DABC,4009,0.6290169622170777,0.38196759096294697,82,1469.3875,83,1537.6375,5,0.6755760998930782,6000
mk06,independent,0.05,idle,EAMS-ABC,4000,0.8734167247442585,0.1675963055607899,77,1462.55,77,1486.5125,3,0.8832401998806745,6000
mk06,independent,0.05,idle,EAMS-ABC,4001,0.8370364762878765,0.18747027290379617,78,1463.175,78,1464.925,2,0.811667500063777,6000
mk06,independent,0.05,idle,EAMS-ABC,4002,0.9219491195793136,0.13312879201938563,76,1459.8375,76,1466.425,4,0.854940399993211,6000
mk06,independent,0.05,idle,EAMS-ABC,4003,0.8784995153525111,0.16103666505176667,77,1461.8625,77,1465.175,4,0.8426896000746638,6000
mk06,independent,0.05,idle,EAMS-ABC,4004,1.0001946333635072,0.0824284240391309,74,1461.4375,74,1465.675,7,0.72565559996292,6000
mk06,independent,0.05,idle,EAMS-ABC,4005,0.9573338157556274,0.10838267391834149,75,1462.775,75,1470.7,3,0.8154301999602467,6000
mk06,independent,0.05,idle,EAMS-ABC,4006,0.9129752638413811,0.15223294960422531,76,1462,76,1523.6875,5,0.6877695000730455,6000
mk06,independent,0.05,idle,EAMS-ABC,4007,1.0429148186421506,0.05513623207509547,73,1460.725,73,1464.8375,3,0.7575516998767853,6000
mk06,independent,0.05,idle,EAMS-ABC,4008,0.9898466751580112,0.09294613343128548,74,1463.525,74,1491.7625,8,0.8883678000420332,6000
mk06,independent,0.05,idle,EAMS-ABC,4009,1.0409684850070808,0.055326996232045365,73,1462.2375,73,1462.5625,3,0.82372280000709,6000
mk06,independent,0.05,idle,MA-NSGA-II,4000,1.0001283225500384,0.08266946833147759,74,1461.5,74,1472.725,5,0.7775621998589486,6000
mk06,independent,0.05,idle,MA-NSGA-II,4001,1.0342488408958819,0.0743795095749533,73,1461.925,73,1498.4375,7,0.7836976000107825,6000
mk06,independent,0.05,idle,MA-NSGA-II,4002,0.9167824836203392,0.13677689626795345,76,1462.475,76,1475.0625,4,0.8426600000821054,6000
mk06,independent,0.05,idle,MA-NSGA-II,4003,1.000698417530265,0.08095381105680928,74,1461.4375,74,1465.8375,4,0.8090079999528825,6000
mk06,independent,0.05,idle,MA-NSGA-II,4004,0.9209004296406668,0.1339553249468685,76,1460.6625,76,1465.575,5,0.7620985999237746,6000
mk06,independent,0.05,idle,MA-NSGA-II,4005,1.1115017396575162,0.043404486065162326,71,1461.85,71,1509.5875,7,0.7402177001349628,6000
mk06,independent,0.05,idle,MA-NSGA-II,4006,0.9974043277374128,0.0828868041649304,74,1462.025,74,1474.7125,5,0.7871882000472397,6000
mk06,independent,0.05,idle,MA-NSGA-II,4007,0.9592533580418997,0.10825242993784187,75,1461.55,75,1474.475,4,0.7327674999833107,6000
mk06,independent,0.05,idle,MA-NSGA-II,4008,0.9179451035472279,0.13596977273958133,76,1461.775,76,1476.125,5,0.791250400012359,6000
mk06,independent,0.05,idle,MA-NSGA-II,4009,0.9912829940800909,0.09565208521299216,74,1464.8875,74,1499.8125,8,0.8155270998831838,6000
mk06,independent,0.05,idle,MOEA-D,4000,0.9929565187980032,0.08443746369503703,74,1465.6875,74,1472.6375,3,1.1822106000036001,6000
mk06,independent,0.05,idle,MOEA-D,4001,1.0649518156256759,0.047551610271794234,72,1469.825,72,1480.0375,5,1.0530836000107229,6000
mk06,independent,0.05,idle,MOEA-D,4002,1.1013922333570982,0.048399105677498055,71,1468.225,71,1503.95,6,1.206239800201729,6000
mk06,independent,0.05,idle,MOEA-D,4003,1.0666237382031287,0.06276336861722338,72,1465.425,72,1509.75,6,1.3004438001662493,6000
mk06,independent,0.05,idle,MOEA-D,4004,0.9896861050808325,0.08726041592860047,74,1466.55,74,1476.4625,4,1.20039979997091,6000
mk06,independent,0.05,idle,MOEA-D,4005,1.0450469115627368,0.053455925052377964,73,1460.075,73,1460.075,1,1.2190432001370937,6000
mk06,independent,0.05,idle,MOEA-D,4006,1.1692853385456303,0.049448058307361355,69,1466.9125,70,1518.3125,7,1.033585699973628,6000
mk06,independent,0.05,idle,MOEA-D,4007,1.0580186417943263,0.05909905662082127,72,1470.6,73,1474.8875,4,1.168097399873659,6000
mk06,independent,0.05,idle,MOEA-D,4008,1.1428012446851217,0.023051933350147824,70,1469.925,70,1498.4625,4,1.092933100182563,6000
mk06,independent,0.05,idle,MOEA-D,4009,1.1439918130622513,0.023006101230609234,70,1468.45,70,1496.075,8,1.2754102000035346,6000
mk06,independent,0.05,idle,NSGA-II,4000,0.9999890253378514,0.08188897156190876,74,1461.8125,74,1465.1625,3,0.6056557998526841,6000
mk06,independent,0.05,idle,NSGA-II,4001,0.9212224598730571,0.13310583151501892,76,1460.3625,76,1466.775,2,0.5957839998882264,6000
mk06,independent,0.05,idle,NSGA-II,4002,1.122209289388401,0.01931647347522961,71,1461.1375,71,1468.15,6,0.5581636999268085,6000
mk06,independent,0.05,idle,NSGA-II,4003,0.9598452599339387,0.10760863115897622,75,1461.55,75,1467.475,5,0.5842468999326229,6000
mk06,independent,0.05,idle,NSGA-II,4004,1.0826845732565376,0.03373726346017327,72,1461.4375,72,1463.375,4,0.6226309000048786,6000
mk06,independent,0.05,idle,NSGA-II,4005,0.9604745451033693,0.10714323036346929,75,1461.175,75,1466.025,3,0.5958824998233467,6000
mk06,independent,0.05,idle,NSGA-II,4006,1.1061643867317852,0.0538432612022991,71,1461.7875,71,1509.4375,4,0.5102757001295686,6000
mk06,independent,0.05,idle,NSGA-II,4007,1.0004571173754806,0.08147010495118974,74,1460.975,74,1471.2375,4,0.5379947999026626,6000
mk06,independent,0.05,idle,NSGA-II,4008,0.8791449109343417,0.16084000707749033,77,1461.825,77,1464.2875,3,0.6063302999828011,6000
mk06,independent,0.05,idle,NSGA-II,4009,1.0053866365464263,0.07939792897595473,74,1458.9875,74,1462.225,5,0.6429448002018034,6000
mk06,independent,0.3,idle,DABC,4000,0.6113349617644714,0.42504970020077704,79,1638.525,81,1660.825,5,0.6410059998743236,6000
mk06,independent,0.3,idle,DABC,4001,0.796189393919895,0.2426855262953565,75,1632.55,75,1682.05,4,0.6697505000047386,6000
mk06,independent,0.3,idle,DABC,4002,0.7415142607840666,0.28430866619244777,77,1632.75,77,1632.75,1,0.6571338998619467,6000
mk06,independent,0.3,idle,DABC,4003,0.6834678118878907,0.3340820470575264,78,1649.7,78,1680.625,5,0.7298443000763655,6000
mk06,independent,0.3,idle,DABC,4004,0.625244921019374,0.3907185745419645,80,1645.225,80,1657.65,3,0.698530999943614,6000
mk06,independent,0.3,idle,DABC,4005,0.749354538972956,0.286619396568927,77,1625.025,77,1641.9,2,0.648189099971205,6000
mk06,independent,0.3,idle,DABC,4006,0.6481588260881879,0.366674534774661,79,1652.8,79,1681.7,3,0.6993700000457466,6000
mk06,independent,0.3,idle,DABC,4007,0.8473316980384183,0.21329773178084327,75,1601.275,75,1613.425,2,0.6710429000668228,6000
mk06,independent,0.3,idle,DABC,4008,0.7828888093834702,0.25729309015580015,76,1621.925,76,1651.65,3,0.6953565001022071,6000
mk06,independent,0.3,idle,DABC,4009,0.7635848221295043,0.25412024537526423,76,1642.75,76,1642.75,1,0.6206691998522729,6000
mk06,independent,0.3,idle,EAMS-ABC,4000,1.0398965542980547,0.05503908492122529,70,1591.5,70,1591.5,1,0.821106499992311,6000
mk06,independent,0.3,idle,EAMS-ABC,4001,0.9733207897805225,0.11025342469177776,72,1587.425,72,1592.35,2,0.7579685000237077,6000
mk06,independent,0.3,idle,EAMS-ABC,4002,0.8568714045604654,0.22637673854684173,75,1588.675,75,1653.4,4,0.7378161998931319,6000
mk06,independent,0.3,idle,EAMS-ABC,4003,1.0010673516716302,0.08408439609441405,71,1593.025,71,1599.4,2,0.7526956999208778,6000
mk06,independent,0.3,idle,EAMS-ABC,4004,0.958707379161058,0.12463221965381524,72,1592.675,72,1626.975,4,0.7900613001547754,6000
mk06,independent,0.3,idle,EAMS-ABC,4005,0.9475881888122151,0.12751439253384828,72,1597.95,72,1632.775,4,0.7523521000985056,6000
mk06,independent,0.3,idle,EAMS-ABC,4006,0.9442785183507376,0.14213701106342147,73,1581.875,73,1591.65,2,0.9317301998380572,6000
mk06,independent,0.3,idle,EAMS-ABC,4007,0.9926841058085575,0.10566939827479138,72,1573.625,72,1573.625,1,0.7096373999956995,6000
mk06,independent,0.3,idle,EAMS-ABC,4008,0.8750611433851638,0.18282258196103834,74,1603.55,74,1621.225,2,0.8263508998788893,6000
mk06,independent,0.3,idle,EAMS-ABC,4009,0.9672254982458763,0.11127420087015125,72,1591.875,72,1595.5,2,0.8624152999836951,6000
mk06,independent,0.3,idle,MA-NSGA-II,4000,0.9254235508206937,0.14916533311072525,73,1595.425,73,1615.2,3,0.7539409999735653,6000
mk06,independent,0.3,idle,MA-NSGA-II,4001,0.8476493193277963,0.21411477535415005,75,1600.475,75,1616.775,3,0.6549664000049233,6000
mk06,independent,0.3,idle,MA-NSGA-II,4002,1.0100180174151188,0.07367012172050869,70,1609.9,70,1623.975,3,0.8045178998727351,6000
mk06,independent,0.3,idle,MA-NSGA-II,4003,0.9771054765220215,0.10815354633898833,72,1584.875,72,1584.875,1,0.7385893000755459,6000
mk06,independent,0.3,idle,MA-NSGA-II,4004,0.8452039700087258,0.21233017796984893,75,1602.7,75,1609.175,2,0.749988199910149,6000
mk06,independent,0.3,idle,MA-NSGA-II,4005,1.0067983053334126,0.08668953988873825,71,1587.8,71,1604.775,4,0.8438681000843644,6000
mk06,independent,0.3,idle,MA-NSGA-II,4006,0.8920721571736341,0.17707397870083535,74,1594.05,74,1600.125,2,0.8000795999541879,6000
mk06,independent,0.3,idle,MA-NSGA-II,4007,0.9638976816734578,0.11681780646458695,72,1593.425,72,1609.975,3,0.7663773000240326,6000
mk06,independent,0.3,idle,MA-NSGA-II,4008,1.017534883002628,0.07769135138335136,71,1581.95,71,1582.875,2,0.9374786000698805,6000
mk06,independent,0.3,idle,MA-NSGA-II,4009,0.9416224939706012,0.14264731153350407,73,1583.425,73,1593.85,4,0.7986764998640865,6000
mk06,independent,0.3,idle,MOEA-D,4000,1.006034495628203,0.07870109880493062,70,1610.325,70,1631.125,3,1.1712942998856306,6000
mk06,independent,0.3,idle,MOEA-D,4001,0.9749244684219063,0.1085558406632287,72,1586.45,72,1586.45,1,1.2210011999122798,6000
mk06,independent,0.3,idle,MOEA-D,4002,0.9329314077006434,0.11980951624008551,72,1616.775,72,1616.775,1,1.126652100123465,6000
mk06,independent,0.3,idle,MOEA-D,4003,0.8585319667552954,0.191523337118335,74,1619.65,74,1645.9,2,1.1521670001093298,6000
mk06,independent,0.3,idle,MOEA-D,4004,1.0674953733851893,0.0717244430989563,68,1611.8,68,1662.725,6,1.160906600067392,6000
mk06,independent,0.3,idle,MOEA-D,4005,0.9233685359305871,0.14714309864714997,73,1597.475,73,1609.4,2,1.0732523000333458,6000
mk06,independent,0.3,idle,MOEA-D,4006,0.9480607598716133,0.1225446592030246,72,1604.5,72,1622.65,2,1.2336067000869662,6000
mk06,independent,0.3,idle,MOEA-D,4007,1.051649571571608,0.050321610859868214,70,1583.6,70,1583.6,1,1.1132448001299053,6000
mk06,independent,0.3,idle,MOEA-D,4008,1.123870835724931,0.020377696499216245,67,1602.75,70,1602.75,4,1.2113928999751806,6000
mk06,independent,0.3,idle,MOEA-D,4009,0.9036891429630415,0.17449716847167385,74,1585.475,74,1585.475,1,1.1511681999545544,6000
mk06,independent,0.3,idle,NSGA-II,4000,0.9931310663993228,0.10750488648997183,72,1572.7,72,1582.15,3,0.6764042999129742,6000
mk06,independent,0.3,idle,NSGA-II,4001,0.9760282924895696,0.10989236904569896,72,1585.125,72,1591.175,5,0.543919499963522,6000
mk06,independent,0.3,idle,NSGA-II,4002,0.9738241191414447,0.1107868381951503,72,1586.7,72,1594.025,2,0.6341001000255346,6000
mk06,independent,0.3,idle,NSGA-II,4003,0.9972297709471758,0.1060092083645803,72,1570.15,72,1575.325,2,0.6003435999155045,6000
mk06,independent,0.3,idle,NSGA-II,4004,0.8709118613791561,0.18195556515101305,74,1609.775,74,1618.475,3,0.5859463000670075,6000
mk06,independent,0.3,idle,NSGA-II,4005,0.9057400395868352,0.1742964062123448,74,1583.875,74,1583.875,1,0.5826321998611093,6000
mk06,independent,0.3,idle,NSGA-II,4006,1.0582758620689656,0.06896551724137931,71,1553.65,71,1553.65,1,0.5541191999800503,6000
mk06,independent,0.3,idle,NSGA-II,4007,0.9828522597699437,0.10717772314400494,72,1580.725,72,1580.725,1,0.5880318998824805,6000
mk06,independent,0.3,idle,NSGA-II,4008,0.9181736003685851,0.17330230115300355,74,1574.175,74,1574.175,1,0.6704796000849456,6000
mk06,independent,0.3,idle,NSGA-II,4009,0.9103225117306245,0.17389113512264223,74,1580.3,74,1580.3,1,0.5583691999781877,6000
mk10,independent,0.05,idle,DABC,4000,0.9963842643530897,0.1374671726737807,273,6960.7375,313,7233.775,20,0.8035155001562089,6000
mk10,independent,0.05,idle,DABC,4001,0.9846576826950018,0.12218425444153096,272,7003.1375,309,7204.9625,28,0.8039490999653935,6000
mk10,independent,0.05,idle,DABC,4002,0.9991916804130038,0.1340875345899961,278,6963.7875,329,7218.875,29,0.8140516001731157,6000
mk10,independent,0.05,idle,DABC,4003,0.9849215003678179,0.1347452730133034,277,6959.3125,324,7225.1125,25,0.7012245999649167,6000
mk10,independent,0.05,idle,DABC,4004,0.9876298075515462,0.11585156080710048,274,7010.775,313,7187.775,26,0.6755999999586493,6000
mk10,independent,0.05,idle,DABC,4005,0.9797375870276125,0.13618902140565117,277,6975.3375,316,7240.875,20,0.7043071000371128,6000
mk10,independent,0.05,idle,DABC,4006,0.9866763488124274,0.1428843544937488,278,6885.075,332,7216.4125,20,0.6909443000331521,6000
mk10,independent,0.05,idle,DABC,4007,0.9826170743633595,0.13719085366080966,277,7029.9375,331,7222.6875,26,0.7575077000074089,6000
mk10,independent,0.05,idle,DABC,4008,0.9984996890583124,0.12213379209208046,280,6982.0875,314,7197.8375,14,0.7982403000351042,6000
mk10,independent,0.05,idle,DABC,4009,0.9887659486856509,0.1392502778933866,277,6984.4,332,7218,21,0.7187932000961155,6000
mk10,independent,0.05,idle,EAMS-ABC,4000,1.1185685064795843,0.04258841776186436,273,6858.8625,312,7029.7,35,1.064144300064072,6000
mk10,independent,0.05,idle,EAMS-ABC,4001,1.1052422843403718,0.047562135513989474,266,6922.325,319,7025.7875,32,1.0833736001513898,6000
mk10,independent,0.05,idle,EAMS-ABC,4002,1.1210262817163357,0.05147103818620685,264,6873.625,317,7048.65,37,1.019366699969396,6000
mk10,independent,0.05,idle,EAMS-ABC,4003,1.082042107825407,0.04933771215860067,258,7006.175,300,7051.9875,23,1.0609330998267978,6000
mk10,independent,0.05,idle,EAMS-ABC,4004,1.1240258096650666,0.029454418849508186,273,6874.6375,303,7022.4625,25,1.02751180017367,6000
mk10,independent,0.05,idle,EAMS-ABC,4005,1.133459526196715,0.023347914948748605,266,6880.9125,295,6997.3875,27,1.007331000175327,6000
mk10,independent,0.05,idle,EAMS-ABC,4006,1.1179280846543194,0.04951391122256945,267,6889.0875,316,7029.8875,36,1.0949657999444753,6000
mk10,independent,0.05,idle,EAMS-ABC,4007,1.1250947090972327,0.03241559712212883,263,6906.35,321,6964.2375,32,0.9686573999933898,6000
mk10,independent,0.05,idle,EAMS-ABC,4008,1.1301657724364986,0.03129213873039194,254,6919.2,306,7005.7125,26,0.9786658999510109,6000
mk10,independent,0.05,idle,EAMS-ABC,4009,1.1236965093419131,0.039025933521317085,261,6908.2625,316,6997.1375,26,0.9877404998987913,6000
mk10,independent,0.05,idle,MA-NSGA-II,4000,1.1419133894199769,0.034129828740089005,262,6860.4125,308,7013.1375,36,0.8961895999964327,6000
mk10,independent,0.05,idle,MA-NSGA-II,4001,1.1251896197035982,0.03231852962381888,267,6890.575,304,7007.55,32,0.9194855000823736,6000
mk10,independent,0.05,idle,MA-NSGA-II,4002,1.1008471062838916,0.03078066746999814,280,6907.775,308,6992.4875,21,0.9158821001183242,6000
mk10,independent,0.05,idle,MA-NSGA-II,4003,1.0953251804288542,0.032390545968084834,273,6944.55,303,6993.2875,19,0.9210944999940693,6000
mk10,independent,0.05,idle,MA-NSGA-II,4004,1.1131695529901984,0.034448778145055814,273,6899.375,311,7025.1125,29,0.9636347000487149,6000
mk10,independent,0.05,idle,MA-NSGA-II,4005,1.1495961645560715,0.03491349052975726,270,6812.2375,303,7033.4375,34,0.924087599851191,6000
mk10,independent,0.05,idle,MA-NSGA-II,4006,1.1310157168524222,0.023852470659953412,268,6879.7375,312,6958.1125,29,0.9725112998858094,6000
mk10,independent,0.05,idle,MA-NSGA-II,4007,1.1341318386502495,0.03180688149723214,259,6893.8375,302,7027.1375,32,0.9778571000788361,6000
mk10,independent,0.05,idle,MA-NSGA-II,4008,1.1306207501557644,0.02808659751045726,261,6899.7375,306,6981.8,22,1.0496928000357002,6000
mk10,independent,0.05,idle,MA-NSGA-II,4009,1.1337320023124104,0.02631878574158616,267,6873.8625,309,6976.35,28,0.9458049999084324,6000
mk10,independent,0.05,idle,MOEA-D,4000,1.1120365009461548,0.020574119865761836,269,6927.6125,298,6971.175,18,1.380157900042832,6000
mk10,independent,0.05,idle,MOEA-D,4001,1.080352897414026,0.03508390804828629,275,6972.25,299,6991.6875,23,1.3741079000756145,6000
mk10,independent,0.05,idle,MOEA-D,4002,1.0996137873213578,0.031840436942116565,265,6963.6625,305,6999.25,25,1.1992081999778748,6000
mk10,independent,0.05,idle,MOEA-D,4003,1.1127668855565336,0.02846681127492684,252,6981.0875,288,7017.575,26,1.4586436999961734,6000
mk10,independent,0.05,idle,MOEA-D,4004,1.134122833283305,0.01196262416449767,274,6862.15,289,6978.7625,26,1.351031499914825,6000
mk10,independent,0.05,idle,MOEA-D,4005,1.0743354750633527,0.038490091801152336,273,6992.575,301,6992.575,14,1.29703289992176,6000
mk10,independent,0.05,idle,MOEA-D,4006,1.116152157885279,0.016440288737752676,267,6927.4875,288,6979.1625,16,1.343946399865672,6000
mk10,independent,0.05,idle,MOEA-D,4007,1.0935699420611409,0.03396114986191499,271,6955.0875,301,7016.025,23,1.308909700019285,6000
mk10,independent,0.05,idle,MOEA-D,4008,1.0933339017676011,0.031061609386586697,266,6976.5875,292,7001.0125,19,1.3882863000035286,6000
mk10,independent,0.05,idle,MOEA-D,4009,1.0634933474818418,0.04388004788300239,277,6999.7625,294,7021.2375,14,1.2798069999553263,6000
mk10,independent,0.05,idle,NSGA-II,4000,1.1318928464335845,0.021148954673221972,260,6909.7,306,6959.2375,29,0.6885824000928551,6000
mk10,independent,0.05,idle,NSGA-II,4001,1.1611401840210342,0.011995672700270202,251,6874.625,302,6966.4875,36,0.70764430006966,6000
mk10,independent,0.05,idle,NSGA-II,4002,1.1199877005157588,0.02651867908233214,264,6917.8375,318,6929.6375,28,0.7332184999249876,6000
mk10,independent,0.05,idle,NSGA-II,4003,1.136292350779751,0.02532662815148855,249,6929.35,302,7001.2,29,0.7781714999582618,6000
mk10,independent,0.05,idle,NSGA-II,4004,1.132363990814311,0.021612281688639625,264,6889.45,302,6967.5125,22,0.756993800168857,6000
mk10,independent,0.05,idle,NSGA-II,4005,1.1084177506757007,0.03232931401873378,261,6951.975,303,7006.3,24,0.7145890002138913,6000
mk10,independent,0.05,idle,NSGA-II,4006,1.1531002412754268,0.01702960842581545,261,6856.975,303,6996.9375,31,0.7041992000304163,6000
mk10,independent,0.05,idle,NSGA-II,4007,1.164082594587038,0.016580208198993387,261,6830.575,308,6978.5375,39,0.6481163999997079,6000
mk10,independent,0.05,idle,NSGA-II,4008,1.1253748566324089,0.01815820268871732,264,6915.05,303,6958.95,22,0.6514548000413924,6000
mk10,independent,0.05,idle,NSGA-II,4009,1.1349026091308778,0.019494079034500917,262,6893.575,311,6940.6125,25,0.6486987001262605,6000
mk10,independent,0.3,idle,DABC,4000,0.615661658206266,0.4166078015467968,280,7713.225,299,8110.55,10,0.7694147999864072,6000
mk10,independent,0.3,idle,DABC,4001,0.6708911137954158,0.3698893825125007,267,7668.375,305,7680.95,5,0.7619089998770505,6000
mk10,independent,0.3,idle,DABC,4002,0.6265233118938631,0.39876769423897873,272,7736.675,305,7865.575,5,0.8452943000011146,6000
mk10,independent,0.3,idle,DABC,4003,0.5945583122125906,0.37588561348422006,274,7811.05,303,7811.05,6,0.7349374999757856,6000
mk10,independent,0.3,idle,DABC,4004,0.6296219568580084,0.3804395510942471,276,7836.325,303,7836.325,5,0.7985109998844564,6000
mk10,independent,0.3,idle,DABC,4005,0.6024474724905856,0.4320530533398138,278,7742.8,314,7742.8,6,0.7941459000576288,6000
mk10,independent,0.3,idle,DABC,4006,0.6323670724592777,0.47363974816566146,263,7883.025,313,8093,5,0.800002499949187,6000
mk10,independent,0.3,idle,DABC,4007,0.6279526475769043,0.3994531144959417,274,7726.475,308,7747.525,8,0.7801828000228852,6000
mk10,independent,0.3,idle,DABC,4008,0.6471377701821107,0.3490462599109239,276,7780.875,299,7804.425,7,0.8214797999244183,6000
mk10,independent,0.3,idle,DABC,4009,0.6371614205726929,0.36645356814260915,278,7855.6,293,8081.15,11,0.661084899911657,6000
mk10,independent,0.3,idle,EAMS-ABC,4000,0.9919068056802897,0.08089097681169438,256,7475.6,256,7690.35,6,1.0366969001479447,6000
mk10,independent,0.3,idle,EAMS-ABC,4001,1.0216397281375098,0.10269332612357525,246,7561.975,252,7799.95,13,1.1059812000021338,6000
mk10,independent,0.3,idle,EAMS-ABC,4002,1.007036939311855,0.05791757467616539,254,7491.625,254,7547.2,4,1.065285800024867,6000
mk10,independent,0.3,idle,EAMS-ABC,4003,1.0117785400341965,0.09895240664809914,246,7572.025,254,7758.35,12,1.0605532000772655,6000
mk10,independent,0.3,idle,EAMS-ABC,4004,0.9585025857276226,0.10034286706431839,261,7464.85,263,7644.525,11,0.9269357998855412,6000
mk10,independent,0.3,idle,EAMS-ABC,4005,0.9715981402449604,0.08062325746184347,255,7558.55,255,7639.175,4,1.0621741998475045,6000
mk10,independent,0.3,idle,EAMS-ABC,4006,1.0616016986967678,0.04556568977355829,247,7483.025,256,7519.25,10,1.0355359998065978,6000
mk10,independent,0.3,idle,EAMS-ABC,4007,0.9130758418239934,0.1274961955773812,261,7579.025,262,7729.45,11,1.079010299872607,6000
mk10,independent,0.3,idle,EAMS-ABC,4008,0.8939596611966565,0.15276579023271397,265,7534.75,268,7756.15,8,1.0086817000992596,6000
mk10,independent,0.3,idle,EAMS-ABC,4009,0.9461477782269551,0.11789177411435565,256,7572.5,257,7742.125,11,0.9107768000103533,6000
mk10,independent,0.3,idle,MA-NSGA-II,4000,0.9926974436437258,0.08712571552836534,252,7548.625,256,7686.6,8,1.0295061999931931,6000
mk10,independent,0.3,idle,MA-NSGA-II,4001,1.0193999611071707,0.07867662839071063,251,7496.675,261,7612.825,8,0.9574704000260681,6000
mk10,independent,0.3,idle,MA-NSGA-II,4002,0.9244042982224687,0.11727496555999162,262,7534.8,262,7721.025,8,0.8813508998136967,6000
mk10,independent,0.3,idle,MA-NSGA-II,4003,1.0689386534205112,0.037906647137259,246,7489.825,254,7517.725,9,0.8912514999974519,6000
mk10,independent,0.3,idle,MA-NSGA-II,4004,1.100717572700139,0.022075152978692038,245,7429.15,247,7552.825,9,1.0350192999467254,6000
mk10,independent,0.3,idle,MA-NSGA-II,4005,0.9943456039402796,0.08434823340902578,255,7488.15,258,7691,10,0.9167428000364453,6000
mk10,independent,0.3,idle,MA-NSGA-II,4006,1.0276947364768747,0.06480199002302964,247,7564.375,254,7618.175,6,0.9695150000043213,6000
mk10,independent,0.3,idle,MA-NSGA-II,4007,1.0770583707132155,0.05737127937736981,247,7420.65,254,7673.975,10,0.9126018998213112,6000
mk10,independent,0.3,idle,MA-NSGA-II,4008,1.0320974289580516,0.04505923600935994,250,7510.45,251,7529.35,5,1.0180053000804037,6000
mk10,independent,0.3,idle,MA-NSGA-II,4009,0.9801797784722541,0.07941946969581525,260,7440.725,263,7523.375,8,0.9200964998453856,6000
mk10,independent,0.3,idle,MOEA-D,4000,1.0411697300821512,0.0538408387026296,247,7535.025,248,7628.625,4,1.213070899946615,6000
mk10,independent,0.3,idle,MOEA-D,4001,0.917829578400117,0.1404162056814063,269,7390.375,276,7540.35,8,1.3465300002135336,6000
mk10,independent,0.3,idle,MOEA-D,4002,1.065379451191517,0.037312914563839665,249,7442.2,254,7538.05,9,1.3568601000588387,6000
mk10,independent,0.3,idle,MOEA-D,4003,0.8652429066983619,0.14219877125174213,271,7523.35,271,7612.425,4,1.2722572998609394,6000
mk10,independent,0.3,idle,MOEA-D,4004,1.0017151979782188,0.07413309788610899,259,7399.025,261,7591.875,12,1.4647705999668688,6000
mk10,independent,0.3,idle,MOEA-D,4005,0.9355180371547557,0.1242835900730539,273,7276.45,275,7341.6,7,1.2346642999909818,6000
mk10,independent,0.3,idle,MOEA-D,4006,0.9093052707852722,0.11568822550445823,259,7641.75,261,7662.675,5,1.3347805999219418,6000
mk10,independent,0.3,idle,MOEA-D,4007,1.033011878451033,0.06635983159147375,252,7439.425,254,7668.45,9,1.2779230999294668,6000
mk10,independent,0.3,idle,MOEA-D,4008,0.9644075903955693,0.08335297900140054,262,7444.5,263,7490.45,5,1.2161951998714358,6000
mk10,independent,0.3,idle,MOEA-D,4009,0.9036185178281664,0.13460089717602913,270,7422.325,270,7640.375,11,1.1744589000009,6000
mk10,independent,0.3,idle,NSGA-II,4000,1.0715437306292326,0.03241613278715226,248,7443.625,249,7542.05,12,0.6467912998050451,6000
mk10,independent,0.3,idle,NSGA-II,4001,0.99474398916165,0.06719143466437329,253,7542.275,255,7575.275,7,0.6670019000303,6000
mk10,independent,0.3,idle,NSGA-II,4002,1.0358412752974857,0.05068129751464791,254,7412.85,258,7512.225,9,0.6117330000270158,6000
mk10,independent,0.3,idle,NSGA-II,4003,1.0285131158401135,0.06051079504513104,255,7408.95,263,7487.55,7,0.703856699867174,6000
mk10,independent,0.3,idle,NSGA-II,4004,1.0344490572523426,0.05149326527770246,252,7459.225,257,7530.125,7,0.7381726000458002,6000
mk10,independent,0.3,idle,NSGA-II,4005,1.1006368337686587,0.0350677339611287,241,7498.9,253,7535.775,14,0.6947331000119448,6000
mk10,independent,0.3,idle,NSGA-II,4006,1.034970834412569,0.06209954654413419,248,7525.725,252,7633.775,10,0.6609954000450671,6000
mk10,independent,0.3,idle,NSGA-II,4007,0.9659167854834534,0.08037565513410803,257,7539.65,258,7587.175,4,0.7412930000573397,6000
mk10,independent,0.3,idle,NSGA-II,4008,0.9987971222533957,0.0659549610835249,257,7455.475,261,7503.6,6,0.7797636000905186,6000
mk10,independent,0.3,idle,NSGA-II,4009,1.0959840087533075,0.018255531536678294,247,7409,253,7475.75,8,0.683296199887991,6000
mk01,speed,0.15,power,DABC,2000,1.0255541809490398,0.10318783037672465,43,460.3189475121152,49,480.1401580476114,10,0.8226037998683751,6000
mk01,speed,0.15,power,DABC,2001,1.0681149092157824,0.061395302096029884,42,462.3807999453962,46,472.4317331391865,8,0.9081801001448184,6000
mk01,speed,0.15,power,DABC,2002,1.0585697771264524,0.07117946750478166,42,458.18987024018077,48,468.85187965933306,10,0.7299496999476105,6000
mk01,speed,0.15,power,DABC,2003,1.012277449792971,0.11109663925254579,42,466.6387975033938,48,486.8192789267323,8,0.891251299995929,6000
mk01,speed,0.15,power,DABC,2004,1.0202125554511985,0.0945900536654912,43,464.2308435525826,47,484.5846897064288,11,0.9021815999876708,6000
mk01,speed,0.15,power,DABC,2005,1.0459833348422645,0.07400689390191666,43,455.07197385085584,47,479.53002373747717,8,0.8399103998672217,6000
mk01,speed,0.15,power,DABC,2006,1.0475289630645988,0.064015828061134,44,455.1250874039694,47,472.07153777899117,8,1.009768599877134,6000
mk01,speed,0.15,power,DABC,2007,1.0100779062060128,0.07847028440712973,43,460.94596652484853,46,483.977372799733,9,1.002777999965474,6000
mk01,speed,0.15,power,DABC,2008,1.0375728239283906,0.07027301515527494,43,463.81099356130414,46,473.07312508057845,6,0.9259709001053125,6000
mk01,speed,0.15,power,DABC,2009,1.0515240499699445,0.06028868254277841,43,461.43119241007435,46,468.16715961747013,6,1.0815791001077741,6000
mk01,speed,0.15,power,EAMS-ABC,2000,1.0998880535137214,0.017299269567076895,44,450.0857711646532,46,464.94748405493743,9,1.0475400001741946,6000
mk01,speed,0.15,power,EAMS-ABC,2001,1.0652826312565398,0.0334347189919093,45,451.240890648344,46,464.5266049340583,10,1.0024659000337124,6000
mk01,speed,0.15,power,EAMS-ABC,2002,1.1457368191267807,0.013998373160753929,42,450.4812185743863,46,466.37239247984587,10,1.0720506999641657,6000
mk01,speed,0.15,power,EAMS-ABC,2003,1.1513394798536254,0.014067895934460188,42,447.65536823425026,46,464.0141507216041,11,0.9706341999117285,6000
mk01,speed,0.15,power,EAMS-ABC,2004,1.1088105576742469,0.028730824955153535,42,458.63605897208373,46,466.15908356653694,8,0.9563709001522511,6000
mk01,speed,0.15,power,EAMS-ABC,2005,1.118440815933028,0.026486232811080115,43,448.37624735512935,46,465.43905914651253,12,1.0162048998754472,6000
mk01,speed,0.15,power,EAMS-ABC,2006,1.133109396135374,0.022376527798925554,42,452.633146012028,46,467.75871726617066,11,1.0554169001989067,6000
mk01,speed,0.15,power,EAMS-ABC,2007,1.1341190871397606,0.026297384160267237,42,449.87624735512935,46,466.3266049340583,10,1.1022273998241872,6000
mk01,speed,0.15,power,EAMS-ABC,2008,1.1148418725601685,0.023049040356065323,43,451.6873584662405,46,464.5266049340583,9,1.15893099992536,6000
mk01,speed,0.15,power,EAMS-ABC,2009,1.1354637043628273,0.0185113350560694,42,452.6873584662405,46,464.05993826739166,8,1.1513060999568552,6000
mk01,speed,0.15,power,MA-NSGA-II,2000,1.1331299924322407,0.02726522118930703,42,451.75805443693645,46,469.2976672051206,10,0.9187439999077469,6000
mk01,speed,0.15,power,MA-NSGA-II,2001,1.086883974824719,0.024191587956815006,44,453.8519843165806,46,463.6848466923001,10,0.9957302000839263,6000
mk01,speed,0.15,power,MA-NSGA-II,2002,1.1287190137471481,0.025000377372833563,42,453.1798754730432,46,465.8016965091499,9,0.7686437000520527,6000
mk01,speed,0.15,power,MA-NSGA-II,2003,1.131499281451351,0.01933344962213975,42,453.7406290052253,46,465.4848466923001,10,0.9415408000349998,6000
mk01,speed,0.15,power,MA-NSGA-II,2004,1.0857159607054903,0.04286568008825785,42,462.4581416513093,46,469.0089004163538,9,1.0409500000532717,6000
mk01,speed,0.15,power,MA-NSGA-II,2005,1.128329838379004,0.029012686586295845,42,449.36782244670445,46,468.022575630029,14,1.0334334999788553,6000
mk01,speed,0.15,power,MA-NSGA-II,2006,1.111794383335788,0.024792299571860275,43,452.1499958288778,46,466.293271600725,10,0.9814145001582801,6000
mk01,speed,0.15,power,MA-NSGA-II,2007,1.0822539736469587,0.02881649813369529,44,453.89578337466537,46,465.85993826739167,9,1.1008466000203043,6000
mk01,speed,0.15,power,MA-NSGA-II,2008,1.0952224260632635,0.025621200839575257,44,450.2846722635543,46,466.3266049340583,11,1.1019979999400675,6000
mk01,speed,0.15,power,MA-NSGA-II,2009,1.0907867400323672,0.03960309419825279,43,455.84193722081926,46,470.86470017215356,13,1.079930900130421,6000
mk01,speed,0.15,power,MOEA-D,2000,1.07420683745281,0.0290162786998134,44,456.346071182096,46,461.4842361916896,5,1.7670677001588047,6000
mk01,speed,0.15,power,MOEA-D,2001,1.105571926936312,0.022406960850032426,43,454.8923296854974,46,460.70071970817315,6,1.5683680002111942,6000
mk01,speed,0.15,power,MOEA-D,2002,1.1168155114373302,0.017318371084025723,43,451.73314601202804,46,464.1057258131792,9,1.4785434999503195,6000
mk01,speed,0.15,power,MOEA-D,2003,1.088152097755982,0.024017155373674916,44,453.2137320926141,46,463.9767880842415,7,1.6877878999803215,6000
mk01,speed,0.15,power,MOEA-D,2004,1.0738974648008754,0.03305081093322529,44,454.9745728391691,46,464.7217383720489,10,1.476265799952671,6000
mk01,speed,0.15,power,MOEA-D,2005,1.0838282270351922,0.021028532034758855,45,447.65536823425026,46,463.3372450875557,7,1.7749567998107523,6000
mk01,speed,0.15,power,MOEA-D,2006,1.0955895239166125,0.022394728267702012,44,451.3185812117489,46,463.64628049659103,8,1.8622006000950933,6000
mk01,speed,0.15,power,MOEA-D,2007,1.1142458039633691,0.023024632412448974,43,452.1749042537863,46,464.1057258131792,9,1.8753504999913275,6000
mk01,speed,0.15,power,MOEA-D,2008,1.1462703424816016,0.013715196789562789,42,450.0122668911489,46,463.64628049659103,11,2.0307758999988437,6000
mk01,speed,0.15,power,MOEA-D,2009,1.1138393390796175,0.020043136815923054,43,452.5551763626298,46,463.6848466923001,10,1.7603505000006407,6000
mk01,speed,0.15,power,NSGA-II,2000,1.143751155563991,0.017810253636889203,42,450.45402513290713,46,465.4723924798459,11,0.684394400101155,6000
mk01,speed,0.15,power,NSGA-II,2001,1.1179934278787205,0.024340821160621348,43,450.0481119984225,46,467.1683631758166,11,0.6933914001565427,6000
mk01,speed,0.15,power,NSGA-II,2002,1.1365303939529208,0.01533090587991559,42,453.28390477707245,46,463.6848466923001,9,0.743781799916178,6000
mk01,speed,0.15,power,NSGA-II,2003,1.1277472451815231,0.021565870841928517,42,454.1459665248485,46,465.84748405493747,11,0.783974900143221,6000
mk01,speed,0.15,power,NSGA-II,2004,1.0936389391138852,0.022935164792020405,44,452.1291167079987,46,465.9057258131792,9,0.7304574998561293,6000
mk01,speed,0.15,power,NSGA-II,2005,1.1464150987639201,0.01638853453418286,42,447.5292562509954,46,464.48803873834925,14,0.6591302000451833,6000
mk01,speed,0.15,power,NSGA-II,2006,1.1034701029454737,0.02003164451730049,44,448.4231861306396,46,465.0181800256334,10,0.7666195000056177,6000
mk01,speed,0.15,power,NSGA-II,2007,1.1256457835842062,0.014000045653575264,43,450.0122668911489,46,464.06715961747017,9,0.823744700057432,6000
mk01,speed,0.15,power,NSGA-II,2008,1.082573763429754,0.0219297195353264,45,447.2344891133711,46,463.64628049659103,8,0.8749869000166655,6000
mk01,speed,0.15,power,NSGA-II,2009,1.0936051120346524,0.024978675464852905,44,451.3229768161445,46,464.43502984248323,8,0.9232234000228345,6000
mk02,speed,0.15,power,DABC,2000,0.9533180572432166,0.10460499492308847,33,471.19346754619136,35,489.701981662461,5,0.9480995999183506,6000
mk02,speed,0.15,power,DABC,2001,0.9008711210032845,0.15545897641284856,33,476.7958731685845,34,498.9761129279273,11,1.1129290000535548,6000
mk02,speed,0.15,power,DABC,2002,0.9709542332333618,0.11457032055788613,32,469.6646354550938,35,495.2045105489567,8,0.9337416999042034,6000
mk02,speed,0.15,power,DABC,2003,1.01138074894058,0.08628215105775702,32,464.60937470684183,37,490.09950539634156,10,1.0635927999392152,6000
mk02,speed,0.15,power,DABC,2004,0.9244206650136431,0.1493234360676373,32,475.43520123356114,36,496.2064573634864,12,1.075833700131625,6000
mk02,speed,0.15,power,DABC,2005,0.952101398217129,0.10918687035249154,32,477.34146018686585,35,488.57968999837885,7,1.0768387001007795,6000
mk02,speed,0.15,power,DABC,2006,0.9061769503170962,0.14292470784567274,33,479.48878222788966,35,494.6057156322384,10,0.9995216000825167,6000
mk02,speed,0.15,power,DABC,2007,0.9673726256327304,0.11370976841795188,32,470.1317884223185,34,490.75353726714434,8,0.9886247999966145,6000
mk02,speed,0.15,power,DABC,2008,0.9465957474563658,0.10338155905905354,33,471.68379590709657,35,485.85755683662745,7,1.0493972999975085,6000
mk02,speed,0.15,power,DABC,2009,0.9608476139153872,0.10297286679692168,32,476.02344172945,32,490.5549144573891,8,1.0429320998955518,6000
mk02,speed,0.15,power,EAMS-ABC,2000,1.0231677165340116,0.040799013775509235,33,463.83518339142023,33,480.2562286843916,9,1.0938718998804688,6000
mk02,speed,0.15,power,EAMS-ABC,2001,1.071047581110651,0.026190364148332226,32,457.61313121626114,32,486.2169671650245,11,1.2553034001030028,6000
mk02,speed,0.15,power,EAMS-ABC,2002,1.1057557647019567,0.024380253185917404,30,461.0496974154126,34,480.3560047794635,11,1.1720757000148296,6000
mk02,speed,0.15,power,EAMS-ABC,2003,1.0836341150265727,0.01990463181149931,31,461.9547493618299,33,478.7391939840761,9,1.2010936001315713,6000
mk02,speed,0.15,power,EAMS-ABC,2004,1.1149993990137166,0.0202501898985881,30,458.588250769059,33,482.3639246548695,12,1.1953304999042302,6000
mk02,speed,0.15,power,EAMS-ABC,2005,1.045318314133507,0.033387684602916703,32,465.2149029129665,33,480.90893303022136,7,1.110264099901542,6000
mk02,speed,0.15,power,EAMS-ABC,2006,1.0826618501159293,0.024972100954513368,31,461.334152547795,33,480.8596757581202,10,1.1744850999675691,6000
mk02,speed,0.15,power,EAMS-ABC,2007,1.065547952368855,0.04104738509172642,31,463.4191789492847,32,490.59469780361854,10,1.2264228998683393,6000
mk02,speed,0.15,power,EAMS-ABC,2008,1.1063686096159981,0.018564543860578514,30,462.44831531857915,32,483.9840421286399,10,1.2594723000656813,6000
mk02,speed,0.15,power,EAMS-ABC,2009,1.1011339714912618,0.02883598899880116,30,461.88018407234887,33,483.24060461439575,13,1.3083548999857157,6000
mk02,speed,0.15,power,MA-NSGA-II,2000,1.0729375345583694,0.03470958095356082,31,462.31230764813125,34,481.3246599852496,12,1.1614973999094218,6000
mk02,speed,0.15,power,MA-NSGA-II,2001,1.0553780076721182,0.0442175381514054,32,459.4128921594525,36,477.32510251215956,12,0.9995337999425828,6000
mk02,speed,0.15,power,MA-NSGA-II,2002,1.0809447044723555,0.03426067035324329,31,459.66991428942214,34,483.4498078694156,13,1.190229200059548,6000
mk02,speed,0.15,power,MA-NSGA-II,2003,1.0508656155360494,0.030275495653817618,33,456.2255636757431,33,479.31855490647024,9,1.0881061998661608,6000
mk02,speed,0.15,power,MA-NSGA-II,2004,1.0780600819850483,0.033662337028922795,30,467.9244536436788,34,479.72526794225894,9,1.0813352998811752,6000
mk02,speed,0.15,power,MA-NSGA-II,2005,1.0949323786475489,0.03480873913753494,30,461.95765832774254,33,482.1697933531613,14,1.131279399851337,6000
mk02,speed,0.15,power,MA-NSGA-II,2006,1.0674771461997319,0.025690071709058276,32,459.45331029559827,32,486.39282987086614,10,1.085870899958536,6000
mk02,speed,0.15,power,MA-NSGA-II,2007,1.0642970245089696,0.03424191865149589,32,458.7508628138701,36,477.42633118052106,13,1.153324699960649,6000
mk02,speed,0.15,power,MA-NSGA-II,2008,1.0424582135856848,0.036373877070663106,32,465.85772462244705,33,483.092911875018,8,1.1111348001286387,6000
mk02,speed,0.15,power,MA-NSGA-II,2009,1.0974423520585241,0.030364751949127182,31,454.90201490738747,31,491.8146467249148,14,1.1394082000479102,6000
mk02,speed,0.15,power,MOEA-D,2000,1.005538107367066,0.09478902173237228,29,485.1865044137693,33,485.2221717871985,6,1.9332699000369757,6000
mk02,speed,0.15,power,MOEA-D,2001,1.041867343402638,0.052258755507842126,30,476.11151488557266,33,479.93295285897307,5,1.9843281998764724,6000
mk02,speed,0.15,power,MOEA-D,2002,1.041737917125344,0.05048774275603512,30,476.3339599781267,33,478.38271775391985,6,1.8992388998158276,6000
mk02,speed,0.15,power,MOEA-D,2003,1.062532803418478,0.04100501948971818,30,471.84854962212995,33,479.28450676307745,6,1.939471899997443,6000
mk02,speed,0.15,power,MOEA-D,2004,1.0236388837287593,0.06626524176107922,30,475.43520123356114,33,480.73813452332973,6,1.94522920018062,6000
mk02,speed,0.15,power,MOEA-D,2005,1.0211118029597068,0.08532487474944808,29,482.1759239685048,32,488.9433556216055,8,2.0288128000684083,6000
mk02,speed,0.15,power,MOEA-D,2006,1.0053158972112068,0.06314254321539008,31,478.549188663494,33,480.2018118554614,4,2.046632499899715,6000
mk02,speed,0.15,power,MOEA-D,2007,1.051910990317217,0.0485151837385337,30,473.54736822150244,33,480.93721110890715,8,1.9302308999467641,6000
mk02,speed,0.15,power,MOEA-D,2008,1.0568944312911406,0.05298874883154035,29,476.58943722960635,33,477.6820961922781,7,1.953029900090769,6000
mk02,speed,0.15,power,MOEA-D,2009,1.0426627813492828,0.05593548835831294,30,475.2864954926989,33,481.3418307318887,6,1.9940412999130785,6000
mk02,speed,0.15,power,NSGA-II,2000,1.1118913736913254,0.017702291025554134,30,460.4322877374172,33,478.4848902436525,8,0.8695066999644041,6000
mk02,speed,0.15,power,NSGA-II,2001,1.0882362846196036,0.027282492074351423,31,458.20066584639284,34,482.1359943445989,12,0.7560498998500407,6000
mk02,speed,0.15,power,NSGA-II,2002,1.0425192381029098,0.03895679172344471,32,464.4749863779437,34,481.1250257351972,9,0.9692028998397291,6000
mk02,speed,0.15,power,NSGA-II,2003,1.0884131384949145,0.02158700140011747,31,459.967554066914,33,480.2913694498222,8,0.8300516998860985,6000
mk02,speed,0.15,power,NSGA-II,2004,1.0393104475114927,0.0363660391079593,33,459.12202681980426,34,481.2245698545601,9,0.8412995999678969,6000
mk02,speed,0.15,power,NSGA-II,2005,1.089721160194387,0.022704463462872762,31,459.3511250515226,33,482.5008884410388,8,0.7862460999749601,6000
mk02,speed,0.15,power,NSGA-II,2006,1.0422628605533337,0.03605307366701714,32,465.50369505160774,33,482.27294792729384,6,0.9711884001735598,6000
mk02,speed,0.15,power,NSGA-II,2007,1.0866824344499213,0.027094551523770022,31,459.51550594944797,33,483.9014224228595,9,0.9958774999249727,6000
mk02,speed,0.15,power,NSGA-II,2008,1.0716900819136557,0.02234391096577107,32,458.7839547300282,33,481.853668936568,9,0.9287030999548733,6000
mk02,speed,0.15,power,NSGA-II,2009,1.0682665406718161,0.029655984549178515,32,457.8413650798917,33,482.9805639705565,10,0.815053700003773,6000
mk03,speed,0.15,power,DABC,2000,1.1109470176157983,0.09451362913392564,204,3330.811617632138,206,3339.0830045609487,3,1.1729482000228018,6000
mk03,speed,0.15,power,DABC,2001,1.1021250394445237,0.12361660482208484,204,3330.976575755579,204,3408.7168935644377,8,1.1672164001502097,6000
mk03,speed,0.15,power,DABC,2002,1.0286546851641474,0.1589207971625573,204,3368.121440696274,213,3378.255672252924,6,1.2890975999180228,6000
mk03,speed,0.15,power,DABC,2003,1.055078962248995,0.13535614755544123,204,3363.8681330207332,207,3391.0291734700136,5,1.1973049000371248,6000
mk03,speed,0.15,power,DABC,2004,1.1280277477166043,0.09028129531623691,204,3304.8645758174075,204,3364.80694095246,3,1.3158948000054806,6000
mk03,speed,0.15,power,DABC,2005,1.1114023283350083,0.10995837909537726,204,3322.4863579552125,205,3393.888800065498,4,1.2109850998967886,6000
mk03,speed,0.15,power,DABC,2006,1.1002082443113672,0.1204386904515918,204,3334.691477117927,210,3365.5178308754844,5,1.250665299827233,6000
mk03,speed,0.15,power,DABC,2007,1.0677502755177444,0.16466113275831534,204,3343.5994463152933,208,3467.0413890825203,9,1.2850012998096645,6000
mk03,speed,0.15,power,DABC,2008,1.0850755282996465,0.13549080588690152,204,3316.554529190693,212,3381.1685636710827,9,1.336984499823302,6000
mk03,speed,0.15,power,DABC,2009,1.0383978663197562,0.1404872872197876,204,3335.9165995695575,214,3335.9165995695575,4,1.2446204998996109,6000
mk03,speed,0.15,power,EAMS-ABC,2000,1.1756865044363927,0.03125731276679175,204,3259.732202529902,205,3262.4060897679265,4,1.3723257000092417,6000
mk03,speed,0.15,power,EAMS-ABC,2001,1.209092326622064,0,204,3221.042129786008,204,3228.6004488027875,2,1.4595856999512762,6000
mk03,speed,0.15,power,EAMS-ABC,2002,1.1848850943651181,0.029370012124326064,204,3248.068958448011,204,3274.944039465105,4,1.313227399950847,6000
mk03,speed,0.15,power,EAMS-ABC,2003,1.202491690595945,0.019962383678575505,204,3223.560606121126,204,3268.8192401739407,5,1.4170138000044972,6000
mk03,speed,0.15,power,EAMS-ABC,2004,1.1725487588281038,0.037129575701271664,204,3260.707442214174,204,3281.690036406823,2,1.3975448999553919,6000
mk03,speed,0.15,power,EAMS-ABC,2005,1.197926972403733,0.02449493414360008,204,3230.760192586509,205,3265.6096172050406,8,1.2986180000007153,6000
mk03,speed,0.15,power,EAMS-ABC,2006,1.1768716833597515,0.029136025591993357,204,3258.404515618274,204,3264.023951041643,2,1.4375765000004321,6000
mk03,speed,0.15,power,EAMS-ABC,2007,1.1714249533468883,0.03233387045290005,204,3264.7946332001793,204,3265.6224994972476,2,1.2833585001062602,6000
mk03,speed,0.15,power,EAMS-ABC,2008,1.1859947237121307,0.018797400517063807,204,3248.3005638739587,204,3248.3005638739587,1,1.4569127999711782,6000
mk03,speed,0.15,power,EAMS-ABC,2009,1.1848408067496519,0.02410951658379791,204,3249.2131186554925,205,3253.26589420947,5,1.3261561999097466,6000
mk03,speed,0.15,power,MA-NSGA-II,2000,1.1807423091226237,0.02939848848582314,204,3253.543190990467,205,3263.8529924059812,3,1.3250889000482857,6000
mk03,speed,0.15,power,MA-NSGA-II,2001,1.195012869063237,0.015023212227331889,204,3236.753678196825,204,3250.418996602065,4,1.4161247999873012,6000
mk03,speed,0.15,power,MA-NSGA-II,2002,1.187595240875119,0.02408828170544141,204,3243.7111014632874,204,3265.920614597019,4,1.3138772998936474,6000
mk03,speed,0.15,power,MA-NSGA-II,2003,1.193950034207559,0.011565300066674219,204,3239.267162042279,204,3239.267162042279,1,1.3576693998184055,6000
mk03,speed,0.15,power,MA-NSGA-II,2004,1.169963689359767,0.03543868108215,204,3266.404751047853,205,3266.4172429506225,3,1.3713666000403464,6000
mk03,speed,0.15,power,MA-NSGA-II,2005,1.2027798995942507,0.013094747594722301,204,3225.8531685198727,204,3253.4825499836907,4,1.40165019989945,6000
mk03,speed,0.15,power,MA-NSGA-II,2006,1.189223264035956,0.025216369457066654,204,3241.6026197407373,204,3264.6455896994707,4,1.4241404000204057,6000
mk03,speed,0.15,power,MA-NSGA-II,2007,1.177528369623754,0.028558942487174527,204,3257.4537024846286,204,3263.5331294491502,2,1.3211495999712497,6000
mk03,speed,0.15,power,MA-NSGA-II,2008,1.1917651885930045,0.02049606650595883,204,3239.631278921452,205,3253.704617388343,4,1.4137204999569803,6000
mk03,speed,0.15,power,MA-NSGA-II,2009,1.178528544720583,0.0363082047677909,204,3253.3254940882375,204,3287.020084466965,3,1.4520578999072313,6000
mk03,speed,0.15,power,MOEA-D,2000,1.1762847480950087,0.027624651078083602,204,3259.3264203223875,204,3259.3264203223875,1,2.0485674999654293,6000
mk03,speed,0.15,power,MOEA-D,2001,1.1609344640265788,0.04157945477665625,204,3276.756951072915,204,3276.756951072915,1,2.1647354001179338,6000
mk03,speed,0.15,power,MOEA-D,2002,1.1908207162972526,0.016915020481156534,204,3241.6472682748986,204,3250.2514095054257,2,2.0781709000002593,6000
mk03,speed,0.15,power,MOEA-D,2003,1.1718644086578964,0.034686944224411154,204,3262.9200759548894,204,3273.375365835023,2,2.1834601000882685,6000
mk03,speed,0.15,power,MOEA-D,2004,1.1921063156746263,0.017230578030073846,204,3239.986182156027,204,3252.7008027447373,4,2.134482800029218,6000
mk03,speed,0.15,power,MOEA-D,2005,1.1740609666366837,0.02982789635399238,204,3261.7664914370007,204,3262.3903656543275,2,2.130345500074327,6000
mk03,speed,0.15,power,MOEA-D,2006,1.1740740139209773,0.029634409418112365,204,3261.8367497618897,204,3261.8367497618897,1,2.1585189001634717,6000
mk03,speed,0.15,power,MOEA-D,2007,1.173326169315145,0.03223707328169799,204,3262.4457692315573,204,3267.7295505237967,2,2.113924900069833,6000
mk03,speed,0.15,power,MOEA-D,2008,1.1665700861990467,0.0378174820197196,204,3270.187559673831,204,3273.9284056412375,2,1.996322700055316,6000
mk03,speed,0.15,power,MOEA-D,2009,1.1702220616770302,0.03313618418533695,204,3266.210712597911,204,3266.210712597911,1,2.08789120009169,6000
mk03,speed,0.15,power,NSGA-II,2000,1.186899685095312,0.02108946854812111,204,3246.4083958761194,204,3255.9186400480244,2,1.1789909000508487,6000
mk03,speed,0.15,power,NSGA-II,2001,1.1955696866220913,0.013888389834388865,204,3235.6501989897533,204,3248.6875299304493,2,1.036450400017202,6000
mk03,speed,0.15,power,NSGA-II,2002,1.1961214270700442,0.014263813271719408,204,3235.926512467127,204,3249.349076979129,3,0.9800098999403417,6000
mk03,speed,0.15,power,NSGA-II,2003,1.189406795275367,0.021997970484458257,204,3243.3631559983714,205,3253.730711121846,7,1.0387089001014829,6000
mk03,speed,0.15,power,NSGA-II,2004,1.177114289455721,0.02889802395459102,204,3257.7356023327375,204,3264.0983027770462,4,1.1223814999684691,6000
mk03,speed,0.15,power,NSGA-II,2005,1.192025526811714,0.01375028931846409,204,3241.3316109139023,204,3242.6611235024025,2,1.0882957999128848,6000
mk03,speed,0.15,power,NSGA-II,2006,1.1939816505769052,0.014392011084639118,204,3237.8937629223647,204,3247.702082683493,2,1.1114496001973748,6000
mk03,speed,0.15,power,NSGA-II,2007,1.185576122155624,0.022815541378808632,204,3247.8874610410962,204,3258.7515474772626,4,0.9449248998425901,6000
mk03,speed,0.15,power,NSGA-II,2008,1.1896745741308108,0.021078873215782827,204,3243.6685898477135,204,3258.6319774466847,2,1.067867700010538,6000
mk03,speed,0.15,power,NSGA-II,2009,1.203992560118377,0.010632588121806405,204,3225.5263399102128,204,3250.6779386090225,6,1.1388175000902265,6000
mk04,speed,0.15,power,DABC,2000,1.0104742834341933,0.09140225205012914,71,1128.8388963477073,80,1163.9863872454202,11,0.9979798998683691,6000
mk04,speed,0.15,power,DABC,2001,1.008863430762327,0.10817231090266152,71,1128.3091889008988,80,1193.6667147855273,14,1.0939552998170257,6000
mk04,speed,0.15,power,DABC,2002,1.0233896393293629,0.09947677026047759,70,1134.7491293093638,77,1192.702370434634,10,1.1461068999487907,6000
mk04,speed,0.15,power,DABC,2003,0.9648499593855902,0.15281492849523765,71,1127.4017392479236,91,1149.989866594607,9,1.1287503000348806,6000
mk04,speed,0.15,power,DABC,2004,0.9335564155300158,0.15171047843514382,71,1132.0485153316645,86,1190.5686392081009,9,1.0726662001106888,6000
mk04,speed,0.15,power,DABC,2005,0.9730363471246238,0.10430041807500694,74,1131.115614831039,79,1181.1671605131414,13,1.0256223999895155,6000
mk04,speed,0.15,power,DABC,2006,1.0371284534781795,0.10588113149602393,69,1127.0085277050857,75,1205.9066704118784,12,1.098217299906537,6000
mk04,speed,0.15,power,DABC,2007,0.9845338792500271,0.09821164757314496,74,1131.5292958527705,79,1175.7294198714303,10,1.0922621998470277,6000
mk04,speed,0.15,power,DABC,2008,1.0131863188128891,0.11106601387216382,70,1127.3489683126636,82,1178.1484348333142,13,1.064456099877134,6000
mk04,speed,0.15,power,DABC,2009,0.9760965227527748,0.10299424195082203,73,1141.7617880304929,80,1176.7925570315167,9,1.1071574001107365,6000
mk04,speed,0.15,power,EAMS-ABC,2000,1.132625234660811,0.03609999987548049,68,1112.326714074411,73,1170.050643702355,12,1.1339789999183267,6000
mk04,speed,0.15,power,EAMS-ABC,2001,1.0868393512114987,0.04590032911670183,70,1124.9871825577427,73,1174.413858942997,10,1.251348900143057,6000
mk04,speed,0.15,power,EAMS-ABC,2002,1.061069442595361,0.044430879614236765,73,1118.309518432131,75,1175.5885514563658,8,1.2538171999622136,6000
mk04,speed,0.15,power,EAMS-ABC,2003,1.095898089259602,0.020798621152106143,72,1112.6602537262486,72,1169.1660025315734,6,1.1520189999137074,6000
mk04,speed,0.15,power,EAMS-ABC,2004,1.1065508641487494,0.032077362916089674,70,1118.3120199965867,73,1163.2864057344407,8,1.3066747998818755,6000
mk04,speed,0.15,power,EAMS-ABC,2005,1.0658741371415354,0.03423916339468522,73,1120.3291641540561,73,1172.5443134884515,6,1.1919984000269324,6000
mk04,speed,0.15,power,EAMS-ABC,2006,1.1093009821067585,0.0371651271202018,69,1122.2367408123791,73,1168.200369638184,8,1.204723599832505,6000
mk04,speed,0.15,power,EAMS-ABC,2007,1.1043203797582422,0.04418106032145299,69,1123.2461547104333,73,1181.4606303333712,11,1.2991664002183825,6000
mk04,speed,0.15,power,EAMS-ABC,2008,1.0509549950979848,0.045186174000911586,73,1126.3418477642506,73,1174.485971242462,8,1.2866458999924362,6000
mk04,speed,0.15,power,EAMS-ABC,2009,1.0745042998447214,0.03160073426066183,73,1114.400504181363,73,1174.3886316702697,10,1.2145241000689566,6000
mk04,speed,0.15,power,MA-NSGA-II,2000,1.087233080150421,0.05171572654603067,69,1129.984165718512,74,1175.6421522641938,17,1.2825917000882328,6000
mk04,speed,0.15,power,MA-NSGA-II,2001,1.0942757089959783,0.04065783483569866,69,1133.2252136192967,73,1176.5930300659916,10,1.1794773999135941,6000
mk04,speed,0.15,power,MA-NSGA-II,2002,1.1174523273424495,0.036959682476819036,68,1124.3776622767093,74,1171.798504664922,8,1.1713062000926584,6000
mk04,speed,0.15,power,MA-NSGA-II,2003,1.127310950978854,0.027902982575603426,68,1118.225755063147,73,1168.103230600751,13,1.2584766000509262,6000
mk04,speed,0.15,power,MA-NSGA-II,2004,1.03462647011265,0.06503888327426952,73,1130.3543456309023,74,1188.1823370121745,14,1.1463274001143873,6000
mk04,speed,0.15,power,MA-NSGA-II,2005,1.0311937325054048,0.0688582457401081,73,1132.0805961997953,76,1188.94085547275,13,1.2236880001146346,6000
mk04,speed,0.15,power,MA-NSGA-II,2006,1.0699030536812362,0.042408596599511704,73,1111.763632523609,73,1171.8817666970076,11,1.1660541000310332,6000
mk04,speed,0.15,power,MA-NSGA-II,2007,1.1318446841359469,0.04162196765298086,67,1120.9359170554103,75,1179.449126322676,13,1.298816799884662,6000
mk04,speed,0.15,power,MA-NSGA-II,2008,1.0486845274196193,0.060042794247233466,72,1130.5900964273524,74,1179.7490414154056,11,1.2906993001233786,6000
mk04,speed,0.15,power,MA-NSGA-II,2009,1.07144636914466,0.03064881488620828,73,1117.4827686596884,73,1169.6343134884514,9,1.2084814000409096,6000
mk04,speed,0.15,power,MOEA-D,2000,1.1121996963118035,0.03058957986905414,68,1135.17157327341,73,1162.6160982478098,7,2.0889447000809014,6000
mk04,speed,0.15,power,MOEA-D,2001,1.0828215513619788,0.033947085353633194,71,1128.1721080327684,73,1161.7248014563659,6,1.937916399911046,6000
mk04,speed,0.15,power,MOEA-D,2002,1.135909028518584,0.01956853358988245,68,1121.618542496302,73,1161.8524618841734,6,2.1972896999213845,6000
mk04,speed,0.15,power,MOEA-D,2003,1.0937319131817187,0.037270397471774845,70,1124.261906360223,74,1168.7887138752985,11,2.0936277001164854,6000
mk04,speed,0.15,power,MOEA-D,2004,1.057685589694966,0.03879491852186397,73,1125.1564991751052,73,1171.2401757879165,9,2.1466182998847216,6000
mk04,speed,0.15,power,MOEA-D,2005,1.0964955656987017,0.0302866177276231,69,1138.788345232677,73,1156.3593134884513,7,1.972630700096488,6000
mk04,speed,0.15,power,MOEA-D,2006,1.1108007234132458,0.0307771899247969,69,1126.7186000967117,73,1163.7212453066331,12,2.087860600091517,6000
mk04,speed,0.15,power,MOEA-D,2007,1.0682987192181759,0.032024381660937594,73,1119.6347344692228,73,1166.5445741836386,7,2.0708856999408454,6000
mk04,speed,0.15,power,MOEA-D,2008,1.1074362487815992,0.031929221391367904,68,1138.6484722380249,73,1161.8524618841734,6,2.0154285999014974,6000
mk04,speed,0.15,power,MOEA-D,2009,1.124860377048467,0.018966523014501684,68,1131.325815792468,68,1168.659741864831,5,2.096588599961251,6000
mk04,speed,0.15,power,NSGA-II,2000,1.117899574626207,0.0378486825294806,69,1111.3059319888496,73,1172.7979498520879,11,0.9543429999612272,6000
mk04,speed,0.15,power,NSGA-II,2001,1.1162382695881972,0.023973398799939323,70,1114.6647590738423,73,1177.753524718398,12,0.8812441998161376,6000
mk04,speed,0.15,power,NSGA-II,2002,1.0814873434016787,0.025660044668356186,73,1111.9052604107405,78,1147.3903268289907,8,1.0229676999151707,6000
mk04,speed,0.15,power,NSGA-II,2003,1.1296328999252991,0.027297739248441543,69,1110.924419729207,73,1176.0392533280235,10,1.0094580000732094,6000
mk04,speed,0.15,power,NSGA-II,2004,1.0827381913094425,0.04126927397171705,71,1121.6155293548757,73,1184.4792800659916,8,0.9291489000897855,6000
mk04,speed,0.15,power,NSGA-II,2005,1.1129486525879817,0.03652996421000036,68,1129.6401355387416,73,1172.0402693708043,12,0.9273061000276357,6000
mk04,speed,0.15,power,NSGA-II,2006,1.0810531196000488,0.030793471690792017,72,1119.9455211059278,73,1165.484427124815,8,1.0025740000419319,6000
mk04,speed,0.15,power,NSGA-II,2007,1.0739725686960426,0.037388688387763463,73,1112.2009638468542,75,1175.7670406189554,12,0.9797171000391245,6000
mk04,speed,0.15,power,NSGA-II,2008,1.081436064361731,0.0291297259257244,72,1120.049227443395,73,1161.6621543975423,7,0.9539228999055922,6000
mk04,speed,0.15,power,NSGA-II,2009,1.085842662116038,0.03608137779558598,71,1123.6745673569233,73,1166.1076089429969,8,0.8559897001832724,6000
mk05,speed,0.15,power,DABC,2000,0.8817683820090255,0.09732886787224966,188,1861.9833047602751,213,2101.902611502327,20,1.0293258000165224,6000
mk05,speed,0.15,power,DABC,2001,0.8681567201844043,0.11237266426152966,187,1861.2585737756885,205,2139.1900844805677,20,1.0697637998964638,6000
mk05,speed,0.15,power,DABC,2002,0.9042152851648632,0.0852820455297153,186,1864.966156917462,215,2108.564199066671,21,1.1264327999670058,6000
mk05,speed,0.15,power,DABC,2003,0.8674462880913887,0.11131066446056603,189,1857.983570784807,206,2143.1378547983445,21,1.1454402999952435,6000
mk05,speed,0.15,power,DABC,2004,0.8920130438269375,0.09195779958917458,187,1859.0346542999857,215,2093.3270927974772,22,1.1102489000186324,6000
mk05,speed,0.15,power,DABC,2005,0.8603441865841981,0.11846272255780808,188,1861.768040364153,209,2153.2258114906695,18,1.1144328999798745,6000
mk05,speed,0.15,power,DABC,2006,0.8869607345680551,0.0941582503094239,190,1862.3157916364617,208,2136.374030987138,19,1.1341710998676717,6000
mk05,speed,0.15,power,DABC,2007,0.8984634498529593,0.08719202950518444,188,1861.8097979242348,210,2109.6515740926275,24,1.0074462001211941,6000
mk05,speed,0.15,power,DABC,2008,0.8835595610805884,0.10266090778958215,186,1865.3759165176093,220,2114.2987312978835,21,1.0157836000435054,6000
mk05,speed,0.15,power,DABC,2009,0.8863278613581722,0.09589119426630138,188,1865.8650387430293,217,2110.276685767995,19,1.1281836999114603,6000
mk05,speed,0.15,power,EAMS-ABC,2000,0.9823613644237901,0.02983649335890272,187,1861.3458956287966,213,2053.699142662505,32,1.3045121000614017,6000
mk05,speed,0.15,power,EAMS-ABC,2001,1.0077238991340234,0.019369165282015495,182,1859.5079295886,221,1995.4430792601859,34,1.37054149992764,6000
mk05,speed,0.15,power,EAMS-ABC,2002,0.9894142953291634,0.02738589724101002,183,1866.93748583794,218,2017.6426860375745,32,1.2899746999610215,6000
mk05,speed,0.15,power,EAMS-ABC,2003,0.9828659931646423,0.035445671280421934,184,1858.699409648782,221,2012.4878968746937,35,1.44749839999713,6000
mk05,speed,0.15,power,EAMS-ABC,2004,0.9691153710981377,0.03940611759177864,187,1857.2145476191356,225,1963.86413203595,38,1.3816385001409799,6000
mk05,speed,0.15,power,EAMS-ABC,2005,0.9689032543766013,0.04274375947118075,185,1866.8659662442042,218,2048.3671074422327,35,1.3913374999538064,6000
mk05,speed,0.15,power,EAMS-ABC,2006,0.977371469889355,0.03874470716228782,182,1862.5252834343053,217,2025.565320723787,33,1.4367881000507623,6000
mk05,speed,0.15,power,EAMS-ABC,2007,0.9910868393456472,0.024891921352557064,185,1861.2896247372519,222,1993.365826135425,39,1.4040785999968648,6000
mk05,speed,0.15,power,EAMS-ABC,2008,0.9807000254445873,0.038130220775042176,183,1861.8886696951934,217,2047.5294505302359,38,1.3718741999473423,6000
mk05,speed,0.15,power,EAMS-ABC,2009,0.9942604461750326,0.02920761158467945,181,1864.8394880892977,223,2002.1657476511937,31,1.3941153001505882,6000
mk05,speed,0.15,power,MA-NSGA-II,2000,0.9846224708948054,0.032842024108171206,184,1859.3814364246407,212,2072.985532074565,37,1.239647600101307,6000
mk05,speed,0.15,power,MA-NSGA-II,2001,0.9772830079315175,0.040335116023092685,184,1862.568054469748,227,1985.9229277998998,34,1.229938100092113,6000
mk05,speed,0.15,power,MA-NSGA-II,2002,0.9865188197239886,0.03267252622773673,183,1862.5891001781424,224,1978.188857628935,35,1.284031999995932,6000
mk05,speed,0.15,power,MA-NSGA-II,2003,0.966971679137284,0.04365960724509834,186,1859.3388395962138,222,2025.9758646416597,40,1.2401839999947697,6000
mk05,speed,0.15,power,MA-NSGA-II,2004,0.9638971883971287,0.0437972938926507,185,1865.6918218877174,223,2025.0831285860536,32,1.2167521000374109,6000
mk05,speed,0.15,power,MA-NSGA-II,2005,0.9293389191848693,0.05373917982949001,196,1862.7422848004207,220,2021.3931847825702,26,1.264321600086987,6000
mk05,speed,0.15,power,MA-NSGA-II,2006,0.9669644112548396,0.04350802057510043,185,1862.0997926710659,218,2039.5574258745878,46,1.2659354000352323,6000
mk05,speed,0.15,power,MA-NSGA-II,2007,0.9830926049741913,0.03217791029691315,186,1862.5287563105428,218,2033.6897984342506,45,1.3427629999350756,6000
mk05,speed,0.15,power,MA-NSGA-II,2008,0.9752431383526127,0.03262770699522471,188,1865.7798450861758,222,2002.954201332601,31,1.2188136000186205,6000
mk05,speed,0.15,power,MA-NSGA-II,2009,0.9687768445842505,0.04308475089720427,185,1867.758335160893,219,2044.5945592329363,37,1.1647694001439959,6000
mk05,speed,0.15,power,MOEA-D,2000,0.9354959764847262,0.04821900981320383,196,1867.6312132196251,224,1989.5368066418714,27,2.149078599875793,6000
mk05,speed,0.15,power,MOEA-D,2001,0.9789419317344684,0.023275675171013383,188,1877.0645730980955,219,1999.5036879282782,39,2.1467353999614716,6000
mk05,speed,0.15,power,MOEA-D,2002,0.9758825589739728,0.0207015301671599,192,1870.6758078112662,218,2003.969294975247,36,2.2200255999341607,6000
mk05,speed,0.15,power,MOEA-D,2003,0.9642992833067657,0.02790811253175706,194,1863.6589591586198,215,2024.0573589167263,36,2.1849391001742333,6000
mk05,speed,0.15,power,MOEA-D,2004,1.0028197296681465,0.013691359649224624,185,1869.6159632933952,215,2019.2225128505918,33,2.2359382999129593,6000
mk05,speed,0.15,power,MOEA-D,2005,0.9630363370864722,0.02427832768612424,196,1869.1435746317875,213,2029.695673822683,35,2.1930199000053108,6000
mk05,speed,0.15,power,MOEA-D,2006,0.9714946225226299,0.02698224080448866,191,1868.308756325115,219,2008.7493518785006,29,2.3112857998348773,6000
mk05,speed,0.15,power,MOEA-D,2007,0.987599092150647,0.02638462326568673,186,1868.8438535378752,226,1950.2904776303194,45,2.416390199912712,6000
mk05,speed,0.15,power,MOEA-D,2008,0.9715875382213145,0.02567533220323839,192,1868.3349897304577,222,1963.241344840275,33,2.1412536001298577,6000
mk05,speed,0.15,power,MOEA-D,2009,0.9824694967588071,0.02446198879448517,188,1868.2850785971648,219,2003.338355299253,35,2.1750133999157697,6000
mk05,speed,0.15,power,NSGA-II,2000,0.9831761467107697,0.03725213703663213,184,1858.5622656383778,222,2030.1554830911373,46,0.99614920001477,6000
mk05,speed,0.15,power,NSGA-II,2001,0.973182474250179,0.0377984226744607,186,1863.5304046251208,219,2014.263099937706,38,0.8838688000105321,6000
mk05,speed,0.15,power,NSGA-II,2002,0.9602677347629405,0.03862685967191826,191,1862.0319759126573,227,1959.9285242822443,34,0.9510689000599086,6000
mk05,speed,0.15,power,NSGA-II,2003,0.9781954668297747,0.033498533264662504,187,1861.2585737756885,210,2077.028016713966,32,0.9945638999342918,6000
mk05,speed,0.15,power,NSGA-II,2004,0.9739602292426027,0.03477419380204931,187,1858.8763293394206,219,2017.633995796009,39,0.9086875999346375,6000
mk05,speed,0.15,power,NSGA-II,2005,0.9919574287968715,0.021722335767612528,187,1863.4199910382852,213,2055.3048171773517,38,1.0422085002064705,6000
mk05,speed,0.15,power,NSGA-II,2006,1.0040541540997678,0.01973085369069958,183,1864.9185465991027,215,2032.3963570260228,40,1.0515644999686629,6000
mk05,speed,0.15,power,NSGA-II,2007,0.9793752127167342,0.031628355323788535,187,1860.7320424187903,218,2034.5608277565484,35,1.091410000110045,6000
mk05,speed,0.15,power,NSGA-II,2008,0.9721615184870879,0.037099703411954094,185,1867.0789503863386,219,2026.9634754700357,38,1.0000269999727607,6000
mk05,speed,0.15,power,NSGA-II,2009,0.9698217375034138,0.031186807655587047,191,1863.37220651291,221,2003.0979016761335,36,0.8707995000295341,6000
mk06,speed,0.15,power,DABC,2000,0.7754631355036695,0.3390546274433278,79,1239.2059787467108,88,1276.5960198117773,10,1.1669403000269085,6000
mk06,speed,0.15,power,DABC,2001,0.7568554211580554,0.3413491136197704,80,1245.9626189442095,88,1281.300341402586,9,1.2400589999742806,6000
mk06,speed,0.15,power,DABC,2002,0.6903425708949649,0.4293517952120577,82,1244.825924255066,92,1248.5472514383653,7,1.2185672000050545,6000
mk06,speed,0.15,power,DABC,2003,0.7661936053534341,0.2821660041125644,84,1250.4975989876586,85,1296.1719950808986,9,1.265107300132513,6000
mk06,speed,0.15,power,DABC,2004,0.8235700547408239,0.24075510026445324,81,1241.8221724314824,84,1267.8518985045566,8,1.2436534999869764,6000
mk06,speed,0.15,power,DABC,2005,0.7211640110553917,0.38857334065277754,82,1244.956821207181,90,1278.6933350059605,12,1.090782199986279,6000
mk06,speed,0.15,power,DABC,2006,0.761897339720596,0.3163818482216061,82,1243.0762584009215,87,1278.9426646496786,5,1.2085219998843968,6000
mk06,speed,0.15,power,DABC,2007,0.8102720301088789,0.2864740556024909,80,1244.5448464306646,86,1266.9253772198108,6,1.2005541999824345,6000
mk06,speed,0.15,power,DABC,2008,0.6779099512286423,0.41588821921163194,83,1248.5547636909225,91,1285.4958925207009,7,1.125207700068131,6000
mk06,speed,0.15,power,DABC,2009,0.7102669184677006,0.3889014213755674,83,1232.625902698202,90,1279.4804453354516,8,1.2727786002214998,6000
mk06,speed,0.15,power,EAMS-ABC,2000,1.047057569942193,0.07330656496407674,76,1222.109317435634,76,1249.5600549826581,5,1.491258299909532,6000
mk06,speed,0.15,power,EAMS-ABC,2001,0.9624630352327574,0.14161075125103856,78,1234.7792566273433,78,1286.5190905664526,7,1.457042400026694,6000
mk06,speed,0.15,power,EAMS-ABC,2002,1.1050007857756925,0.039116484709668296,74,1222.0764223010635,74,1227.353571258633,2,1.3740836998913437,6000
mk06,speed,0.15,power,EAMS-ABC,2003,1.1152086616668402,0.03318059063145719,74,1215.4185708442724,74,1222.6651496593058,2,1.4934731998946518,6000
mk06,speed,0.15,power,EAMS-ABC,2004,1.052949834565363,0.07973313612790187,76,1216.2949448864526,76,1269.9429991607212,6,1.4676015998702496,6000
mk06,speed,0.15,power,EAMS-ABC,2005,1.0550052390910374,0.10776578581418197,75,1223.1587251208405,76,1304.2457134490387,10,1.5243425001390278,6000
mk06,speed,0.15,power,EAMS-ABC,2006,1.1622893421756337,0.023742255783594634,72,1219.190552029997,72,1237.0442791944372,9,1.4803601999301463,6000
mk06,speed,0.15,power,EAMS-ABC,2007,1.0613036489893601,0.059672920644069885,76,1214.846786208553,76,1215.804797345953,2,1.3667911998927593,6000
mk06,speed,0.15,power,EAMS-ABC,2008,1.1253147861185835,0.025700771589696025,74,1210.1003704150444,74,1210.3368045235713,2,1.4330435001756996,6000
mk06,speed,0.15,power,EAMS-ABC,2009,1.110414106830443,0.04106346973421312,74,1217.9682808028492,74,1247.1618752866352,4,1.456931099994108,6000
mk06,speed,0.15,power,MA-NSGA-II,2000,1.040935039735333,0.07827795031491969,76,1225.4819103091272,76,1252.2911900762927,6,1.4052806000690907,6000
mk06,speed,0.15,power,MA-NSGA-II,2001,1.0510458787189767,0.07237449073079824,76,1219.71154816972,76,1250.928328724026,4,1.5016494998708367,6000
mk06,speed,0.15,power,MA-NSGA-II,2002,1.1285335843893325,0.045677516423351314,73,1220.5915230434268,75,1248.2155238563832,5,1.455680700019002,6000
mk06,speed,0.15,power,MA-NSGA-II,2003,1.092511585345815,0.04753081263358525,75,1211.305370840975,75,1237.740106693822,4,1.4697139000054449,6000
mk06,speed,0.15,power,MA-NSGA-II,2004,1.0826929421165696,0.05492119503736902,75,1217.4261151103274,75,1246.1232362204196,4,1.435140899848193,6000
mk06,speed,0.15,power,MA-NSGA-II,2005,1.0018628064927182,0.0989248123071407,78,1215.5762729722335,78,1234.7445370958123,4,1.3646731001790613,6000
mk06,speed,0.15,power,MA-NSGA-II,2006,0.9745689448544438,0.10856988302157096,79,1216.404782785488,79,1219.0117265543972,4,1.32046590000391,6000
mk06,speed,0.15,power,MA-NSGA-II,2007,1.0778206362544676,0.061436673259430155,75,1219.7345159742797,76,1237.6804067052042,6,1.4940269000362605,6000
mk06,speed,0.15,power,MA-NSGA-II,2008,1.090623565337323,0.04378370978126872,75,1214.0948008112496,75,1214.0948008112496,1,1.3818010000977665,6000
mk06,speed,0.15,power,MA-NSGA-II,2009,1.0577208825569295,0.06535944256564087,76,1216.121240746132,76,1236.9435717445845,3,1.476188400061801,6000
mk06,speed,0.15,power,MOEA-D,2000,1.0504099532309608,0.06836900426054401,75,1238.4205654688685,75,1245.259966520693,2,2.107732699951157,6000
mk06,speed,0.15,power,MOEA-D,2001,1.1551083175730927,0.03729906895201539,71,1236.6258100962486,72,1253.2770806459566,5,2.2492032998707145,6000
mk06,speed,0.15,power,MOEA-D,2002,1.1197549137000453,0.036937295797595936,73,1229.3583191778278,73,1243.6349437417189,2,2.1655054001603276,6000
mk06,speed,0.15,power,MOEA-D,2003,1.11690975733513,0.04970489015872674,73,1228.9832158335994,75,1240.2933871987368,4,2.1326442998833954,6000
mk06,speed,0.15,power,MOEA-D,2004,1.0743989929913422,0.07554221765666175,74,1235.6777638597039,77,1235.6777638597039,3,2.081775799859315,6000
mk06,speed,0.15,power,MOEA-D,2005,1.142847013190951,0.030914192817424115,72,1231.7654054924951,72,1235.8042608794187,3,2.132650899933651,6000
mk06,speed,0.15,power,MOEA-D,2006,1.0645343455495364,0.0572834131910875,75,1229.9905932020886,75,1229.9905932020886,1,2.2948694999795407,6000
mk06,speed,0.15,power,MOEA-D,2007,1.1538219337646374,0.020654449705935152,72,1225.9235862500902,72,1225.9235862500902,1,2.215772100025788,6000
mk06,speed,0.15,power,MOEA-D,2008,0.941721302281884,0.12355045061353043,79,1239.0563825528386,79,1239.0563825528386,1,2.1911961999721825,6000
mk06,speed,0.15,power,MOEA-D,2009,1.0330220299084443,0.07506678286591714,76,1232.2327436869336,76,1238.3019320655783,4,2.208079099887982,6000
mk06,speed,0.15,power,NSGA-II,2000,1.0914729024960401,0.059606093014596295,74,1227.8803345645547,75,1255.3334585634552,6,1.0334465000778437,6000
mk06,speed,0.15,power,NSGA-II,2001,1.0753823546849832,0.06211486631790496,75,1221.2010601515326,75,1259.2014348475782,6,1.0776447001844645,6000
mk06,speed,0.15,power,NSGA-II,2002,1.0852945095209394,0.05152294632190818,75,1216.0225238676644,75,1238.8799070863722,5,1.0805021000560373,6000
mk06,speed,0.15,power,NSGA-II,2003,1.0113845612825394,0.08906912168275803,78,1210.1552594156344,78,1236.141311083265,2,1.1061720000579953,6000
mk06,speed,0.15,power,NSGA-II,2004,1.0436449124613014,0.07469462260001594,76,1224.3099619070467,76,1249.2642481579037,6,1.0381406000815332,6000
mk06,speed,0.15,power,NSGA-II,2005,1.0580569479678177,0.06787876412168098,76,1215.6989830525877,76,1257.3484294295088,3,1.0664126998744905,6000
mk06,speed,0.15,power,NSGA-II,2006,1.0864870879198845,0.04871023783025762,75,1215.77915137402,75,1229.2366651162497,5,1.0778755999635905,6000
mk06,speed,0.15,power,NSGA-II,2007,1.0378590743219014,0.07463051847542503,77,1211.3530322104814,77,1217.0407913104648,2,1.0774017998483032,6000
mk06,speed,0.15,power,NSGA-II,2008,1.039608296502347,0.07511039361059704,76,1227.4096892318798,76,1248.4001195317621,5,1.1831223999615759,6000
mk06,speed,0.15,power,NSGA-II,2009,1.0220395664292927,0.08754161033375182,77,1220.307253595498,77,1247.2506247947179,6,1.0079667000100017,6000
mk07,speed,0.15,power,DABC,2000,0.8114189729375946,0.17630142799811488,164,2275.4068824322367,188,2463.216589787044,17,1.2160531000699848,6000
mk07,speed,0.15,power,DABC,2001,0.7986825619445481,0.19565179524846307,161,2264.732040519839,177,2517.8875734065327,18,1.133059199899435,6000
mk07,speed,0.15,power,DABC,2002,0.7632116612473301,0.22751175242172214,162,2297.446990022283,175,2592.6316006484044,17,1.053635099902749,6000
mk07,speed,0.15,power,DABC,2003,0.8072627472345222,0.22377749412466313,152,2255.0668317108584,178,2577.455406871349,18,1.1188592999242246,6000
mk07,speed,0.15,power,DABC,2004,0.7223782047789516,0.23924790323352843,167,2295.0839594224935,216,2377.4986274886055,18,1.0906776001211256,6000
mk07,speed,0.15,power,DABC,2005,0.7878121676406862,0.19832090015551948,163,2284.4893288379562,186,2489.091992906238,14,1.1775674000382423,6000
mk07,speed,0.15,power,DABC,2006,0.7812632761100503,0.20506071423471992,160,2312.658883184122,176,2537.4761496984747,16,1.122774900170043,6000
mk07,speed,0.15,power,DABC,2007,0.7513898473703399,0.2180529477118568,167,2299.2401876048225,192,2483.3610194784533,15,1.0770193000789732,6000
mk07,speed,0.15,power,DABC,2008,0.8104672991536649,0.1717791769550273,167,2253.4463693237485,168,2526.996666844473,19,1.119248199975118,6000
mk07,speed,0.15,power,DABC,2009,0.778273702828102,0.2066429227918876,160,2283.2820093791356,177,2548.6597139672795,17,0.9939705999568105,6000
mk07,speed,0.15,power,EAMS-ABC,2000,1.0196608958925635,0.04157170202279592,152,2209.5349874525386,167,2403.7488971917287,28,1.4339107000268996,6000
mk07,speed,0.15,power,EAMS-ABC,2001,1.021051485707191,0.035473771688495394,152,2222.4369661672617,162,2413.9967283338237,27,1.395397099899128,6000
mk07,speed,0.15,power,EAMS-ABC,2002,0.98141416646431,0.05259749427813754,150,2297.2817853172783,162,2392.4238362306296,14,1.2752237999811769,6000
mk07,speed,0.15,power,EAMS-ABC,2003,1.0192083768507463,0.028883109816669292,154,2219.3490241597387,166,2398.7974298683844,20,1.328210199950263,6000
mk07,speed,0.15,power,EAMS-ABC,2004,0.9848354767487422,0.05363800913633214,149,2296.789213439715,167,2369.065058575725,16,1.2899069001432508,6000
mk07,speed,0.15,power,EAMS-ABC,2005,1.0191274718670906,0.03490565617373833,150,2250.652652863219,164,2404.580014030961,17,1.4184354001190513,6000
mk07,speed,0.15,power,EAMS-ABC,2006,1.010160959342898,0.03960399552305836,149,2268.154158753971,164,2387.9099216920404,18,1.2850703001022339,6000
mk07,speed,0.15,power,EAMS-ABC,2007,1.009555928229665,0.04081729595429965,150,2257.2875408667023,167,2385.776426217464,23,1.3541864000726491,6000
mk07,speed,0.15,power,EAMS-ABC,2008,1.014935961077947,0.04321900187381273,154,2199.2028343767824,174,2382.1450803171124,27,1.4504537999164313,6000
mk07,speed,0.15,power,EAMS-ABC,2009,0.9794809833747017,0.04704410824817438,156,2247.6884223018483,172,2363.8641676524717,22,1.3905170999933034,6000
mk07,speed,0.15,power,MA-NSGA-II,2000,1.0202018749997699,0.03863984961622156,150,2237.3877950836145,174,2364.9908832210235,20,1.2025522000622004,6000
mk07,speed,0.15,power,MA-NSGA-II,2001,0.9949769862378927,0.04125400559861915,155,2233.913121184557,172,2379.7772320561753,21,1.2802895999047905,6000
mk07,speed,0.15,power,MA-NSGA-II,2002,1.0000965712804637,0.03480526383984585,156,2226.5305831263618,166,2395.338270415193,26,1.2556071998551488,6000
mk07,speed,0.15,power,MA-NSGA-II,2003,1.0138565716120318,0.026558756636576825,155,2224.4198828867025,167,2376.919247013541,19,1.2729219000320882,6000
mk07,speed,0.15,power,MA-NSGA-II,2004,0.9325825063392816,0.06344789917108147,164,2238.5144778201693,180,2373.260894529694,20,1.148186800070107,6000
mk07,speed,0.15,power,MA-NSGA-II,2005,0.9752021023446332,0.06783052628860231,155,2227.5497018237593,177,2382.2147169437644,28,1.188887800090015,6000
mk07,speed,0.15,power,MA-NSGA-II,2006,0.9827881066407543,0.042892125150819325,156,2247.3561318773322,175,2350.541960216278,19,1.2291889998596162,6000
mk07,speed,0.15,power,MA-NSGA-II,2007,1.006558026501628,0.031477820701699896,156,2222.004403223825,174,2359.1964086621356,22,1.1391254998743534,6000
mk07,speed,0.15,power,MA-NSGA-II,2008,0.9601750344147356,0.051576152677405125,162,2220.9780537682127,170,2390.6993888310944,19,1.1484708001371473,6000
mk07,speed,0.15,power,MA-NSGA-II,2009,0.9995273500239791,0.04578488239645217,150,2272.0905517314004,172,2375.9360884139824,18,1.294481199933216,6000
mk07,speed,0.15,power,MOEA-D,2000,0.9785454377577623,0.057763780015523916,148,2317.133626615686,167,2370.332073710016,13,2.232953099999577,6000
mk07,speed,0.15,power,MOEA-D,2001,0.9565704589485704,0.07267579007525744,150,2314.1924279225773,162,2411.2415611680885,17,2.1696681999601424,6000
mk07,speed,0.15,power,MOEA-D,2002,0.9111444878633437,0.09983671726022422,152,2339.4889899854666,176,2378.112888354203,16,2.0938094998709857,6000
mk07,speed,0.15,power,MOEA-D,2003,0.9601685910762647,0.06479255440972558,150,2322.4054831311596,162,2392.458166485999,10,2.090070999925956,6000
mk07,speed,0.15,power,MOEA-D,2004,0.9407155639130744,0.07654711422271054,151,2331.121920893699,167,2376.0093747548553,15,2.21901290002279,6000
mk07,speed,0.15,power,MOEA-D,2005,0.9804951428887211,0.05976556033886259,148,2295.946358048486,166,2375.018802935953,15,2.1747767999768257,6000
mk07,speed,0.15,power,MOEA-D,2006,0.9770334083999197,0.03786410169686129,156,2275.579155119649,167,2359.5929573186977,13,2.0455547999590635,6000
mk07,speed,0.15,power,MOEA-D,2007,0.9765021667952588,0.06181924895142012,149,2303.1077638336046,167,2394.0911611130578,19,2.156215599970892,6000
mk07,speed,0.15,power,MOEA-D,2008,0.9275392592828513,0.0707720034378186,156,2320.123873219796,164,2376.1609314819957,14,2.1380741000175476,6000
mk07,speed,0.15,power,MOEA-D,2009,0.9570230476364365,0.0901458445623271,144,2340.5134055977173,172,2389.1420442796853,15,2.1138766000512987,6000
mk07,speed,0.15,power,NSGA-II,2000,0.9818692651795898,0.049577663196403,152,2283.579069643009,166,2381.621852979036,19,0.9995870001148432,6000
mk07,speed,0.15,power,NSGA-II,2001,1.0327261238082297,0.023971668868556728,150,2238.871179035665,177,2323.5423731438987,22,0.9133508000522852,6000
mk07,speed,0.15,power,NSGA-II,2002,0.9759454696306912,0.03198422159125849,161,2235.796203916567,167,2366.4093747548554,17,1.0204827000852674,6000
mk07,speed,0.15,power,NSGA-II,2003,0.9997399712682216,0.04626682172086407,150,2267.701252815864,167,2382.143705010225,21,0.8946728999726474,6000
mk07,speed,0.15,power,NSGA-II,2004,1.0082359480666723,0.02784362444407943,156,2222.7271643419353,164,2381.4031083052164,26,0.9334242998156697,6000
mk07,speed,0.15,power,NSGA-II,2005,0.973086049335704,0.04679505410751082,161,2213.3270774377233,177,2357.4670537906118,28,0.9102306000422686,6000
mk07,speed,0.15,power,NSGA-II,2006,1.0029025379648462,0.03018901338389113,155,2244.770173135414,172,2356.7581057926564,21,1.0035020001232624,6000
mk07,speed,0.15,power,NSGA-II,2007,1.0131847619883951,0.025423788549663134,156,2218.8533996346655,172,2364.003328043071,25,0.9887926999945194,6000
mk07,speed,0.15,power,NSGA-II,2008,0.9942472666175296,0.032027180934790844,159,2218.034741936964,170,2380.081291780558,28,1.0826380997896194,6000
mk07,speed,0.15,power,NSGA-II,2009,1.0058467781181724,0.047338403640849194,146,2293.639675180216,166,2379.553133191322,18,0.9124219000805169,6000
mk08,speed,0.15,power,DABC,2000,0.7982810549568518,0.4188258929077329,524,5518.036385271132,527,5656.8152278698035,7,1.3982880001422018,6000
mk08,speed,0.15,power,DABC,2001,0.8119434716646949,0.37925443574213374,523,5509.916837509484,551,5563.981730280116,8,1.2511508001480252,6000
mk08,speed,0.15,power,DABC,2002,0.8609483887433954,0.33436629794063083,523,5522.431532361998,542,5579.864983085345,9,1.1047458001412451,6000
mk08,speed,0.15,power,DABC,2003,0.8335732237166218,0.3014475236321406,526,5509.9785028597125,551,5509.9785028597125,7,1.069272599881515,6000
mk08,speed,0.15,power,DABC,2004,0.8109066803528209,0.40262572678561004,523,5526.808838141364,524,5650.713397806985,5,1.2778032999485731,6000
mk08,speed,0.15,power,DABC,2005,0.8623080380659812,0.3682102798827919,523,5516.0924049911155,542,5602.807025576084,5,1.2857304001227021,6000
mk08,speed,0.15,power,DABC,2006,0.7719672531463688,0.3415309913344622,527,5532.643360883091,551,5539.466851420444,6,1.0943539999425411,6000
mk08,speed,0.15,power,DABC,2007,0.8155261555681388,0.34228071391705267,524,5545.12084090541,545,5581.0003597301975,7,1.2235840999055654,6000
mk08,speed,0.15,power,DABC,2008,0.9171486334678215,0.20827757068617675,523,5502.400265929886,542,5502.400265929886,4,1.2409198000095785,6000
mk08,speed,0.15,power,DABC,2009,0.8871511960030353,0.2775109141856211,527,5469.415738552653,551,5488.834524457471,9,1.2314576997887343,6000
mk08,speed,0.15,power,EAMS-ABC,2000,1.0453601301338864,0.11853348050507731,523,5478.21585850961,530,5497.099572303461,6,1.6405502001289278,6000
mk08,speed,0.15,power,EAMS-ABC,2001,1.0439654371714207,0.10662966382097809,524,5481.197817958918,524,5488.316895719516,2,1.5642856999766082,6000
mk08,speed,0.15,power,EAMS-ABC,2002,0.9959185596687904,0.20654247181756208,523,5478.352896397939,529,5538.688202231036,14,1.6980310000944883,6000
mk08,speed,0.15,power,EAMS-ABC,2003,1.0330431768670514,0.15187831679943495,523,5476.7845094402655,525,5531.276702275588,7,1.4304303000681102,6000
mk08,speed,0.15,power,EAMS-ABC,2004,1.0215489943181804,0.1436741550722374,523,5494.599166570749,526,5514.239267689312,8,1.4326446000486612,6000
mk08,speed,0.15,power,EAMS-ABC,2005,1.1034259747976851,0.06607191602325445,524,5451.39498327036,530,5469.869397589382,10,1.5267874000128359,6000
mk08,speed,0.15,power,EAMS-ABC,2006,1.0766100246541577,0.1330374267086143,523,5457.003790068841,525,5524.272501196437,8,1.3466437000315636,6000
mk08,speed,0.15,power,EAMS-ABC,2007,1.0063779619050022,0.15331063806784423,523,5499.262654892095,533,5500.3239477044635,8,1.3476076000370085,6000
mk08,speed,0.15,power,EAMS-ABC,2008,1.0421718966236058,0.12060265176030208,523,5487.586743720592,526,5501.729435680148,6,1.2652445998974144,6000
mk08,speed,0.15,power,EAMS-ABC,2009,1.034432481513639,0.1206818702817373,524,5483.987405294189,528,5496.083363852309,7,1.348057399969548,6000
mk08,speed,0.15,power,MA-NSGA-II,2000,1.0998591550725392,0.0928836598233498,523,5453.408253491871,526,5494.442412590187,9,1.6296055000275373,6000
mk08,speed,0.15,power,MA-NSGA-II,2001,1.1924849853210318,0.009017935768241747,523,5418.577845050573,523,5461.126173344711,8,1.510459200013429,6000
mk08,speed,0.15,power,MA-NSGA-II,2002,1.092321905098915,0.07255522728345813,524,5458.558589381305,526,5484.842644644784,7,1.3854965001810342,6000
mk08,speed,0.15,power,MA-NSGA-II,2003,1.0560937369071752,0.10825424925210923,523,5480.571933088181,526,5501.079652993377,8,1.5595732000656426,6000
mk08,speed,0.15,power,MA-NSGA-II,2004,1.0262414563801137,0.13878276790937286,523,5491.8461432650565,524,5515.590122493063,4,1.3782982998527586,6000
mk08,speed,0.15,power,MA-NSGA-II,2005,1.0547666997655754,0.11785534113130448,523,5480.408806029112,528,5490.105549714797,9,1.341465000063181,6000
mk08,speed,0.15,power,MA-NSGA-II,2006,1.0518386075775659,0.12712081571195333,523,5476.093711331483,532,5494.175388504767,10,1.3214171000290662,6000
mk08,speed,0.15,power,MA-NSGA-II,2007,1.082877306967633,0.08278301317371646,523,5467.256613471833,528,5482.3119343212475,7,1.4316021997947246,6000
mk08,speed,0.15,power,MA-NSGA-II,2008,1.0554868449082189,0.13566091092575677,523,5469.812140747502,531,5517.122380221436,8,1.2892605001106858,6000
mk08,speed,0.15,power,MA-NSGA-II,2009,1.02825379992355,0.12182802556302867,524,5487.056217726037,525,5507.300849806839,5,1.4326870997902006,6000
mk08,speed,0.15,power,MOEA-D,2000,1.0645751784277482,0.09258265146509846,523,5479.879869843701,523,5479.879869843701,1,2.084149200003594,6000
mk08,speed,0.15,power,MOEA-D,2001,1.039088689200585,0.1168522222707836,523,5490.40992786323,523,5491.76236054946,3,2.2094737999141216,6000
mk08,speed,0.15,power,MOEA-D,2002,1.1038258316814804,0.06003128800440251,523,5462.934956484309,524,5467.804640040862,5,1.98204950010404,6000
mk08,speed,0.15,power,MOEA-D,2003,1.0629528665788515,0.09467587267137564,523,5480.32184032159,525,5480.32184032159,3,1.977574200136587,6000
mk08,speed,0.15,power,MOEA-D,2004,1.0131044476549416,0.13904956960361345,523,5500.542679972298,526,5500.542679972298,4,1.9360077001620084,6000
mk08,speed,0.15,power,MOEA-D,2005,1.0459816460422258,0.11049631234378263,523,5486.0907240862325,525,5491.855850264603,5,2.0196139998733997,6000
mk08,speed,0.15,power,MOEA-D,2006,1.0060129304430834,0.1357372736849338,524,5498.948783821641,524,5501.9847392069305,3,1.8450111001729965,6000
mk08,speed,0.15,power,MOEA-D,2007,1.1074263458959865,0.0762580209977669,523,5455.154433686074,524,5491.026983351695,4,2.0482216000091285,6000
mk08,speed,0.15,power,MOEA-D,2008,1.1281297881659413,0.07025094446222152,523,5443.764996276301,533,5463.89835631409,10,1.986508799949661,6000
mk08,speed,0.15,power,MOEA-D,2009,1.0352823978269685,0.10869188508587722,524,5486.0990543709495,524,5490.112589893613,2,1.8319570000749081,6000
mk08,speed,0.15,power,NSGA-II,2000,1.1628909431209127,0.015066577930507937,523,5435.373004683999,524,5462.816992041993,5,1.262802500044927,6000
mk08,speed,0.15,power,NSGA-II,2001,1.1301176996411333,0.05021781792268886,523,5449.435337214492,527,5464.475361129149,9,1.2088379000779241,6000
mk08,speed,0.15,power,NSGA-II,2002,1.080500790874024,0.0813113454729187,523,5470.568318821073,526,5478.929152612308,6,1.1847967999055982,6000
mk08,speed,0.15,power,NSGA-II,2003,1.1172361309850174,0.05462274053050315,523,5455.214994565567,527,5470.587500343293,6,1.0210209998767823,6000
mk08,speed,0.15,power,NSGA-II,2004,1.1689074658270773,0.010835286418067396,523,5433.5067596964755,524,5447.466825512328,5,1.0289604999125004,6000
mk08,speed,0.15,power,NSGA-II,2005,1.0919347640482178,0.0845011729954367,523,5463.85113813575,529,5485.717431119168,11,0.9358149999752641,6000
mk08,speed,0.15,power,NSGA-II,2006,1.1003346815498178,0.07810792883772251,523,5458.7036750278685,527,5489.290646731784,11,1.1471290001645684,6000
mk08,speed,0.15,power,NSGA-II,2007,1.1272074291025638,0.05085788938106233,523,5448.420218368904,526,5479.491938118103,9,1.1062745999079198,6000
mk08,speed,0.15,power,NSGA-II,2008,1.0981033176793629,0.07030852205990032,523,5462.8623082246195,526,5479.353817578562,6,1.075832099886611,6000
mk08,speed,0.15,power,NSGA-II,2009,1.1747201384759909,0.013552079865511194,523,5429.375099244572,525,5453.347477706113,7,1.037472999887541,6000
mk09,speed,0.15,power,DABC,2000,0.8367380433712079,0.2222647064156128,355,9498.191834455936,372,9810.511431578529,10,1.1665741000324488,6000
mk09,speed,0.15,power,DABC,2001,0.851113401965974,0.24668459524472844,347,9425.04090420425,388,9797.230400400927,7,1.1800036998465657,6000
mk09,speed,0.15,power,DABC,2002,0.8574941338331163,0.27056516840903166,343,9317.64911906259,387,9870.89609628879,8,1.2242215999867767,6000
mk09,speed,0.15,power,DABC,2003,0.8219895986832602,0.2357736662169245,352,9482.074886319057,377,9823.64570754112,7,1.2095600999891758,6000
mk09,speed,0.15,power,DABC,2004,0.8110090665658544,0.2548059452429484,338,9553.017162235392,386,9832.21884369885,11,1.2035243001300842,6000
mk09,speed,0.15,power,DABC,2005,0.8093162505568335,0.3166535683689663,354,9409.36740421798,396,9952.686913962496,15,1.196133399847895,6000
mk09,speed,0.15,power,DABC,2006,0.7929179148209903,0.27213437152924996,348,9546.28865613939,391,9850.541106268298,10,1.2416940999682993,6000
mk09,speed,0.15,power,DABC,2007,0.805668196282426,0.2953207897694932,341,9458.080477310032,398,9875.12985069829,7,1.1700872001238167,6000
mk09,speed,0.15,power,DABC,2008,0.8494718123624165,0.24389169699767949,335,9509.673419776293,386,9809.928968922495,4,1.1962941999081522,6000
mk09,speed,0.15,power,DABC,2009,0.8210304073327221,0.2548933458639259,344,9512.754496464211,384,9841.136551726644,10,1.2222080999054015,6000
mk09,speed,0.15,power,EAMS-ABC,2000,1.049686734741462,0.04304732570079384,340,9348.495367778203,354,9389.775854722306,11,1.3874071000609547,6000
mk09,speed,0.15,power,EAMS-ABC,2001,1.0268478835439867,0.051045436652427494,346,9357.425193362425,346,9481.342954687047,4,1.476233100052923,6000
mk09,speed,0.15,power,EAMS-ABC,2002,1.0672398198264574,0.06754662427392792,340,9280.243898470626,359,9473.291396089782,18,1.4958715999964625,6000
mk09,speed,0.15,power,EAMS-ABC,2003,1.0289386526101505,0.061604859652770516,335,9409.722341773444,346,9508.092891407083,14,1.687429300043732,6000
mk09,speed,0.15,power,EAMS-ABC,2004,1.0300003788404541,0.06522956754779564,331,9420.21113928486,361,9437.74844417666,13,1.5270408999640495,6000
mk09,speed,0.15,power,EAMS-ABC,2005,1.0537960430568236,0.07069422517071358,332,9364.518054858252,367,9413.84667245672,16,1.474423199892044,6000
mk09,speed,0.15,power,EAMS-ABC,2006,0.9849455415819441,0.1116867541101077,343,9425.264953414133,380,9441.573149157579,15,1.6029570999089628,6000
mk09,speed,0.15,power,EAMS-ABC,2007,1.0452891027882534,0.0869367613549419,335,9351.305739478592,382,9397.44552464586,14,1.748966399813071,6000
mk09,speed,0.15,power,EAMS-ABC,2008,1.0581701839690802,0.06388494504198299,333,9352.018542804672,359,9474.972527783795,12,1.7223163000307977,6000
mk09,speed,0.15,power,EAMS-ABC,2009,1.0480331902361473,0.04072475579025843,345,9323.085547055613,351,9391.732661760132,6,1.4314961000345647,6000
mk09,speed,0.15,power,MA-NSGA-II,2000,0.9782802080370628,0.07540548476860472,340,9490.020926437615,357,9503.269689085717,10,1.3544715999159962,6000
mk09,speed,0.15,power,MA-NSGA-II,2001,1.016225478330461,0.0636276972020493,342,9398.251109031658,357,9444.333406379124,14,1.4208905999548733,6000
mk09,speed,0.15,power,MA-NSGA-II,2002,1.0406695427556942,0.0629170812029866,336,9378.543069206356,357,9480.234865548773,17,1.494270599912852,6000
mk09,speed,0.15,power,MA-NSGA-II,2003,1.0950819121461792,0.05838717152645685,334,9257.97436477788,352,9492.320021623498,17,1.3789957000408322,6000
mk09,speed,0.15,power,MA-NSGA-II,2004,1.09448576677414,0.05277613186897622,327,9311.85387780644,354,9489.773275916994,20,1.437997000059113,6000
mk09,speed,0.15,power,MA-NSGA-II,2005,1.054180248294247,0.05090678595874641,326,9421.046239297786,355,9489.582924938544,13,1.310402899980545,6000
mk09,speed,0.15,power,MA-NSGA-II,2006,0.952306073572532,0.09693460353712989,337,9553.070201372338,349,9579.697544036608,12,1.4149357001297176,6000
mk09,speed,0.15,power,MA-NSGA-II,2007,1.050935642623586,0.06851684942875269,341,9317.769915374747,363,9464.826050540638,21,1.419250699924305,6000
mk09,speed,0.15,power,MA-NSGA-II,2008,1.0672598758199754,0.038031154809925256,336,9337.22399691911,347,9459.471019179822,12,1.4040400998201221,6000
mk09,speed,0.15,power,MA-NSGA-II,2009,1.0283184490518729,0.06841627265383839,332,9426.617745984979,341,9586.361134197683,14,1.4338472001254559,6000
mk09,speed,0.15,power,MOEA-D,2000,0.9997045604787189,0.05947542398507684,335,9482.559518575834,343,9492.696720110569,6,2.013721900060773,6000
mk09,speed,0.15,power,MOEA-D,2001,1.0177126017307208,0.045240171670029555,339,9426.139849812642,343,9432.506778682631,6,2.138346099993214,6000
mk09,speed,0.15,power,MOEA-D,2002,0.9998897471809494,0.05906537656055339,335,9483.34403394724,345,9505.318735312967,7,1.9335288000293076,6000
mk09,speed,0.15,power,MOEA-D,2003,1.0651419134678808,0.04476496929826575,326,9396.848617463664,344,9515.106370305384,15,2.104116099886596,6000
mk09,speed,0.15,power,MOEA-D,2004,0.996449833589391,0.08529116406675388,314,9605.899022453908,334,9613.863710347365,11,2.0841271998360753,6000
mk09,speed,0.15,power,MOEA-D,2005,0.9904106518480206,0.06651542428159485,335,9500.014371313539,339,9552.550667202737,6,2.1799432998523116,6000
mk09,speed,0.15,power,MOEA-D,2006,1.0214146302698117,0.06037153255774327,330,9465.346190769258,334,9576.018759423825,12,2.1386988000012934,6000
mk09,speed,0.15,power,MOEA-D,2007,1.070288081538159,0.030196577055849997,321,9428.647852795486,337,9459.559068484392,9,2.1218046001158655,6000
mk09,speed,0.15,power,MOEA-D,2008,1.0195380199611026,0.05296090838279054,325,9506.689353602844,331,9544.894196431145,6,1.9237220999784768,6000
mk09,speed,0.15,power,MOEA-D,2009,1.024694168218102,0.04746343307006635,337,9421.368041337977,348,9443.686902482843,8,2.096732100006193,6000
mk09,speed,0.15,power,NSGA-II,2000,1.039482781496345,0.038609664849135715,336,9400.034366555728,345,9442.543147685688,8,1.2179592000320554,6000
mk09,speed,0.15,power,NSGA-II,2001,1.057466693420827,0.04896147712580434,339,9332.407263722633,350,9500.340008346297,13,1.0700447000563145,6000
mk09,speed,0.15,power,NSGA-II,2002,1.0748416506447305,0.0368463515311634,330,9354.632732544505,346,9441.538474545938,16,1.1604092000052333,6000
mk09,speed,0.15,power,NSGA-II,2003,1.0708222104063128,0.0337265380507694,341,9302.244149767661,357,9305.94569572021,10,1.1479931001085788,6000
mk09,speed,0.15,power,NSGA-II,2004,1.0669530832645284,0.023767335173970346,333,9367.993514634934,347,9373.049198383216,9,1.2273333000484854,6000
mk09,speed,0.15,power,NSGA-II,2005,1.0784426849672901,0.05211325699973889,344,9250.228967237003,360,9378.668409123627,18,1.051426300080493,6000
mk09,speed,0.15,power,NSGA-II,2006,1.062898340412329,0.04294769875726277,338,9330.629139593304,354,9415.733665126285,18,1.100269100163132,6000
mk09,speed,0.15,power,NSGA-II,2007,1.0734121058809336,0.06532449012233607,319,9403.101812261544,352,9556.054308506944,18,1.0209098998457193,6000
mk09,speed,0.15,power,NSGA-II,2008,1.0792209409519318,0.036620884789348745,327,9366.047311419092,354,9430.716610991505,11,1.1728562999051064,6000
mk09,speed,0.15,power,NSGA-II,2009,1.1127901137601848,0.022860188491802196,338,9233.305742792685,346,9370.182024140704,14,1.0586676001548767,6000
mk10,speed,0.15,power,DABC,2000,0.6553132662294334,0.368442551946978,279,3897.086001501845,289,3930.9158133580227,7,1.182657399913296,6000
mk10,speed,0.15,power,DABC,2001,0.721692917180267,0.42167348723364956,265,3899.468001602599,295,3901.2007518883165,4,1.1372058000415564,6000
mk10,speed,0.15,power,DABC,2002,0.7486033676688016,0.2843821282594534,270,3888.5267292901194,281,3937.569977129009,9,0.8449405999854207,6000
mk10,speed,0.15,power,DABC,2003,0.6614042262120428,0.3502294781782999,281,3906.4524395060275,286,3978.4866559156867,5,0.8680380000732839,6000
mk10,speed,0.15,power,DABC,2004,0.7842931225317658,0.2188573484115211,275,3890.813695008721,275,3925.8395186887615,2,0.8403912000358105,6000
mk10,speed,0.15,power,DABC,2005,0.8524518633420892,0.16855535729525808,267,3913.654834289952,267,3962.584306021832,10,1.0335106998682022,6000
mk10,speed,0.15,power,DABC,2006,0.6830726105026719,0.3643511976351543,274,3897.2140487865463,288,3957.6088493704956,9,1.0214059001300484,6000
mk10,speed,0.15,power,DABC,2007,0.7914716387390924,0.21435551283985566,274,3902.277361356922,275,3918.5556978905206,5,1.2119282998610288,6000
mk10,speed,0.15,power,DABC,2008,0.7707673132749884,0.29889983642237417,263,3904.6425839266713,283,3910.832683960446,5,0.9887967000249773,6000
mk10,speed,0.15,power,DABC,2009,0.6006772836057503,0.4350442869851971,279,3903.4380665694025,295,3935.5382893094684,10,1.2391747999936342,6000
mk10,speed,0.15,power,EAMS-ABC,2000,1.0839050509590402,0.04566436045223328,252,3860.107188547132,257,3894.5828011217286,9,1.5744672000873834,6000
mk10,speed,0.15,power,EAMS-ABC,2001,1.0543090557386356,0.046165586085271375,256,3847.0019681142153,256,3893.981284955174,7,1.4855957000982016,6000
mk10,speed,0.15,power,EAMS-ABC,2002,1.0990307946842557,0.04845919597738928,250,3866.4845589158767,251,3914.093486142555,10,1.081234300043434,6000
mk10,speed,0.15,power,EAMS-ABC,2003,0.9816978504617998,0.08210406795865159,262,3847.529559600356,262,3886.181104359052,6,1.246834099991247,6000
mk10,speed,0.15,power,EAMS-ABC,2004,1.0954103480563624,0.06708678875591764,249,3872.2211103712466,257,3911.8895376079686,11,1.2610042998567224,6000
mk10,speed,0.15,power,EAMS-ABC,2005,1.0468116850227622,0.05491930582167006,255,3864.551992164965,258,3881.4141340016477,10,1.5511385998688638,6000
mk10,speed,0.15,power,EAMS-ABC,2006,1.0185605473094457,0.094235108633065,256,3867.7393294212534,256,3989.77969696208,9,1.3644405999220908,6000
mk10,speed,0.15,power,EAMS-ABC,2007,1.053909225529637,0.03769896504502539,256,3850.0630652912514,256,3870.292643498861,4,1.369076499948278,6000
mk10,speed,0.15,power,EAMS-ABC,2008,0.9097960776488526,0.13150523146286178,266,3873.4451502620045,266,3924.645414309946,7,1.3760738000273705,6000
mk10,speed,0.15,power,EAMS-ABC,2009,0.9885327209874903,0.07619750046134215,261,3851.3813216194108,261,3877.2795323479995,10,1.4134978000074625,6000
mk10,speed,0.15,power,MA-NSGA-II,2000,1.090105498459804,0.03657965882691679,251,3870.3610034205253,254,3901.5559080506305,7,1.26257020002231,6000
mk10,speed,0.15,power,MA-NSGA-II,2001,0.9781986483635584,0.08743831227557093,262,3850.653244197961,262,3885.6084058758142,10,1.0021653000731021,6000
mk10,speed,0.15,power,MA-NSGA-II,2002,1.0303435516577493,0.06651022456857018,256,3868.2896953324985,257,3918.211424776512,7,1.1311037000268698,6000
mk10,speed,0.15,power,MA-NSGA-II,2003,0.9533799765805085,0.13490502094843368,262,3864.579247741407,262,3980.6881161707242,8,1.254624699940905,6000
mk10,speed,0.15,power,MA-NSGA-II,2004,1.0271080190736217,0.0729433155709827,256,3868.2067903872294,256,3924.230102119291,9,1.220723700011149,6000
mk10,speed,0.15,power,MA-NSGA-II,2005,1.0620100505018646,0.0455718549706293,255,3849.8574410582883,257,3886.0769078148187,10,1.3129616000223905,6000
mk10,speed,0.15,power,MA-NSGA-II,2006,1.0709160542521736,0.0759741264039139,252,3863.4842926686674,255,3962.5606478671475,14,1.3209183998405933,6000
mk10,speed,0.15,power,MA-NSGA-II,2007,1.0232915901449433,0.11399794695506182,254,3878.060609471997,258,4012.8466803382235,11,1.2583061000332236,6000
mk10,speed,0.15,power,MA-NSGA-II,2008,1.0352954859481147,0.06839433724773766,257,3849.0999120962892,258,3916.9649914064794,10,1.2926311998162419,6000
mk10,speed,0.15,power,MA-NSGA-II,2009,0.9842618936005912,0.08547707249352988,261,3853.7341805929977,262,3888.972185416268,10,1.2259720000438392,6000
mk10,speed,0.15,power,MOEA-D,2000,1.0427408844205668,0.07221810993787324,253,3888.534716305615,254,3942.573257022178,6,1.7163680999074131,6000
mk10,speed,0.15,power,MOEA-D,2001,1.0444945131091192,0.1289377328123546,249,3905.5832648862524,259,4027.998803067361,12,1.621930900029838,6000
mk10,speed,0.15,power,MOEA-D,2002,1.0171917230873684,0.08837240972406794,256,3876.32619879532,261,3929.2702664452595,8,1.4762267998885363,6000
mk10,speed,0.15,power,MOEA-D,2003,1.090860296127085,0.03655952759831518,253,3843.9878836665375,255,3909.330025957522,7,1.5337197000626475,6000
mk10,speed,0.15,power,MOEA-D,2004,1.1402027329911928,0.03583490922343755,245,3885.5885097954597,247,3927.0087165357313,8,1.6941045999992639,6000
mk10,speed,0.15,power,MOEA-D,2005,1.0286453612330684,0.058052461497974404,254,3898.2558797068127,254,3909.95880619631,2,1.9163116000127047,6000
mk10,speed,0.15,power,MOEA-D,2006,1.0522233627460356,0.040163224288381434,255,3863.444949438375,255,3879.3575751293165,2,1.8792878999374807,6000
mk10,speed,0.15,power,MOEA-D,2007,1.0602862622241922,0.0549420020909147,254,3860.0306188684012,255,3901.2234381229246,9,1.8249343999195844,6000
mk10,speed,0.15,power,MOEA-D,2008,1.0676930590290332,0.06077343217946143,251,3887.7913283708226,251,3930.4230029258333,7,1.832878400105983,6000
mk10,speed,0.15,power,MOEA-D,2009,1.0176618514289217,0.09785037311680118,254,3897.962971181972,255,4000.361817650753,11,1.7108793000224978,6000
mk10,speed,0.15,power,NSGA-II,2000,0.9998607520844139,0.06934801574866946,261,3842.2305411999864,261,3875.3955873893847,4,0.8088100000750273,6000
mk10,speed,0.15,power,NSGA-II,2001,0.9783294112466364,0.11147979754253415,260,3865.965374600244,264,3914.3634504866313,9,0.8675077999942005,6000
mk10,speed,0.15,power,NSGA-II,2002,1.045215663875334,0.05414185426822774,256,3855.301041286693,257,3902.4964249415575,9,0.7657395000569522,6000
mk10,speed,0.15,power,NSGA-II,2003,1.0494899164485039,0.040291871459448035,256,3854.3125019801787,256,3874.676530897251,6,0.846913400106132,6000
mk10,speed,0.15,power,NSGA-II,2004,1.109029841380105,0.04224294066153746,252,3831.2497736543605,252,3962.297788987874,10,1.1297645000740886,6000
mk10,speed,0.15,power,NSGA-II,2005,1.0931439269050893,0.02835646926521698,252,3857.0029698471308,252,3875.6670085293986,5,1.0183776000048965,6000
mk10,speed,0.15,power,NSGA-II,2006,1.074695394418319,0.04506361791864685,254,3848.316606520626,254,3943.313024461801,10,1.0047468000557274,6000
mk10,speed,0.15,power,NSGA-II,2007,1.0688534888619052,0.06297458932371583,254,3848.060293470158,254,3934.0658758915315,12,0.8735603000968695,6000
mk10,speed,0.15,power,NSGA-II,2008,1.1567555052862497,0.00954663432403364,248,3837.5359903424924,252,3878.961731233371,10,1.0440458001103252,6000
mk10,speed,0.15,power,NSGA-II,2009,1.0655999308497253,0.039822553652886575,256,3835.5545661591236,256,3880.674416616959,7,1.1563154000323266,6000
